uid,fecha_inicio,fecha_fin,evento,categoria,campeonato,tipo,prioridad,ubicacion,descripcion
f1calendar-fe-2026-1@motorsport-calendar-FP2,20251206T101000Z,20251206T104000Z,Free Practice 2,Otros,Otros,Entrenamiento,Normal,"Sao Paulo ePrix\, Brazil",Reminder
f1calendar-fe-2026-1@motorsport-calendar-QUALIFYING,20251206T124000Z,20251206T134000Z,Qualifying,Otros,Otros,Clasificación,Normal,"Sao Paulo ePrix\, Brazil",Reminder
f1calendar-fe-2026-1@motorsport-calendar-RACE,20251206T170500Z,20251206T175000Z,Race,Otros,Otros,Carrera,Normal,"Sao Paulo ePrix\, Brazil",Reminder
f1calendar-fe-2026-2@motorsport-calendar-FP1,20260109T220000Z,20260109T223000Z,Free Practice 1,Otros,Otros,Entrenamiento,Normal,"Mexico City ePrix\, Mexico",Reminder
f1calendar-fe-2026-2@motorsport-calendar-FP2,20260110T133000Z,20260110T140000Z,Free Practice 2,Otros,Otros,Entrenamiento,Normal,"Mexico City ePrix\, Mexico",Reminder
f1calendar-fe-2026-2@motorsport-calendar-QUALIFYING,20260110T154000Z,20260110T164000Z,Qualifying,Otros,Otros,Clasificación,Normal,"Mexico City ePrix\, Mexico",Reminder
f1calendar-fe-2026-2@motorsport-calendar-RACE,20260110T200500Z,20260110T205000Z,Race,Otros,Otros,Carrera,Normal,"Mexico City ePrix\, Mexico",Reminder
f1calendar-fe-2026-3@motorsport-calendar-FP1,20260130T220000Z,20260130T223000Z,Free Practice 1,Otros,Otros,Entrenamiento,Normal,"Miami ePrix\, USA",Reminder
f1calendar-fe-2026-3@motorsport-calendar-FP2,20260131T123000Z,20260131T130000Z,Free Practice 2,Otros,Otros,Entrenamiento,Normal,"Miami ePrix\, USA",Reminder
f1calendar-fe-2026-3@motorsport-calendar-QUALIFYING,20260131T144000Z,20260131T154000Z,Qualifying,Otros,Otros,Clasificación,Normal,"Miami ePrix\, USA",Reminder
f1calendar-fe-2026-3@motorsport-calendar-RACE,20260131T190500Z,20260131T195000Z,Race,Otros,Otros,Carrera,Normal,"Miami ePrix\, USA",Reminder
openf1-meeting-1304@motorsport-calendar-FREE_PRACTICE,20260211T070000Z,20260211T160000Z,Day 1,Otros,Otros,Evento,Normal,"Sakhir\, Bahrain",Reminder
openf1-meeting-1304@motorsport-calendar-FREE_PRACTICE,20260212T070000Z,20260212T160000Z,Day 2,Otros,Otros,Evento,Normal,"Sakhir\, Bahrain",Reminder
openf1-meeting-1304@motorsport-calendar-FREE_PRACTICE,20260213T070000Z,20260213T160000Z,Day 3,Otros,Otros,Evento,Normal,"Sakhir\, Bahrain",Reminder
f1calendar-fe-2026-4@motorsport-calendar-FP1,20260212T170000Z,20260212T173000Z,Free Practice 1,Otros,Otros,Entrenamiento,Normal,"Jeddah ePrix\, Saudi Arabia",Reminder
f1calendar-fe-2026-4@motorsport-calendar-FP2,20260213T103000Z,20260213T110000Z,Free Practice 2,Otros,Otros,Entrenamiento,Normal,"Jeddah ePrix\, Saudi Arabia",Reminder
f1calendar-fe-2026-4@motorsport-calendar-QUALIFYING,20260213T124000Z,20260213T134000Z,Qualifying,Otros,Otros,Clasificación,Normal,"Jeddah ePrix\, Saudi Arabia",Reminder
f1calendar-fe-2026-4@motorsport-calendar-RACE,20260213T170500Z,20260213T175000Z,Race,Otros,Otros,Carrera,Normal,"Jeddah ePrix\, Saudi Arabia",Reminder
igtc-2026-bathurst-12-hour@motorsport-calendar-FP1,20260212T224500Z,20260212T234500Z,Free Practice 1,Otros,Otros,Entrenamiento,Normal,"Mount Panorama Circuit\, Australia",Reminder
igtc-2026-bathurst-12-hour@motorsport-calendar-FP2,20260213T010000Z,20260213T020000Z,Free Practice 2 (Bronze Drivers),Otros,Otros,Entrenamiento,Normal,"Mount Panorama Circuit\, Australia",Reminder
igtc-2026-bathurst-12-hour@motorsport-calendar-FP3,20260213T041000Z,20260214T010500Z,Free Practice 3,Otros,Otros,Entrenamiento,Normal,"Mount Panorama Circuit\, Australia",Reminder
igtc-2026-bathurst-12-hour@motorsport-calendar-QUALIFYING,20260214T030500Z,20260214T071500Z,Qualifying,Otros,Otros,Clasificación,Normal,"Mount Panorama Circuit\, Australia",Reminder
igtc-2026-bathurst-12-hour@motorsport-calendar-RACE,20260214T194500Z,20260215T074500Z,Race,Otros,Otros,Carrera,Normal,"Mount Panorama Circuit\, Australia",Reminder
f1calendar-fe-2026-5@motorsport-calendar-FP3,20260214T103000Z,20260214T110000Z,Free Practice 3,Otros,Otros,Entrenamiento,Normal,"Jeddah ePrix\, Saudi Arabia",Reminder
f1calendar-fe-2026-5@motorsport-calendar-QUALIFYING,20260214T124000Z,20260214T134000Z,Qualifying,Otros,Otros,Clasificación,Normal,"Jeddah ePrix\, Saudi Arabia",Reminder
f1calendar-fe-2026-5@motorsport-calendar-RACE,20260214T170500Z,20260214T175000Z,Race,Otros,Otros,Carrera,Normal,"Jeddah ePrix\, Saudi Arabia",Reminder
openf1-meeting-1305@motorsport-calendar-FREE_PRACTICE,20260218T070000Z,20260218T160000Z,Day 1,Otros,Otros,Evento,Normal,"Sakhir\, Bahrain",Reminder
openf1-meeting-1305@motorsport-calendar-FREE_PRACTICE,20260219T070000Z,20260219T160000Z,Day 2,Otros,Otros,Evento,Normal,"Sakhir\, Bahrain",Reminder
openf1-meeting-1305@motorsport-calendar-FREE_PRACTICE,20260220T070000Z,20260220T160000Z,Day 3,Otros,Otros,Evento,Normal,"Sakhir\, Bahrain",Reminder
moto3-2026-364a0bd9-d3c2-4ab3-a4cd-211ff469953e@motorsport-calendar-FP1,20260227T020000Z,20260227T023500Z,Free Practice Nr. 1,Otros,Otros,Entrenamiento,Normal,"Chang International Circuit\, Thailand",Reminder
moto3-2026-364a0bd9-d3c2-4ab3-a4cd-211ff469953e@motorsport-calendar-FP2,20260227T061500Z,20260227T065000Z,Practice,Otros,Otros,Entrenamiento,Normal,"Chang International Circuit\, Thailand",Reminder
moto3-2026-364a0bd9-d3c2-4ab3-a4cd-211ff469953e@motorsport-calendar-FP3,20260228T014000Z,20260228T021000Z,Free Practice Nr. 2,Otros,Otros,Entrenamiento,Normal,"Chang International Circuit\, Thailand",Reminder
moto3-2026-364a0bd9-d3c2-4ab3-a4cd-211ff469953e@motorsport-calendar-QUALIFYING,20260228T054500Z,20260228T062500Z,Qualifying,Otros,Otros,Clasificación,Normal,"Chang International Circuit\, Thailand",Reminder
moto3-2026-364a0bd9-d3c2-4ab3-a4cd-211ff469953e@motorsport-calendar-RACE,20260301T050000Z,20260301T053500Z,Race,Otros,Otros,Carrera,Normal,"Chang International Circuit\, Thailand",Reminder
moto2-2026-364a0bd9-d3c2-4ab3-a4cd-211ff469953e@motorsport-calendar-FP1,20260227T025000Z,20260227T033000Z,Free Practice Nr. 1,Otros,Otros,Entrenamiento,Normal,"Chang International Circuit\, Thailand",Reminder
moto2-2026-364a0bd9-d3c2-4ab3-a4cd-211ff469953e@motorsport-calendar-FP2,20260227T070500Z,20260227T074500Z,Practice,Otros,Otros,Entrenamiento,Normal,"Chang International Circuit\, Thailand",Reminder
moto2-2026-364a0bd9-d3c2-4ab3-a4cd-211ff469953e@motorsport-calendar-FP3,20260228T022500Z,20260228T025500Z,Free Practice Nr. 2,Otros,Otros,Entrenamiento,Normal,"Chang International Circuit\, Thailand",Reminder
moto2-2026-364a0bd9-d3c2-4ab3-a4cd-211ff469953e@motorsport-calendar-QUALIFYING,20260228T064000Z,20260228T072000Z,Qualifying,Otros,Otros,Clasificación,Normal,"Chang International Circuit\, Thailand",Reminder
moto2-2026-364a0bd9-d3c2-4ab3-a4cd-211ff469953e@motorsport-calendar-RACE,20260301T061500Z,20260301T065500Z,Race,Otros,Otros,Carrera,Normal,"Chang International Circuit\, Thailand",Reminder
motogp-2026-364a0bd9-d3c2-4ab3-a4cd-211ff469953e@motorsport-calendar-FP1,20260227T034500Z,20260227T043000Z,Free Practice Nr. 1,Otros,Otros,Entrenamiento,Normal,"Chang International Circuit\, Thailand",Reminder
motogp-2026-364a0bd9-d3c2-4ab3-a4cd-211ff469953e@motorsport-calendar-FP2,20260227T080000Z,20260227T090000Z,Practice,Otros,Otros,Entrenamiento,Normal,"Chang International Circuit\, Thailand",Reminder
motogp-2026-364a0bd9-d3c2-4ab3-a4cd-211ff469953e@motorsport-calendar-FP3,20260228T031000Z,20260228T034000Z,Free Practice Nr. 2,Otros,Otros,Entrenamiento,Normal,"Chang International Circuit\, Thailand",Reminder
motogp-2026-364a0bd9-d3c2-4ab3-a4cd-211ff469953e@motorsport-calendar-QUALIFYING,20260228T035000Z,20260228T043000Z,Qualifying,Otros,Otros,Clasificación,Normal,"Chang International Circuit\, Thailand",Reminder
motogp-2026-364a0bd9-d3c2-4ab3-a4cd-211ff469953e@motorsport-calendar-SPRINT,20260228T080000Z,20260228T083000Z,Tissot Sprint,Otros,Otros,Sprint,Normal,"Chang International Circuit\, Thailand",Reminder
motogp-2026-364a0bd9-d3c2-4ab3-a4cd-211ff469953e@motorsport-calendar-RACE,20260301T080000Z,20260301T084500Z,Grand Prix,Fórmula,F1,Carrera,Normal,"Chang International Circuit\, Thailand",Reminder
f1calendar-f3-2026-1@motorsport-calendar-FP1,20260305T215000Z,20260305T223500Z,Free Practice,Otros,Otros,Entrenamiento,Normal,"Australian\, Australia",Reminder
f1calendar-f3-2026-1@motorsport-calendar-QUALIFYING,20260306T030000Z,20260306T033000Z,Qualifying,Otros,Otros,Clasificación,Normal,"Australian\, Australia",Reminder
f1calendar-f3-2026-1@motorsport-calendar-SPRINT,20260307T001500Z,20260307T004500Z,Sprint Race,Otros,Otros,Carrera,Normal,"Australian\, Australia",Reminder
f1calendar-f3-2026-1@motorsport-calendar-RACE,20260307T215000Z,20260307T223000Z,Feature Race,Otros,Otros,Carrera,Normal,"Australian\, Australia",Reminder
f1calendar-f2-2026-1@motorsport-calendar-FP1,20260305T230000Z,20260305T234500Z,Free Practice,Otros,Otros,Entrenamiento,Normal,"Australian\, Unknown",Reminder
f1calendar-f2-2026-1@motorsport-calendar-QUALIFYING,20260306T035500Z,20260306T042500Z,Qualifying,Otros,Otros,Clasificación,Normal,"Australian\, Unknown",Reminder
f1calendar-f2-2026-1@motorsport-calendar-SPRINT,20260307T033000Z,20260307T041500Z,Sprint Race,Otros,Otros,Carrera,Normal,"Australian\, Unknown",Reminder
f1calendar-f2-2026-1@motorsport-calendar-RACE,20260308T002500Z,20260308T013000Z,Feature Race,Otros,Otros,Carrera,Normal,"Australian\, Unknown",Reminder
openf1-meeting-1279@motorsport-calendar-FP1,20260306T013000Z,20260306T023000Z,Practice 1,Otros,Otros,Entrenamiento,Normal,"Melbourne\, Australia",Reminder
openf1-meeting-1279@motorsport-calendar-FP2,20260306T050000Z,20260306T060000Z,Practice 2,Otros,Otros,Entrenamiento,Normal,"Melbourne\, Australia",Reminder
openf1-meeting-1279@motorsport-calendar-FP3,20260307T013000Z,20260307T023000Z,Practice 3,Otros,Otros,Entrenamiento,Normal,"Melbourne\, Australia",Reminder
openf1-meeting-1279@motorsport-calendar-QUALIFYING,20260307T050000Z,20260307T060000Z,Qualifying,Otros,Otros,Clasificación,Normal,"Melbourne\, Australia",Reminder
openf1-meeting-1279@motorsport-calendar-RACE,20260308T040000Z,20260308T060000Z,Race,Otros,Otros,Carrera,Normal,"Melbourne\, Australia",Reminder
f1calendar-f1-academy-2026-1@motorsport-calendar-FP1,20260313T011000Z,20260313T015500Z,Free Practice 1,Otros,Otros,Entrenamiento,Normal,"Chinese\, China",Reminder
f1calendar-f1-academy-2026-1@motorsport-calendar-QUALIFYING,20260313T061000Z,20260313T064000Z,Qualifying 1,Otros,Otros,Clasificación,Normal,"Chinese\, China",Reminder
f1calendar-f1-academy-2026-1@motorsport-calendar-SPRINT,20260314T054500Z,20260314T061500Z,Race 1,Otros,Otros,Carrera,Normal,"Chinese\, China",Reminder
f1calendar-f1-academy-2026-1@motorsport-calendar-FP3,20260315T024000Z,20260315T031000Z,Race 2,Otros,Otros,Carrera,Normal,"Chinese\, China",Reminder
openf1-meeting-1280@motorsport-calendar-FP1,20260313T033000Z,20260313T043000Z,Practice 1,Otros,Otros,Entrenamiento,Normal,"Shanghai\, China",Reminder
openf1-meeting-1280@motorsport-calendar-SPRINT_QUALIFYING,20260313T073000Z,20260313T081400Z,Sprint Qualifying,Otros,Otros,Clasificación,Normal,"Shanghai\, China",Reminder
openf1-meeting-1280@motorsport-calendar-SPRINT,20260314T030000Z,20260314T040000Z,Sprint,Otros,Otros,Sprint,Normal,"Shanghai\, China",Reminder
openf1-meeting-1280@motorsport-calendar-QUALIFYING,20260314T070000Z,20260314T080000Z,Qualifying,Otros,Otros,Clasificación,Normal,"Shanghai\, China",Reminder
openf1-meeting-1280@motorsport-calendar-RACE,20260315T070000Z,20260315T090000Z,Race,Otros,Otros,Carrera,Normal,"Shanghai\, China",Reminder
moto3-2026-11588b5a-f76c-4c8e-ae06-acba82ff1303@motorsport-calendar-FP1,20260320T130000Z,20260320T134500Z,Free Practice Nr. 1,Otros,Otros,Entrenamiento,Normal,"Autódromo Internacional de Goiânia – Ayrton Senna\, Brazil",Reminder
moto3-2026-11588b5a-f76c-4c8e-ae06-acba82ff1303@motorsport-calendar-FP2,20260320T171500Z,20260320T175000Z,Practice,Otros,Otros,Entrenamiento,Normal,"Autódromo Internacional de Goiânia – Ayrton Senna\, Brazil",Reminder
moto3-2026-11588b5a-f76c-4c8e-ae06-acba82ff1303@motorsport-calendar-FP3,20260321T114000Z,20260321T121000Z,Free Practice Nr. 2,Otros,Otros,Entrenamiento,Normal,"Autódromo Internacional de Goiânia – Ayrton Senna\, Brazil",Reminder
moto3-2026-11588b5a-f76c-4c8e-ae06-acba82ff1303@motorsport-calendar-QUALIFYING,20260321T201000Z,20260321T205000Z,Qualifying,Otros,Otros,Clasificación,Normal,"Autódromo Internacional de Goiânia – Ayrton Senna\, Brazil",Reminder
moto3-2026-11588b5a-f76c-4c8e-ae06-acba82ff1303@motorsport-calendar-RACE,20260322T153000Z,20260322T160500Z,Race,Otros,Otros,Carrera,Normal,"Autódromo Internacional de Goiânia – Ayrton Senna\, Brazil",Reminder
moto2-2026-11588b5a-f76c-4c8e-ae06-acba82ff1303@motorsport-calendar-FP1,20260320T140000Z,20260320T145000Z,Free Practice Nr. 1,Otros,Otros,Entrenamiento,Normal,"Autódromo Internacional de Goiânia – Ayrton Senna\, Brazil",Reminder
moto2-2026-11588b5a-f76c-4c8e-ae06-acba82ff1303@motorsport-calendar-FP2,20260320T180500Z,20260320T184500Z,Practice,Otros,Otros,Entrenamiento,Normal,"Autódromo Internacional de Goiânia – Ayrton Senna\, Brazil",Reminder
moto2-2026-11588b5a-f76c-4c8e-ae06-acba82ff1303@motorsport-calendar-FP3,20260321T122500Z,20260321T125500Z,Free Practice Nr. 2,Otros,Otros,Entrenamiento,Normal,"Autódromo Internacional de Goiânia – Ayrton Senna\, Brazil",Reminder
moto2-2026-11588b5a-f76c-4c8e-ae06-acba82ff1303@motorsport-calendar-QUALIFYING,20260322T124000Z,20260322T132000Z,Qualifying,Otros,Otros,Clasificación,Normal,"Autódromo Internacional de Goiânia – Ayrton Senna\, Brazil",Reminder
moto2-2026-11588b5a-f76c-4c8e-ae06-acba82ff1303@motorsport-calendar-RACE,20260322T162500Z,20260322T170500Z,Race,Otros,Otros,Carrera,Normal,"Autódromo Internacional de Goiânia – Ayrton Senna\, Brazil",Reminder
motogp-2026-11588b5a-f76c-4c8e-ae06-acba82ff1303@motorsport-calendar-FP1,20260320T150500Z,20260320T160500Z,Free Practice Nr. 1,Otros,Otros,Entrenamiento,Normal,"Autódromo Internacional de Goiânia – Ayrton Senna\, Brazil",Reminder
motogp-2026-11588b5a-f76c-4c8e-ae06-acba82ff1303@motorsport-calendar-FP2,20260320T190000Z,20260320T200000Z,Practice,Otros,Otros,Entrenamiento,Normal,"Autódromo Internacional de Goiânia – Ayrton Senna\, Brazil",Reminder
motogp-2026-11588b5a-f76c-4c8e-ae06-acba82ff1303@motorsport-calendar-FP3,20260321T131000Z,20260321T134000Z,Free Practice Nr. 2,Otros,Otros,Entrenamiento,Normal,"Autódromo Internacional de Goiânia – Ayrton Senna\, Brazil",Reminder
motogp-2026-11588b5a-f76c-4c8e-ae06-acba82ff1303@motorsport-calendar-QUALIFYING,20260321T135000Z,20260321T143000Z,Qualifying,Otros,Otros,Clasificación,Normal,"Autódromo Internacional de Goiânia – Ayrton Senna\, Brazil",Reminder
motogp-2026-11588b5a-f76c-4c8e-ae06-acba82ff1303@motorsport-calendar-SPRINT,20260321T192000Z,20260321T195000Z,Tissot Sprint,Otros,Otros,Sprint,Normal,"Autódromo Internacional de Goiânia – Ayrton Senna\, Brazil",Reminder
motogp-2026-11588b5a-f76c-4c8e-ae06-acba82ff1303@motorsport-calendar-RACE,20260322T180000Z,20260322T184500Z,Grand Prix,Fórmula,F1,Carrera,Normal,"Autódromo Internacional de Goiânia – Ayrton Senna\, Brazil",Reminder
f1calendar-fe-2026-6@motorsport-calendar-FP1,20260320T153000Z,20260320T160000Z,Free Practice 1,Otros,Otros,Entrenamiento,Normal,"Madrid ePrix\, Unknown",Reminder
f1calendar-fe-2026-6@motorsport-calendar-FP2,20260321T073000Z,20260321T080000Z,Free Practice 2,Otros,Otros,Entrenamiento,Normal,"Madrid ePrix\, Unknown",Reminder
f1calendar-fe-2026-6@motorsport-calendar-QUALIFYING,20260321T094000Z,20260321T104000Z,Qualifying,Otros,Otros,Clasificación,Normal,"Madrid ePrix\, Unknown",Reminder
f1calendar-fe-2026-6@motorsport-calendar-RACE,20260321T140500Z,20260321T145000Z,Race,Otros,Otros,Carrera,Normal,"Madrid ePrix\, Unknown",Reminder
openf1-meeting-1281@motorsport-calendar-FP1,20260327T023000Z,20260327T033000Z,Practice 1,Otros,Otros,Entrenamiento,Normal,"Suzuka\, Japan",Reminder
openf1-meeting-1281@motorsport-calendar-FP2,20260327T060000Z,20260327T070000Z,Practice 2,Otros,Otros,Entrenamiento,Normal,"Suzuka\, Japan",Reminder
openf1-meeting-1281@motorsport-calendar-FP3,20260328T023000Z,20260328T033000Z,Practice 3,Otros,Otros,Entrenamiento,Normal,"Suzuka\, Japan",Reminder
openf1-meeting-1281@motorsport-calendar-QUALIFYING,20260328T060000Z,20260328T070000Z,Qualifying,Otros,Otros,Clasificación,Normal,"Suzuka\, Japan",Reminder
openf1-meeting-1281@motorsport-calendar-RACE,20260329T050000Z,20260329T070000Z,Race,Otros,Otros,Carrera,Normal,"Suzuka\, Japan",Reminder
moto3-2026-8c83648e-8ec9-40f1-9ba0-b0f19883e7d7@motorsport-calendar-FP1,20260327T140000Z,20260327T143500Z,Free Practice Nr. 1,Otros,Otros,Entrenamiento,Normal,"Circuit Of The Americas\, United States",Reminder
moto3-2026-8c83648e-8ec9-40f1-9ba0-b0f19883e7d7@motorsport-calendar-FP2,20260327T181500Z,20260327T185000Z,Practice,Otros,Otros,Entrenamiento,Normal,"Circuit Of The Americas\, United States",Reminder
moto3-2026-8c83648e-8ec9-40f1-9ba0-b0f19883e7d7@motorsport-calendar-FP3,20260328T134000Z,20260328T141000Z,Free Practice Nr. 2,Otros,Otros,Entrenamiento,Normal,"Circuit Of The Americas\, United States",Reminder
moto3-2026-8c83648e-8ec9-40f1-9ba0-b0f19883e7d7@motorsport-calendar-QUALIFYING,20260328T174500Z,20260328T182500Z,Qualifying,Otros,Otros,Clasificación,Normal,"Circuit Of The Americas\, United States",Reminder
moto3-2026-8c83648e-8ec9-40f1-9ba0-b0f19883e7d7@motorsport-calendar-RACE,20260329T170000Z,20260329T173500Z,Race,Otros,Otros,Carrera,Normal,"Circuit Of The Americas\, United States",Reminder
moto2-2026-8c83648e-8ec9-40f1-9ba0-b0f19883e7d7@motorsport-calendar-FP1,20260327T145000Z,20260327T153000Z,Free Practice Nr. 1,Otros,Otros,Entrenamiento,Normal,"Circuit Of The Americas\, United States",Reminder
moto2-2026-8c83648e-8ec9-40f1-9ba0-b0f19883e7d7@motorsport-calendar-FP2,20260327T190500Z,20260327T194500Z,Practice,Otros,Otros,Entrenamiento,Normal,"Circuit Of The Americas\, United States",Reminder
moto2-2026-8c83648e-8ec9-40f1-9ba0-b0f19883e7d7@motorsport-calendar-FP3,20260328T142500Z,20260328T145500Z,Free Practice Nr. 2,Otros,Otros,Entrenamiento,Normal,"Circuit Of The Americas\, United States",Reminder
moto2-2026-8c83648e-8ec9-40f1-9ba0-b0f19883e7d7@motorsport-calendar-QUALIFYING,20260328T184000Z,20260328T193200Z,Qualifying,Otros,Otros,Clasificación,Normal,"Circuit Of The Americas\, United States",Reminder
moto2-2026-8c83648e-8ec9-40f1-9ba0-b0f19883e7d7@motorsport-calendar-RACE,20260329T181500Z,20260329T185500Z,Race,Otros,Otros,Carrera,Normal,"Circuit Of The Americas\, United States",Reminder
motogp-2026-8c83648e-8ec9-40f1-9ba0-b0f19883e7d7@motorsport-calendar-FP1,20260327T154500Z,20260327T163000Z,Free Practice Nr. 1,Otros,Otros,Entrenamiento,Normal,"Circuit Of The Americas\, United States",Reminder
motogp-2026-8c83648e-8ec9-40f1-9ba0-b0f19883e7d7@motorsport-calendar-FP2,20260327T200000Z,20260327T210000Z,Practice,Otros,Otros,Entrenamiento,Normal,"Circuit Of The Americas\, United States",Reminder
motogp-2026-8c83648e-8ec9-40f1-9ba0-b0f19883e7d7@motorsport-calendar-FP3,20260328T151000Z,20260328T154000Z,Free Practice Nr. 2,Otros,Otros,Entrenamiento,Normal,"Circuit Of The Americas\, United States",Reminder
motogp-2026-8c83648e-8ec9-40f1-9ba0-b0f19883e7d7@motorsport-calendar-QUALIFYING,20260328T155000Z,20260328T163000Z,Qualifying,Otros,Otros,Clasificación,Normal,"Circuit Of The Americas\, United States",Reminder
motogp-2026-8c83648e-8ec9-40f1-9ba0-b0f19883e7d7@motorsport-calendar-SPRINT,20260328T201000Z,20260328T204000Z,Tissot Sprint,Otros,Otros,Sprint,Normal,"Circuit Of The Americas\, United States",Reminder
motogp-2026-8c83648e-8ec9-40f1-9ba0-b0f19883e7d7@motorsport-calendar-RACE,20260329T200000Z,20260329T204500Z,Grand Prix,Fórmula,F1,Carrera,Normal,"Circuit Of The Americas\, United States",Reminder
gtwc-america-2026-sonoma-raceway@motorsport-calendar-FP1,20260327T230000Z,20260328T000000Z,Practice 1,Otros,Otros,Entrenamiento,Normal,"Sonoma Raceway\, United States of America",Reminder
gtwc-america-2026-sonoma-raceway@motorsport-calendar-FP2,20260328T180000Z,20260328T190000Z,Practice 2,Otros,Otros,Entrenamiento,Normal,"Sonoma Raceway\, United States of America",Reminder
gtwc-america-2026-sonoma-raceway@motorsport-calendar-FP3,20260328T211500Z,20260328T221500Z,Practice 3,Otros,Otros,Entrenamiento,Normal,"Sonoma Raceway\, United States of America",Reminder
gtwc-america-2026-sonoma-raceway@motorsport-calendar-QUALIFYING,20260329T155000Z,20260329T165000Z,Qualifying,Otros,Otros,Clasificación,Normal,"Sonoma Raceway\, United States of America",Reminder
gtwc-america-2026-sonoma-raceway@motorsport-calendar-RACE,20260329T204500Z,20260329T221500Z,Race,Otros,Otros,Carrera,Normal,"Sonoma Raceway\, United States of America",Reminder
gtwc-asia-2026-sepang@motorsport-calendar-FP1,20260403T030000Z,20260403T040000Z,Official Practice,Otros,Otros,Entrenamiento,Normal,"Sepang International Circuit\, Malaysia",Reminder
gtwc-asia-2026-sepang@motorsport-calendar-FP2,20260403T041000Z,20260403T051000Z,Bronze Session,Otros,Otros,Evento,Normal,"Sepang International Circuit\, Malaysia",Reminder
gtwc-asia-2026-sepang@motorsport-calendar-SPRINT_QUALIFYING,20260404T022500Z,20260404T034700Z,Qualifying,Otros,Otros,Clasificación,Normal,"Sepang International Circuit\, Malaysia",Reminder
gtwc-asia-2026-sepang@motorsport-calendar-SPRINT,20260404T061500Z,20260404T071500Z,Race 1,Otros,Otros,Carrera,Normal,"Sepang International Circuit\, Malaysia",Reminder
gtwc-asia-2026-sepang@motorsport-calendar-RACE,20260405T033000Z,20260405T050000Z,Race 2,Otros,Otros,Carrera,Normal,"Sepang International Circuit\, Malaysia",Reminder
mlmc-2026-1@motorsport-calendar-FP1,20260410T075000Z,20260410T090500Z,Free Practice 1,Otros,Otros,Entrenamiento,Normal,"Barcelona\, Spain",Reminder
mlmc-2026-1@motorsport-calendar-TEST,20260410T124000Z,20260410T132000Z,Bronze Driver Collective Test,Otros,Otros,Evento,Normal,"Barcelona\, Spain",Reminder
mlmc-2026-1@motorsport-calendar-FP2,20260410T153500Z,20260410T165000Z,Free Practice 2,Otros,Otros,Entrenamiento,Normal,"Barcelona\, Spain",Reminder
mlmc-2026-1@motorsport-calendar-QUALIFYING,20260411T103000Z,20260411T114500Z,Qualifying,Otros,Otros,Clasificación,Normal,"Barcelona\, Spain",Reminder
mlmc-2026-1@motorsport-calendar-RACE,20260411T162000Z,20260411T182000Z,Race,Otros,Otros,Carrera,Normal,"Barcelona\, Spain",Reminder
elms-2026-1@motorsport-calendar-FP1,20260410T095000Z,20260410T110500Z,Free Practice 1,Otros,Otros,Entrenamiento,Normal,"Barcelona\, Spain",Reminder
elms-2026-1@motorsport-calendar-TEST,20260410T141000Z,20260410T145000Z,Bronze Driver Collective Test,Otros,Otros,Evento,Normal,"Barcelona\, Spain",Reminder
elms-2026-1@motorsport-calendar-FP2,20260411T081000Z,20260411T092500Z,Free Practice 2,Otros,Otros,Entrenamiento,Normal,"Barcelona\, Spain",Reminder
elms-2026-1@motorsport-calendar-QUALIFYING,20260411T130500Z,20260411T144500Z,Qualifying,Otros,Otros,Clasificación,Normal,"Barcelona\, Spain",Reminder
elms-2026-1@motorsport-calendar-RACE,20260412T100000Z,20260412T140000Z,Race,Otros,Otros,Carrera,Normal,"Barcelona\, Spain",Reminder
openf1-meeting-1282@motorsport-calendar-FP1,20260410T113000Z,20260410T123000Z,Practice 1,Otros,Otros,Entrenamiento,Normal,"Sakhir\, Bahrain",Reminder
openf1-meeting-1282@motorsport-calendar-FP2,20260410T150000Z,20260410T160000Z,Practice 2,Otros,Otros,Entrenamiento,Normal,"Sakhir\, Bahrain",Reminder
openf1-meeting-1282@motorsport-calendar-FP3,20260411T123000Z,20260411T133000Z,Practice 3,Otros,Otros,Entrenamiento,Normal,"Sakhir\, Bahrain",Reminder
openf1-meeting-1282@motorsport-calendar-QUALIFYING,20260411T160000Z,20260411T170000Z,Qualifying,Otros,Otros,Clasificación,Normal,"Sakhir\, Bahrain",Reminder
openf1-meeting-1282@motorsport-calendar-RACE,20260412T150000Z,20260412T170000Z,Race,Otros,Otros,Carrera,Normal,"Sakhir\, Bahrain",Reminder
gtwc-europe-2026-circuit-paul-ricard@motorsport-calendar-FP1,20260410T122500Z,20260410T132500Z,Free Practice 1,Otros,Otros,Entrenamiento,Normal,"Circuit Paul Ricard\, France",Reminder
gtwc-europe-2026-circuit-paul-ricard@motorsport-calendar-FP2,20260410T172500Z,20260410T182500Z,Free Practice 2,Otros,Otros,Entrenamiento,Normal,"Circuit Paul Ricard\, France",Reminder
gtwc-europe-2026-circuit-paul-ricard@motorsport-calendar-QUALIFYING,20260411T100500Z,20260411T115500Z,Qualifying,Otros,Otros,Clasificación,Normal,"Circuit Paul Ricard\, France",Reminder
gtwc-europe-2026-circuit-paul-ricard@motorsport-calendar-RACE,20260411T160000Z,20260411T173000Z,Main Race,Otros,Otros,Carrera,Normal,"Circuit Paul Ricard\, France",Reminder
wec-2026-1@motorsport-calendar-FP1,20260417T081500Z,20260417T093000Z,Free Practice 1,Otros,Otros,Entrenamiento,Normal,"Imola\, Italy",Reminder
wec-2026-1@motorsport-calendar-FP2,20260417T131500Z,20260417T143000Z,Free Practice 2,Otros,Otros,Entrenamiento,Normal,"Imola\, Italy",Reminder
wec-2026-1@motorsport-calendar-FP3,20260418T083000Z,20260418T094500Z,Free Practice 3,Otros,Otros,Entrenamiento,Normal,"Imola\, Italy",Reminder
wec-2026-1@motorsport-calendar-QUALIFYING,20260418T123000Z,20260418T133500Z,Qualifying,Otros,Otros,Clasificación,Normal,"Imola\, Italy",Reminder
wec-2026-1@motorsport-calendar-HYPERPOLE,20260418T125000Z,20260418T135000Z,Hyperpole,Otros,Otros,Evento,Normal,"Imola\, Italy",Reminder
wec-2026-1@motorsport-calendar-RACE,20260419T110000Z,20260419T170000Z,Race,Otros,Otros,Carrera,Normal,"Imola\, Italy",Reminder
openf1-meeting-1283@motorsport-calendar-FP1,20260417T133000Z,20260417T143000Z,Practice 1,Otros,Otros,Entrenamiento,Normal,"Jeddah\, Saudi Arabia",Reminder
openf1-meeting-1283@motorsport-calendar-FP2,20260417T170000Z,20260417T180000Z,Practice 2,Otros,Otros,Entrenamiento,Normal,"Jeddah\, Saudi Arabia",Reminder
openf1-meeting-1283@motorsport-calendar-FP3,20260418T133000Z,20260418T143000Z,Practice 3,Otros,Otros,Entrenamiento,Normal,"Jeddah\, Saudi Arabia",Reminder
openf1-meeting-1283@motorsport-calendar-QUALIFYING,20260418T170000Z,20260418T180000Z,Qualifying,Otros,Otros,Clasificación,Normal,"Jeddah\, Saudi Arabia",Reminder
openf1-meeting-1283@motorsport-calendar-RACE,20260419T170000Z,20260419T190000Z,Race,Otros,Otros,Carrera,Normal,"Jeddah\, Saudi Arabia",Reminder
moto3-2026-a24be69b-8472-4aa4-9e83-d3610e0f1d98@motorsport-calendar-FP1,20260424T070000Z,20260424T073500Z,Free Practice Nr. 1,Otros,Otros,Entrenamiento,Normal,"Circuito de Jerez - Ángel Nieto\, Spain",Reminder
moto3-2026-a24be69b-8472-4aa4-9e83-d3610e0f1d98@motorsport-calendar-FP2,20260424T111500Z,20260424T115000Z,Practice,Otros,Otros,Entrenamiento,Normal,"Circuito de Jerez - Ángel Nieto\, Spain",Reminder
moto3-2026-a24be69b-8472-4aa4-9e83-d3610e0f1d98@motorsport-calendar-FP3,20260425T064000Z,20260425T071000Z,Free Practice Nr. 2,Otros,Otros,Entrenamiento,Normal,"Circuito de Jerez - Ángel Nieto\, Spain",Reminder
moto3-2026-a24be69b-8472-4aa4-9e83-d3610e0f1d98@motorsport-calendar-QUALIFYING,20260425T104500Z,20260425T112500Z,Qualifying,Otros,Otros,Clasificación,Normal,"Circuito de Jerez - Ángel Nieto\, Spain",Reminder
moto3-2026-a24be69b-8472-4aa4-9e83-d3610e0f1d98@motorsport-calendar-RACE,20260426T090000Z,20260426T093500Z,Race,Otros,Otros,Carrera,Normal,"Circuito de Jerez - Ángel Nieto\, Spain",Reminder
moto2-2026-a24be69b-8472-4aa4-9e83-d3610e0f1d98@motorsport-calendar-FP1,20260424T075000Z,20260424T083000Z,Free Practice Nr. 1,Otros,Otros,Entrenamiento,Normal,"Circuito de Jerez - Ángel Nieto\, Spain",Reminder
moto2-2026-a24be69b-8472-4aa4-9e83-d3610e0f1d98@motorsport-calendar-FP2,20260424T120500Z,20260424T124500Z,Practice,Otros,Otros,Entrenamiento,Normal,"Circuito de Jerez - Ángel Nieto\, Spain",Reminder
moto2-2026-a24be69b-8472-4aa4-9e83-d3610e0f1d98@motorsport-calendar-FP3,20260425T072500Z,20260425T075500Z,Free Practice Nr. 2,Otros,Otros,Entrenamiento,Normal,"Circuito de Jerez - Ángel Nieto\, Spain",Reminder
moto2-2026-a24be69b-8472-4aa4-9e83-d3610e0f1d98@motorsport-calendar-QUALIFYING,20260425T114000Z,20260425T122000Z,Qualifying,Otros,Otros,Clasificación,Normal,"Circuito de Jerez - Ángel Nieto\, Spain",Reminder
moto2-2026-a24be69b-8472-4aa4-9e83-d3610e0f1d98@motorsport-calendar-RACE,20260426T101500Z,20260426T105500Z,Race,Otros,Otros,Carrera,Normal,"Circuito de Jerez - Ángel Nieto\, Spain",Reminder
motogp-2026-a24be69b-8472-4aa4-9e83-d3610e0f1d98@motorsport-calendar-FP1,20260424T084500Z,20260424T093000Z,Free Practice Nr. 1,Otros,Otros,Entrenamiento,Normal,"Circuito de Jerez - Ángel Nieto\, Spain",Reminder
motogp-2026-a24be69b-8472-4aa4-9e83-d3610e0f1d98@motorsport-calendar-FP2,20260424T130000Z,20260424T140000Z,Practice,Otros,Otros,Entrenamiento,Normal,"Circuito de Jerez - Ángel Nieto\, Spain",Reminder
motogp-2026-a24be69b-8472-4aa4-9e83-d3610e0f1d98@motorsport-calendar-FP3,20260425T081000Z,20260425T084000Z,Free Practice Nr. 2,Otros,Otros,Entrenamiento,Normal,"Circuito de Jerez - Ángel Nieto\, Spain",Reminder
motogp-2026-a24be69b-8472-4aa4-9e83-d3610e0f1d98@motorsport-calendar-QUALIFYING,20260425T085000Z,20260425T093000Z,Qualifying,Otros,Otros,Clasificación,Normal,"Circuito de Jerez - Ángel Nieto\, Spain",Reminder
motogp-2026-a24be69b-8472-4aa4-9e83-d3610e0f1d98@motorsport-calendar-SPRINT,20260425T130000Z,20260425T133000Z,Tissot Sprint,Otros,Otros,Sprint,Normal,"Circuito de Jerez - Ángel Nieto\, Spain",Reminder
motogp-2026-a24be69b-8472-4aa4-9e83-d3610e0f1d98@motorsport-calendar-RACE,20260426T120000Z,20260426T124500Z,Grand Prix,Fórmula,F1,Carrera,Normal,"Circuito de Jerez - Ángel Nieto\, Spain",Reminder
gtwc-america-2026-circuit-of-the-americas@motorsport-calendar-FP1,20260424T212000Z,20260424T222000Z,Practice 1,Otros,Otros,Entrenamiento,Normal,"Circuit of the Americas\, United States of America",Reminder
gtwc-america-2026-circuit-of-the-americas@motorsport-calendar-FP2,20260425T152500Z,20260425T162500Z,Practice 2,Otros,Otros,Entrenamiento,Normal,"Circuit of the Americas\, United States of America",Reminder
gtwc-america-2026-circuit-of-the-americas@motorsport-calendar-FP3,20260425T193000Z,20260425T203000Z,Practice 3,Otros,Otros,Entrenamiento,Normal,"Circuit of the Americas\, United States of America",Reminder
gtwc-america-2026-circuit-of-the-americas@motorsport-calendar-QUALIFYING,20260426T134500Z,20260426T144500Z,Qualifying Combined,Otros,Otros,Clasificación,Normal,"Circuit of the Americas\, United States of America",Reminder
gtwc-america-2026-circuit-of-the-americas@motorsport-calendar-RACE,20260426T173000Z,20260426T190000Z,Race,Otros,Otros,Carrera,Normal,"Circuit of the Americas\, United States of America",Reminder
gtwc-asia-2026-pertamina-mandalika-international-circuit@motorsport-calendar-FP1,20260501T025000Z,20260501T035000Z,Official Practice,Otros,Otros,Entrenamiento,Normal,"Pertamina Mandalika International Circuit\, Indonesia",Reminder
gtwc-asia-2026-pertamina-mandalika-international-circuit@motorsport-calendar-FP2,20260501T040000Z,20260501T050000Z,Bronze Session,Otros,Otros,Evento,Normal,"Pertamina Mandalika International Circuit\, Indonesia",Reminder
gtwc-asia-2026-pertamina-mandalika-international-circuit@motorsport-calendar-SPRINT_QUALIFYING,20260502T011500Z,20260502T023700Z,Qualifying,Otros,Otros,Clasificación,Normal,"Pertamina Mandalika International Circuit\, Indonesia",Reminder
gtwc-asia-2026-pertamina-mandalika-international-circuit@motorsport-calendar-SPRINT,20260502T053000Z,20260502T063000Z,Race 1,Otros,Otros,Carrera,Normal,"Pertamina Mandalika International Circuit\, Indonesia",Reminder
gtwc-asia-2026-pertamina-mandalika-international-circuit@motorsport-calendar-RACE,20260503T033000Z,20260503T050000Z,Race 2,Otros,Otros,Carrera,Normal,"Pertamina Mandalika International Circuit\, Indonesia",Reminder
mlmc-2026-2@motorsport-calendar-FP1,20260501T075000Z,20260501T090500Z,Free Practice 1,Otros,Otros,Entrenamiento,Normal,"Paul Ricard\, France",Reminder
mlmc-2026-2@motorsport-calendar-TEST,20260501T134000Z,20260501T142000Z,Bronze Driver Collective Test,Otros,Otros,Evento,Normal,"Paul Ricard\, France",Reminder
mlmc-2026-2@motorsport-calendar-FP2,20260501T164000Z,20260501T175500Z,Free Practice 2,Otros,Otros,Entrenamiento,Normal,"Paul Ricard\, France",Reminder
mlmc-2026-2@motorsport-calendar-QUALIFYING,20260502T095000Z,20260502T105500Z,Qualifying,Otros,Otros,Clasificación,Normal,"Paul Ricard\, France",Reminder
mlmc-2026-2@motorsport-calendar-RACE,20260502T162000Z,20260502T182000Z,Race,Otros,Otros,Carrera,Normal,"Paul Ricard\, France",Reminder
elms-2026-2@motorsport-calendar-FP1,20260501T095000Z,20260501T110500Z,Free Practice 1,Otros,Otros,Entrenamiento,Normal,"Paul Ricard\, France",Reminder
elms-2026-2@motorsport-calendar-FP2,20260502T081000Z,20260502T092500Z,Free Practice 2,Otros,Otros,Entrenamiento,Normal,"Paul Ricard\, France",Reminder
elms-2026-2@motorsport-calendar-QUALIFYING,20260502T131000Z,20260502T144100Z,Qualifying,Otros,Otros,Clasificación,Normal,"Paul Ricard\, France",Reminder
elms-2026-2@motorsport-calendar-RACE,20260503T100000Z,20260503T140000Z,Race,Otros,Otros,Carrera,Normal,"Paul Ricard\, France",Reminder
f1calendar-f2-2026-2@motorsport-calendar-FP1,20260501T133000Z,20260501T141500Z,Free Practice,Otros,Otros,Entrenamiento,Normal,"USA\, USA",Reminder
f1calendar-f2-2026-2@motorsport-calendar-QUALIFYING,20260501T183000Z,20260501T190000Z,Qualifying,Otros,Otros,Clasificación,Normal,"USA\, USA",Reminder
f1calendar-f2-2026-2@motorsport-calendar-SPRINT,20260502T140000Z,20260502T144500Z,Sprint Race,Otros,Otros,Carrera,Normal,"USA\, USA",Reminder
f1calendar-f2-2026-2@motorsport-calendar-RACE,20260503T132500Z,20260503T143000Z,Feature Race,Otros,Otros,Carrera,Normal,"USA\, USA",Reminder
f1calendar-fe-2026-7@motorsport-calendar-FP1,20260501T140000Z,20260501T143000Z,Free Practice 1,Otros,Otros,Entrenamiento,Normal,"Berlin ePrix\, Germany",Reminder
f1calendar-fe-2026-7@motorsport-calendar-FP2,20260502T073000Z,20260502T080000Z,Free Practice 2,Otros,Otros,Entrenamiento,Normal,"Berlin ePrix\, Germany",Reminder
f1calendar-fe-2026-7@motorsport-calendar-QUALIFYING,20260502T094000Z,20260502T104000Z,Qualifying,Otros,Otros,Clasificación,Normal,"Berlin ePrix\, Germany",Reminder
f1calendar-fe-2026-7@motorsport-calendar-RACE,20260502T140500Z,20260502T145000Z,Race,Otros,Otros,Carrera,Normal,"Berlin ePrix\, Germany",Reminder
openf1-meeting-1284@motorsport-calendar-FP1,20260501T160000Z,20260501T173000Z,Practice 1,Otros,Otros,Entrenamiento,Normal,"Miami\, United States",Reminder
openf1-meeting-1284@motorsport-calendar-SPRINT_QUALIFYING,20260501T203000Z,20260501T211400Z,Sprint Qualifying,Otros,Otros,Clasificación,Normal,"Miami\, United States",Reminder
openf1-meeting-1284@motorsport-calendar-SPRINT,20260502T160000Z,20260502T170000Z,Sprint,Otros,Otros,Sprint,Normal,"Miami\, United States",Reminder
openf1-meeting-1284@motorsport-calendar-QUALIFYING,20260502T200000Z,20260502T210000Z,Qualifying,Otros,Otros,Clasificación,Normal,"Miami\, United States",Reminder
openf1-meeting-1284@motorsport-calendar-RACE,20260503T170000Z,20260503T190000Z,Race,Otros,Otros,Carrera,Normal,"Miami\, United States",Reminder
gtwc-europe-2026-brands-hatch@motorsport-calendar-FP1,20260502T083500Z,20260502T093500Z,Free Practice 1,Otros,Otros,Entrenamiento,Normal,"Brands Hatch\, Great Britain",Reminder
gtwc-europe-2026-brands-hatch@motorsport-calendar-FP2,20260502T110000Z,20260502T120000Z,Free Practice 2,Otros,Otros,Entrenamiento,Normal,"Brands Hatch\, Great Britain",Reminder
gtwc-europe-2026-brands-hatch@motorsport-calendar-SPRINT_QUALIFYING,20260502T154000Z,20260502T170500Z,Qualifying,Otros,Otros,Clasificación,Normal,"Brands Hatch\, Great Britain",Reminder
gtwc-europe-2026-brands-hatch@motorsport-calendar-SPRINT,20260503T101500Z,20260503T111500Z,Race 1,Otros,Otros,Carrera,Normal,"Brands Hatch\, Great Britain",Reminder
gtwc-europe-2026-brands-hatch@motorsport-calendar-RACE,20260503T144500Z,20260503T161500Z,Race 2,Otros,Otros,Carrera,Normal,"Brands Hatch\, Great Britain",Reminder
f1calendar-fe-2026-8@motorsport-calendar-FP3,20260503T073000Z,20260503T080000Z,Free Practice 3,Otros,Otros,Entrenamiento,Normal,"Berlin ePrix\, Germany",Reminder
f1calendar-fe-2026-8@motorsport-calendar-QUALIFYING,20260503T094000Z,20260503T104000Z,Qualifying,Otros,Otros,Clasificación,Normal,"Berlin ePrix\, Germany",Reminder
f1calendar-fe-2026-8@motorsport-calendar-RACE,20260503T140500Z,20260503T145000Z,Race,Otros,Otros,Carrera,Normal,"Berlin ePrix\, Germany",Reminder
wec-2026-2@motorsport-calendar-FP1,20260507T090000Z,20260507T101500Z,Free Practice 1,Otros,Otros,Entrenamiento,Normal,"Spa-Francorchamps\, Belgium",Reminder
wec-2026-2@motorsport-calendar-FP2,20260507T134000Z,20260507T145500Z,Free Practice 2,Otros,Otros,Entrenamiento,Normal,"Spa-Francorchamps\, Belgium",Reminder
wec-2026-2@motorsport-calendar-FP3,20260508T081000Z,20260508T092500Z,Free Practice 3,Otros,Otros,Entrenamiento,Normal,"Spa-Francorchamps\, Belgium",Reminder
wec-2026-2@motorsport-calendar-QUALIFYING,20260508T123000Z,20260508T134500Z,Qualifying,Otros,Otros,Clasificación,Normal,"Spa-Francorchamps\, Belgium",Reminder
wec-2026-2@motorsport-calendar-HYPERPOLE,20260508T125500Z,20260508T140500Z,Hyperpole,Otros,Otros,Evento,Normal,"Spa-Francorchamps\, Belgium",Reminder
wec-2026-2@motorsport-calendar-RACE,20260509T120000Z,20260509T180000Z,Race,Otros,Otros,Carrera,Normal,"Spa-Francorchamps\, Belgium",Reminder
moto3-2026-4237f175-c6a4-4d1e-b658-82962baf3fa3@motorsport-calendar-FP1,20260508T070000Z,20260508T073500Z,Free Practice Nr. 1,Otros,Otros,Entrenamiento,Normal,"Le Mans\, France",Reminder
moto3-2026-4237f175-c6a4-4d1e-b658-82962baf3fa3@motorsport-calendar-FP2,20260508T111500Z,20260508T115000Z,Practice,Otros,Otros,Entrenamiento,Normal,"Le Mans\, France",Reminder
moto3-2026-4237f175-c6a4-4d1e-b658-82962baf3fa3@motorsport-calendar-FP3,20260509T064000Z,20260509T071000Z,Free Practice Nr. 2,Otros,Otros,Entrenamiento,Normal,"Le Mans\, France",Reminder
moto3-2026-4237f175-c6a4-4d1e-b658-82962baf3fa3@motorsport-calendar-QUALIFYING,20260509T104500Z,20260509T112500Z,Qualifying,Otros,Otros,Clasificación,Normal,"Le Mans\, France",Reminder
moto3-2026-4237f175-c6a4-4d1e-b658-82962baf3fa3@motorsport-calendar-RACE,20260510T090500Z,20260510T094000Z,Race,Otros,Otros,Carrera,Normal,"Le Mans\, France",Reminder
moto2-2026-4237f175-c6a4-4d1e-b658-82962baf3fa3@motorsport-calendar-FP1,20260508T075000Z,20260508T083000Z,Free Practice Nr. 1,Otros,Otros,Entrenamiento,Normal,"Le Mans\, France",Reminder
moto2-2026-4237f175-c6a4-4d1e-b658-82962baf3fa3@motorsport-calendar-FP2,20260508T120500Z,20260508T124500Z,Practice,Otros,Otros,Entrenamiento,Normal,"Le Mans\, France",Reminder
moto2-2026-4237f175-c6a4-4d1e-b658-82962baf3fa3@motorsport-calendar-FP3,20260509T072500Z,20260509T075500Z,Free Practice Nr. 2,Otros,Otros,Entrenamiento,Normal,"Le Mans\, France",Reminder
moto2-2026-4237f175-c6a4-4d1e-b658-82962baf3fa3@motorsport-calendar-QUALIFYING,20260509T114000Z,20260509T122000Z,Qualifying,Otros,Otros,Clasificación,Normal,"Le Mans\, France",Reminder
moto2-2026-4237f175-c6a4-4d1e-b658-82962baf3fa3@motorsport-calendar-RACE,20260510T102000Z,20260510T110000Z,Race,Otros,Otros,Carrera,Normal,"Le Mans\, France",Reminder
motogp-2026-4237f175-c6a4-4d1e-b658-82962baf3fa3@motorsport-calendar-FP1,20260508T084500Z,20260508T093000Z,Free Practice Nr. 1,Otros,Otros,Entrenamiento,Normal,"Le Mans\, France",Reminder
motogp-2026-4237f175-c6a4-4d1e-b658-82962baf3fa3@motorsport-calendar-FP2,20260508T130000Z,20260508T140000Z,Practice,Otros,Otros,Entrenamiento,Normal,"Le Mans\, France",Reminder
motogp-2026-4237f175-c6a4-4d1e-b658-82962baf3fa3@motorsport-calendar-FP3,20260509T081000Z,20260509T084000Z,Free Practice Nr. 2,Otros,Otros,Entrenamiento,Normal,"Le Mans\, France",Reminder
motogp-2026-4237f175-c6a4-4d1e-b658-82962baf3fa3@motorsport-calendar-QUALIFYING,20260509T085000Z,20260509T093000Z,Qualifying,Otros,Otros,Clasificación,Normal,"Le Mans\, France",Reminder
motogp-2026-4237f175-c6a4-4d1e-b658-82962baf3fa3@motorsport-calendar-SPRINT,20260509T130000Z,20260509T133000Z,Tissot Sprint,Otros,Otros,Sprint,Normal,"Le Mans\, France",Reminder
motogp-2026-4237f175-c6a4-4d1e-b658-82962baf3fa3@motorsport-calendar-RACE,20260510T120000Z,20260510T131500Z,Grand Prix,Fórmula,F1,Carrera,Normal,"Le Mans\, France",Reminder
gtwc-america-2026-sebring-international-raceway@motorsport-calendar-FP1,20260508T230000Z,20260509T000000Z,Practice 1,Otros,Otros,Entrenamiento,Normal,"Sebring International Raceway\, United States of America",Reminder
gtwc-america-2026-sebring-international-raceway@motorsport-calendar-FP2,20260509T125000Z,20260509T135000Z,Practice 2,Otros,Otros,Entrenamiento,Normal,"Sebring International Raceway\, United States of America",Reminder
gtwc-america-2026-sebring-international-raceway@motorsport-calendar-QUALIFYING,20260509T181000Z,20260509T191000Z,Qualifying,Otros,Otros,Clasificación,Normal,"Sebring International Raceway\, United States of America",Reminder
gtwc-america-2026-sebring-international-raceway@motorsport-calendar-RACE,20260509T210000Z,20260509T223000Z,Race,Otros,Otros,Carrera,Normal,"Sebring International Raceway\, United States of America",Reminder
igtc-2026-adac-ravenol-24h-nuerburgring@motorsport-calendar-QUALIFYING,20260514T111500Z,20260515T123500Z,Qualifying,Otros,Otros,Clasificación,Normal,"Nürburgring Nordschleife\, Germany",Reminder
igtc-2026-adac-ravenol-24h-nuerburgring@motorsport-calendar-RACE,20260516T130000Z,20260516T143000Z,Race,Otros,Otros,Carrera,Normal,"Nürburgring Nordschleife\, Germany",Reminder
moto3-2026-200bf59d-3db2-4e17-a903-4be204fa3496@motorsport-calendar-FP1,20260515T070000Z,20260515T073500Z,Free Practice Nr. 1,Otros,Otros,Entrenamiento,Normal,"Circuit de Barcelona-Catalunya\, Spain",Reminder
moto3-2026-200bf59d-3db2-4e17-a903-4be204fa3496@motorsport-calendar-FP2,20260515T111500Z,20260515T115000Z,Practice,Otros,Otros,Entrenamiento,Normal,"Circuit de Barcelona-Catalunya\, Spain",Reminder
moto3-2026-200bf59d-3db2-4e17-a903-4be204fa3496@motorsport-calendar-FP3,20260516T064000Z,20260516T071000Z,Free Practice Nr. 2,Otros,Otros,Entrenamiento,Normal,"Circuit de Barcelona-Catalunya\, Spain",Reminder
moto3-2026-200bf59d-3db2-4e17-a903-4be204fa3496@motorsport-calendar-QUALIFYING,20260516T104500Z,20260516T112500Z,Qualifying,Otros,Otros,Clasificación,Normal,"Circuit de Barcelona-Catalunya\, Spain",Reminder
moto3-2026-200bf59d-3db2-4e17-a903-4be204fa3496@motorsport-calendar-RACE,20260517T090000Z,20260517T093500Z,Race,Otros,Otros,Carrera,Normal,"Circuit de Barcelona-Catalunya\, Spain",Reminder
moto2-2026-200bf59d-3db2-4e17-a903-4be204fa3496@motorsport-calendar-FP1,20260515T075000Z,20260515T083000Z,Free Practice Nr. 1,Otros,Otros,Entrenamiento,Normal,"Circuit de Barcelona-Catalunya\, Spain",Reminder
moto2-2026-200bf59d-3db2-4e17-a903-4be204fa3496@motorsport-calendar-FP2,20260515T120500Z,20260515T124500Z,Practice,Otros,Otros,Entrenamiento,Normal,"Circuit de Barcelona-Catalunya\, Spain",Reminder
moto2-2026-200bf59d-3db2-4e17-a903-4be204fa3496@motorsport-calendar-FP3,20260516T072500Z,20260516T075500Z,Free Practice Nr. 2,Otros,Otros,Entrenamiento,Normal,"Circuit de Barcelona-Catalunya\, Spain",Reminder
moto2-2026-200bf59d-3db2-4e17-a903-4be204fa3496@motorsport-calendar-QUALIFYING,20260516T114000Z,20260516T122000Z,Qualifying,Otros,Otros,Clasificación,Normal,"Circuit de Barcelona-Catalunya\, Spain",Reminder
moto2-2026-200bf59d-3db2-4e17-a903-4be204fa3496@motorsport-calendar-RACE,20260517T101500Z,20260517T105500Z,Race,Otros,Otros,Carrera,Normal,"Circuit de Barcelona-Catalunya\, Spain",Reminder
motogp-2026-200bf59d-3db2-4e17-a903-4be204fa3496@motorsport-calendar-FP1,20260515T084500Z,20260515T093000Z,Free Practice Nr. 1,Otros,Otros,Entrenamiento,Normal,"Circuit de Barcelona-Catalunya\, Spain",Reminder
motogp-2026-200bf59d-3db2-4e17-a903-4be204fa3496@motorsport-calendar-FP2,20260515T130000Z,20260515T140000Z,Practice,Otros,Otros,Entrenamiento,Normal,"Circuit de Barcelona-Catalunya\, Spain",Reminder
motogp-2026-200bf59d-3db2-4e17-a903-4be204fa3496@motorsport-calendar-FP3,20260516T081000Z,20260516T084000Z,Free Practice Nr. 2,Otros,Otros,Entrenamiento,Normal,"Circuit de Barcelona-Catalunya\, Spain",Reminder
motogp-2026-200bf59d-3db2-4e17-a903-4be204fa3496@motorsport-calendar-QUALIFYING,20260516T085000Z,20260516T093000Z,Qualifying,Otros,Otros,Clasificación,Normal,"Circuit de Barcelona-Catalunya\, Spain",Reminder
motogp-2026-200bf59d-3db2-4e17-a903-4be204fa3496@motorsport-calendar-SPRINT,20260516T130000Z,20260516T133000Z,Tissot Sprint,Otros,Otros,Sprint,Normal,"Circuit de Barcelona-Catalunya\, Spain",Reminder
motogp-2026-200bf59d-3db2-4e17-a903-4be204fa3496@motorsport-calendar-RACE,20260517T120000Z,20260517T124500Z,Grand Prix,Fórmula,F1,Carrera,Normal,"Circuit de Barcelona-Catalunya\, Spain",Reminder
f1calendar-fe-2026-9@motorsport-calendar-FP1,20260516T053000Z,20260516T060000Z,Free Practice 1,Otros,Otros,Entrenamiento,Normal,"Monaco ePrix\, Monaco",Reminder
f1calendar-fe-2026-9@motorsport-calendar-FP2,20260516T071000Z,20260516T074000Z,Free Practice 2,Otros,Otros,Entrenamiento,Normal,"Monaco ePrix\, Monaco",Reminder
f1calendar-fe-2026-9@motorsport-calendar-QUALIFYING,20260516T084000Z,20260516T094000Z,Qualifying,Otros,Otros,Clasificación,Normal,"Monaco ePrix\, Monaco",Reminder
f1calendar-fe-2026-9@motorsport-calendar-RACE,20260516T130500Z,20260516T135000Z,Race,Otros,Otros,Carrera,Normal,"Monaco ePrix\, Monaco",Reminder
f1calendar-fe-2026-10@motorsport-calendar-FP3,20260517T063000Z,20260517T070000Z,Free Practice 3,Otros,Otros,Entrenamiento,Normal,"Monaco ePrix\, Monaco",Reminder
f1calendar-fe-2026-10@motorsport-calendar-QUALIFYING,20260517T084000Z,20260517T094000Z,Qualifying,Otros,Otros,Clasificación,Normal,"Monaco ePrix\, Monaco",Reminder
f1calendar-fe-2026-10@motorsport-calendar-RACE,20260517T130500Z,20260517T135000Z,Race,Otros,Otros,Carrera,Normal,"Monaco ePrix\, Monaco",Reminder
f1calendar-f1-academy-2026-2@motorsport-calendar-FP1,20260522T130000Z,20260522T134500Z,Free Practice 1,Otros,Otros,Entrenamiento,Normal,"Canadian\, Canada",Reminder
f1calendar-f1-academy-2026-2@motorsport-calendar-QUALIFYING,20260522T221800Z,20260522T224800Z,Qualifying 1,Otros,Otros,Clasificación,Normal,"Canadian\, Canada",Reminder
f1calendar-f1-academy-2026-2@motorsport-calendar-SPRINT_QUALIFYING,20260522T221800Z,20260522T224800Z,Qualifying 2,Otros,Otros,Clasificación,Normal,"Canadian\, Canada",Reminder
f1calendar-f1-academy-2026-2@motorsport-calendar-SPRINT,20260523T220500Z,20260523T223500Z,Race 1,Otros,Otros,Carrera,Normal,"Canadian\, Canada",Reminder
f1calendar-f1-academy-2026-2@motorsport-calendar-FP3,20260524T144500Z,20260524T151500Z,Race 2,Otros,Otros,Carrera,Normal,"Canadian\, Canada",Reminder
f1calendar-f2-2026-3@motorsport-calendar-FP1,20260522T140500Z,20260522T145000Z,Free Practice,Otros,Otros,Entrenamiento,Normal,"Canada\, Unknown",Reminder
f1calendar-f2-2026-3@motorsport-calendar-QUALIFYING,20260522T182000Z,20260522T185000Z,Qualifying,Otros,Otros,Clasificación,Normal,"Canada\, Unknown",Reminder
f1calendar-f2-2026-3@motorsport-calendar-SPRINT,20260523T181000Z,20260523T185500Z,Sprint Race,Otros,Otros,Carrera,Normal,"Canada\, Unknown",Reminder
f1calendar-f2-2026-3@motorsport-calendar-RACE,20260524T160500Z,20260524T171000Z,Feature Race,Otros,Otros,Carrera,Normal,"Canada\, Unknown",Reminder
openf1-meeting-1285@motorsport-calendar-FP1,20260522T163000Z,20260522T173000Z,Practice 1,Otros,Otros,Entrenamiento,Normal,"Montreal\, Canada",Reminder
openf1-meeting-1285@motorsport-calendar-SPRINT_QUALIFYING,20260522T203000Z,20260522T211400Z,Sprint Qualifying,Otros,Otros,Clasificación,Normal,"Montreal\, Canada",Reminder
openf1-meeting-1285@motorsport-calendar-SPRINT,20260523T160000Z,20260523T170000Z,Sprint,Otros,Otros,Sprint,Normal,"Montreal\, Canada",Reminder
openf1-meeting-1285@motorsport-calendar-QUALIFYING,20260523T200000Z,20260523T210000Z,Qualifying,Otros,Otros,Clasificación,Normal,"Montreal\, Canada",Reminder
openf1-meeting-1285@motorsport-calendar-RACE,20260524T200000Z,20260524T220000Z,Race,Otros,Otros,Carrera,Normal,"Montreal\, Canada",Reminder
moto3-2026-bf2104f9-f5cc-4a99-a993-cb5d01bccd24@motorsport-calendar-FP1,20260529T070000Z,20260529T073500Z,Free Practice Nr. 1,Otros,Otros,Entrenamiento,Normal,"Autodromo Internazionale del Mugello\, Italy",Reminder
moto3-2026-bf2104f9-f5cc-4a99-a993-cb5d01bccd24@motorsport-calendar-FP2,20260529T111500Z,20260529T115000Z,Practice,Otros,Otros,Entrenamiento,Normal,"Autodromo Internazionale del Mugello\, Italy",Reminder
moto3-2026-bf2104f9-f5cc-4a99-a993-cb5d01bccd24@motorsport-calendar-FP3,20260530T064000Z,20260530T071000Z,Free Practice Nr. 2,Otros,Otros,Entrenamiento,Normal,"Autodromo Internazionale del Mugello\, Italy",Reminder
moto3-2026-bf2104f9-f5cc-4a99-a993-cb5d01bccd24@motorsport-calendar-QUALIFYING,20260530T104500Z,20260530T112500Z,Qualifying,Otros,Otros,Clasificación,Normal,"Autodromo Internazionale del Mugello\, Italy",Reminder
moto3-2026-bf2104f9-f5cc-4a99-a993-cb5d01bccd24@motorsport-calendar-RACE,20260531T090000Z,20260531T093500Z,Race,Otros,Otros,Carrera,Normal,"Autodromo Internazionale del Mugello\, Italy",Reminder
moto2-2026-bf2104f9-f5cc-4a99-a993-cb5d01bccd24@motorsport-calendar-FP1,20260529T075000Z,20260529T083000Z,Free Practice Nr. 1,Otros,Otros,Entrenamiento,Normal,"Autodromo Internazionale del Mugello\, Italy",Reminder
moto2-2026-bf2104f9-f5cc-4a99-a993-cb5d01bccd24@motorsport-calendar-FP2,20260529T120500Z,20260529T124500Z,Practice,Otros,Otros,Entrenamiento,Normal,"Autodromo Internazionale del Mugello\, Italy",Reminder
moto2-2026-bf2104f9-f5cc-4a99-a993-cb5d01bccd24@motorsport-calendar-FP3,20260530T072500Z,20260530T075500Z,Free Practice Nr. 2,Otros,Otros,Entrenamiento,Normal,"Autodromo Internazionale del Mugello\, Italy",Reminder
moto2-2026-bf2104f9-f5cc-4a99-a993-cb5d01bccd24@motorsport-calendar-QUALIFYING,20260530T114000Z,20260530T122000Z,Qualifying,Otros,Otros,Clasificación,Normal,"Autodromo Internazionale del Mugello\, Italy",Reminder
moto2-2026-bf2104f9-f5cc-4a99-a993-cb5d01bccd24@motorsport-calendar-RACE,20260531T101500Z,20260531T105500Z,Race,Otros,Otros,Carrera,Normal,"Autodromo Internazionale del Mugello\, Italy",Reminder
motogp-2026-bf2104f9-f5cc-4a99-a993-cb5d01bccd24@motorsport-calendar-FP1,20260529T084500Z,20260529T093000Z,Free Practice Nr. 1,Otros,Otros,Entrenamiento,Normal,"Autodromo Internazionale del Mugello\, Italy",Reminder
motogp-2026-bf2104f9-f5cc-4a99-a993-cb5d01bccd24@motorsport-calendar-FP2,20260529T130000Z,20260529T140900Z,Practice,Otros,Otros,Entrenamiento,Normal,"Autodromo Internazionale del Mugello\, Italy",Reminder
motogp-2026-bf2104f9-f5cc-4a99-a993-cb5d01bccd24@motorsport-calendar-FP3,20260530T081000Z,20260530T084000Z,Free Practice Nr. 2,Otros,Otros,Entrenamiento,Normal,"Autodromo Internazionale del Mugello\, Italy",Reminder
motogp-2026-bf2104f9-f5cc-4a99-a993-cb5d01bccd24@motorsport-calendar-QUALIFYING,20260530T085000Z,20260530T093000Z,Qualifying,Otros,Otros,Clasificación,Normal,"Autodromo Internazionale del Mugello\, Italy",Reminder
motogp-2026-bf2104f9-f5cc-4a99-a993-cb5d01bccd24@motorsport-calendar-SPRINT,20260530T130000Z,20260530T133000Z,Tissot Sprint,Otros,Otros,Sprint,Normal,"Autodromo Internazionale del Mugello\, Italy",Reminder
motogp-2026-bf2104f9-f5cc-4a99-a993-cb5d01bccd24@motorsport-calendar-RACE,20260531T120000Z,20260531T124500Z,Grand Prix,Fórmula,F1,Carrera,Normal,"Autodromo Internazionale del Mugello\, Italy",Reminder
gtwc-europe-2026-monza@motorsport-calendar-FP1,20260530T070000Z,20260530T080000Z,Free Practice 1,Otros,Otros,Entrenamiento,Normal,"Autodromo Nazionale Monza\, Italy",Reminder
gtwc-europe-2026-monza@motorsport-calendar-FP2,20260530T122500Z,20260530T132500Z,Free Practice 2,Otros,Otros,Entrenamiento,Normal,"Autodromo Nazionale Monza\, Italy",Reminder
gtwc-europe-2026-monza@motorsport-calendar-QUALIFYING,20260531T075000Z,20260531T093000Z,Qualifying,Otros,Otros,Clasificación,Normal,"Autodromo Nazionale Monza\, Italy",Reminder
gtwc-europe-2026-monza@motorsport-calendar-RACE,20260531T133000Z,20260531T150000Z,Main Race,Otros,Otros,Carrera,Normal,"Autodromo Nazionale Monza\, Italy",Reminder
f1calendar-f3-2026-2@motorsport-calendar-FP1,20260604T112500Z,20260604T121000Z,Free Practice,Otros,Otros,Entrenamiento,Normal,"Monaco\, Monaco",Reminder
f1calendar-f3-2026-2@motorsport-calendar-QUALIFYING,20260605T090500Z,20260605T093500Z,Qualifying,Otros,Otros,Clasificación,Normal,"Monaco\, Monaco",Reminder
f1calendar-f3-2026-2@motorsport-calendar-SPRINT,20260606T084500Z,20260606T091500Z,Sprint Race,Otros,Otros,Carrera,Normal,"Monaco\, Monaco",Reminder
f1calendar-f3-2026-2@motorsport-calendar-RACE,20260607T054500Z,20260607T062500Z,Feature Race,Otros,Otros,Carrera,Normal,"Monaco\, Monaco",Reminder
f1calendar-f2-2026-4@motorsport-calendar-FP1,20260604T130000Z,20260604T134500Z,Free Practice,Otros,Otros,Entrenamiento,Normal,"Monaco\, Monaco",Reminder
f1calendar-f2-2026-4@motorsport-calendar-QUALIFYING,20260605T131000Z,20260605T134000Z,Qualifying,Otros,Otros,Clasificación,Normal,"Monaco\, Monaco",Reminder
f1calendar-f2-2026-4@motorsport-calendar-SPRINT,20260606T121500Z,20260606T130000Z,Sprint Race,Otros,Otros,Carrera,Normal,"Monaco\, Monaco",Reminder
f1calendar-f2-2026-4@motorsport-calendar-RACE,20260607T072500Z,20260607T083000Z,Feature Race,Otros,Otros,Carrera,Normal,"Monaco\, Monaco",Reminder
moto3-2026-a37708ab-914c-433f-83d4-e55d1b95ccc3@motorsport-calendar-FP1,20260605T070000Z,20260605T073500Z,Free Practice Nr. 1,Otros,Otros,Entrenamiento,Normal,"Balaton Park\, Hungary",Reminder
moto3-2026-a37708ab-914c-433f-83d4-e55d1b95ccc3@motorsport-calendar-FP2,20260605T111500Z,20260605T115000Z,Practice,Otros,Otros,Entrenamiento,Normal,"Balaton Park\, Hungary",Reminder
moto3-2026-a37708ab-914c-433f-83d4-e55d1b95ccc3@motorsport-calendar-FP3,20260606T064000Z,20260606T071000Z,Free Practice Nr. 2,Otros,Otros,Entrenamiento,Normal,"Balaton Park\, Hungary",Reminder
moto3-2026-a37708ab-914c-433f-83d4-e55d1b95ccc3@motorsport-calendar-QUALIFYING,20260606T104500Z,20260606T112500Z,Qualifying,Otros,Otros,Clasificación,Normal,"Balaton Park\, Hungary",Reminder
moto3-2026-a37708ab-914c-433f-83d4-e55d1b95ccc3@motorsport-calendar-RACE,20260607T090000Z,20260607T093500Z,Race,Otros,Otros,Carrera,Normal,"Balaton Park\, Hungary",Reminder
moto2-2026-a37708ab-914c-433f-83d4-e55d1b95ccc3@motorsport-calendar-FP1,20260605T075000Z,20260605T083600Z,Free Practice Nr. 1,Otros,Otros,Entrenamiento,Normal,"Balaton Park\, Hungary",Reminder
moto2-2026-a37708ab-914c-433f-83d4-e55d1b95ccc3@motorsport-calendar-FP2,20260605T120500Z,20260605T124500Z,Practice,Otros,Otros,Entrenamiento,Normal,"Balaton Park\, Hungary",Reminder
moto2-2026-a37708ab-914c-433f-83d4-e55d1b95ccc3@motorsport-calendar-FP3,20260606T072500Z,20260606T075500Z,Free Practice Nr. 2,Otros,Otros,Entrenamiento,Normal,"Balaton Park\, Hungary",Reminder
moto2-2026-a37708ab-914c-433f-83d4-e55d1b95ccc3@motorsport-calendar-QUALIFYING,20260606T114000Z,20260606T122000Z,Qualifying,Otros,Otros,Clasificación,Normal,"Balaton Park\, Hungary",Reminder
moto2-2026-a37708ab-914c-433f-83d4-e55d1b95ccc3@motorsport-calendar-RACE,20260607T101500Z,20260607T105500Z,Race,Otros,Otros,Carrera,Normal,"Balaton Park\, Hungary",Reminder
motogp-2026-a37708ab-914c-433f-83d4-e55d1b95ccc3@motorsport-calendar-FP1,20260605T084500Z,20260605T093000Z,Free Practice Nr. 1,Otros,Otros,Entrenamiento,Normal,"Balaton Park\, Hungary",Reminder
motogp-2026-a37708ab-914c-433f-83d4-e55d1b95ccc3@motorsport-calendar-FP2,20260605T130000Z,20260605T140000Z,Practice,Otros,Otros,Entrenamiento,Normal,"Balaton Park\, Hungary",Reminder
motogp-2026-a37708ab-914c-433f-83d4-e55d1b95ccc3@motorsport-calendar-FP3,20260606T081000Z,20260606T084000Z,Free Practice Nr. 2,Otros,Otros,Entrenamiento,Normal,"Balaton Park\, Hungary",Reminder
motogp-2026-a37708ab-914c-433f-83d4-e55d1b95ccc3@motorsport-calendar-QUALIFYING,20260606T085000Z,20260606T093000Z,Qualifying,Otros,Otros,Clasificación,Normal,"Balaton Park\, Hungary",Reminder
motogp-2026-a37708ab-914c-433f-83d4-e55d1b95ccc3@motorsport-calendar-SPRINT,20260606T130000Z,20260606T133000Z,Tissot Sprint,Otros,Otros,Sprint,Normal,"Balaton Park\, Hungary",Reminder
motogp-2026-a37708ab-914c-433f-83d4-e55d1b95ccc3@motorsport-calendar-RACE,20260607T120000Z,20260607T124500Z,Grand Prix,Fórmula,F1,Carrera,Normal,"Balaton Park\, Hungary",Reminder
openf1-meeting-1286@motorsport-calendar-FP1,20260605T113000Z,20260605T123000Z,Practice 1,Otros,Otros,Entrenamiento,Normal,"Monte Carlo\, Monaco",Reminder
openf1-meeting-1286@motorsport-calendar-FP2,20260605T150000Z,20260605T160000Z,Practice 2,Otros,Otros,Entrenamiento,Normal,"Monte Carlo\, Monaco",Reminder
openf1-meeting-1286@motorsport-calendar-FP3,20260606T103000Z,20260606T113000Z,Practice 3,Otros,Otros,Entrenamiento,Normal,"Monte Carlo\, Monaco",Reminder
openf1-meeting-1286@motorsport-calendar-QUALIFYING,20260606T140000Z,20260606T150000Z,Qualifying,Otros,Otros,Clasificación,Normal,"Monte Carlo\, Monaco",Reminder
openf1-meeting-1286@motorsport-calendar-RACE,20260607T130000Z,20260607T150000Z,Race,Otros,Otros,Carrera,Normal,"Monte Carlo\, Monaco",Reminder
mlmc-2026-3@motorsport-calendar-FP1,20260610T094000Z,20260610T105500Z,Free Practice 1,Otros,Otros,Entrenamiento,Normal,"Le Mans\, France",Reminder
mlmc-2026-3@motorsport-calendar-FP2,20260610T183000Z,20260610T194500Z,Free Practice 2,Otros,Otros,Entrenamiento,Normal,"Le Mans\, France",Reminder
mlmc-2026-3@motorsport-calendar-QUALIFYING,20260611T081500Z,20260611T084000Z,Qualifying 1,Otros,Otros,Clasificación,Normal,"Le Mans\, France",Reminder
mlmc-2026-3@motorsport-calendar-RACE,20260612T080000Z,20260612T120000Z,Race 1,Otros,Otros,Carrera,Normal,"Le Mans\, France",Reminder
wec-2026-3@motorsport-calendar-FP1,20260610T120000Z,20260610T131500Z,Free Practice 1,Otros,Otros,Entrenamiento,Normal,"24 Heures du Mans\, France",Reminder
wec-2026-3@motorsport-calendar-QUALIFYING,20260610T164500Z,20260610T175500Z,Qualifying,Otros,Otros,Clasificación,Normal,"24 Heures du Mans\, France",Reminder
wec-2026-3@motorsport-calendar-FP2,20260610T200000Z,20260610T211500Z,Free Practice 2,Otros,Otros,Entrenamiento,Normal,"24 Heures du Mans\, France",Reminder
wec-2026-3@motorsport-calendar-FP3,20260611T124500Z,20260611T140000Z,Free Practice 3,Otros,Otros,Entrenamiento,Normal,"24 Heures du Mans\, France",Reminder
wec-2026-3@motorsport-calendar-HYPERPOLE,20260611T180000Z,20260611T200000Z,Hyperpole,Otros,Otros,Evento,Normal,"24 Heures du Mans\, France",Reminder
wec-2026-3@motorsport-calendar-FREE_PRACTICE,20260611T210000Z,20260611T221500Z,Free Practice 4,Otros,Otros,Entrenamiento,Normal,"24 Heures du Mans\, France",Reminder
wec-2026-3@motorsport-calendar-TEST,20260613T100000Z,20260613T104000Z,Warm-up,Otros,Otros,Evento,Normal,"24 Heures du Mans\, France",Reminder
wec-2026-3@motorsport-calendar-RACE,20260613T140000Z,20260614T140000Z,Race,Otros,Otros,Carrera,Normal,"24 Heures du Mans\, France",Reminder
f1calendar-f3-2026-3@motorsport-calendar-FP1,20260612T075500Z,20260612T084000Z,Free Practice,Otros,Otros,Entrenamiento,Normal,"Spanish\, Spain",Reminder
f1calendar-f3-2026-3@motorsport-calendar-QUALIFYING,20260612T130000Z,20260612T133000Z,Qualifying,Otros,Otros,Clasificación,Normal,"Spanish\, Spain",Reminder
f1calendar-f3-2026-3@motorsport-calendar-SPRINT,20260613T080500Z,20260613T083500Z,Sprint Race,Otros,Otros,Carrera,Normal,"Spanish\, Spain",Reminder
f1calendar-f3-2026-3@motorsport-calendar-RACE,20260614T064000Z,20260614T072000Z,Feature Race,Otros,Otros,Carrera,Normal,"Spanish\, Spain",Reminder
f1calendar-f2-2026-5@motorsport-calendar-FP1,20260612T090500Z,20260612T095000Z,Free Practice,Otros,Otros,Entrenamiento,Normal,"Spanish\, Unknown",Reminder
f1calendar-f2-2026-5@motorsport-calendar-QUALIFYING,20260612T135500Z,20260612T142500Z,Qualifying,Otros,Otros,Clasificación,Normal,"Spanish\, Unknown",Reminder
f1calendar-f2-2026-5@motorsport-calendar-SPRINT,20260613T121500Z,20260613T130000Z,Sprint Race,Otros,Otros,Carrera,Normal,"Spanish\, Unknown",Reminder
f1calendar-f2-2026-5@motorsport-calendar-RACE,20260614T092500Z,20260614T103000Z,Feature Race,Otros,Otros,Carrera,Normal,"Spanish\, Unknown",Reminder
openf1-meeting-1287@motorsport-calendar-FP1,20260612T113000Z,20260612T123000Z,Practice 1,Otros,Otros,Entrenamiento,Normal,"Catalunya\, Spain",Reminder
openf1-meeting-1287@motorsport-calendar-FP2,20260612T150000Z,20260612T160000Z,Practice 2,Otros,Otros,Entrenamiento,Normal,"Catalunya\, Spain",Reminder
openf1-meeting-1287@motorsport-calendar-FP3,20260613T103000Z,20260613T113000Z,Practice 3,Otros,Otros,Entrenamiento,Normal,"Catalunya\, Spain",Reminder
openf1-meeting-1287@motorsport-calendar-QUALIFYING,20260613T140000Z,20260613T150000Z,Qualifying,Otros,Otros,Clasificación,Normal,"Catalunya\, Spain",Reminder
openf1-meeting-1287@motorsport-calendar-RACE,20260614T130000Z,20260614T150000Z,Race,Otros,Otros,Carrera,Normal,"Catalunya\, Spain",Reminder
gtwc-america-2026-road-atlanta@motorsport-calendar-FP1,20260612T210500Z,20260612T220500Z,Practice 1,Otros,Otros,Entrenamiento,Normal,"Road Atlanta\, United States of America",Reminder
gtwc-america-2026-road-atlanta@motorsport-calendar-FP2,20260613T144500Z,20260613T154500Z,Practice 2,Otros,Otros,Entrenamiento,Normal,"Road Atlanta\, United States of America",Reminder
gtwc-america-2026-road-atlanta@motorsport-calendar-FP3,20260613T174500Z,20260613T184500Z,Practice 3,Otros,Otros,Entrenamiento,Normal,"Road Atlanta\, United States of America",Reminder
gtwc-america-2026-road-atlanta@motorsport-calendar-QUALIFYING,20260613T212500Z,20260613T225000Z,Qualifying,Otros,Otros,Clasificación,Normal,"Road Atlanta\, United States of America",Reminder
gtwc-america-2026-road-atlanta@motorsport-calendar-RACE,20260614T183000Z,20260614T200000Z,Race,Otros,Otros,Carrera,Normal,"Road Atlanta\, United States of America",Reminder
moto3-2026-c2018c5e-fb82-4058-b359-1b7d9769e703@motorsport-calendar-FP1,20260619T070000Z,20260619T073500Z,Free Practice Nr. 1,Otros,Otros,Entrenamiento,Normal,"CREDITAS Autodrom Brno\, Czechia",Reminder
moto3-2026-c2018c5e-fb82-4058-b359-1b7d9769e703@motorsport-calendar-FP2,20260619T111500Z,20260619T115000Z,Practice,Otros,Otros,Entrenamiento,Normal,"CREDITAS Autodrom Brno\, Czechia",Reminder
moto3-2026-c2018c5e-fb82-4058-b359-1b7d9769e703@motorsport-calendar-FP3,20260620T064000Z,20260620T071000Z,Free Practice Nr. 2,Otros,Otros,Entrenamiento,Normal,"CREDITAS Autodrom Brno\, Czechia",Reminder
moto3-2026-c2018c5e-fb82-4058-b359-1b7d9769e703@motorsport-calendar-QUALIFYING,20260620T104500Z,20260620T112500Z,Qualifying,Otros,Otros,Clasificación,Normal,"CREDITAS Autodrom Brno\, Czechia",Reminder
moto3-2026-c2018c5e-fb82-4058-b359-1b7d9769e703@motorsport-calendar-RACE,20260621T090000Z,20260621T093500Z,Race,Otros,Otros,Carrera,Normal,"CREDITAS Autodrom Brno\, Czechia",Reminder
moto2-2026-c2018c5e-fb82-4058-b359-1b7d9769e703@motorsport-calendar-FP1,20260619T075000Z,20260619T083000Z,Free Practice Nr. 1,Otros,Otros,Entrenamiento,Normal,"CREDITAS Autodrom Brno\, Czechia",Reminder
moto2-2026-c2018c5e-fb82-4058-b359-1b7d9769e703@motorsport-calendar-FP2,20260619T120500Z,20260619T124500Z,Practice,Otros,Otros,Entrenamiento,Normal,"CREDITAS Autodrom Brno\, Czechia",Reminder
moto2-2026-c2018c5e-fb82-4058-b359-1b7d9769e703@motorsport-calendar-FP3,20260620T072500Z,20260620T075500Z,Free Practice Nr. 2,Otros,Otros,Entrenamiento,Normal,"CREDITAS Autodrom Brno\, Czechia",Reminder
moto2-2026-c2018c5e-fb82-4058-b359-1b7d9769e703@motorsport-calendar-QUALIFYING,20260620T114000Z,20260620T122000Z,Qualifying,Otros,Otros,Clasificación,Normal,"CREDITAS Autodrom Brno\, Czechia",Reminder
moto2-2026-c2018c5e-fb82-4058-b359-1b7d9769e703@motorsport-calendar-RACE,20260621T101500Z,20260621T105500Z,Race,Otros,Otros,Carrera,Normal,"CREDITAS Autodrom Brno\, Czechia",Reminder
f1calendar-fe-2026-11@motorsport-calendar-FP1,20260619T083000Z,20260619T090000Z,Free Practice 1,Otros,Otros,Entrenamiento,Normal,"Sanya ePrix\, Unknown",Reminder
f1calendar-fe-2026-11@motorsport-calendar-FP2,20260620T003000Z,20260620T010000Z,Free Practice 2,Otros,Otros,Entrenamiento,Normal,"Sanya ePrix\, Unknown",Reminder
f1calendar-fe-2026-11@motorsport-calendar-QUALIFYING,20260620T024000Z,20260620T034000Z,Qualifying,Otros,Otros,Clasificación,Normal,"Sanya ePrix\, Unknown",Reminder
f1calendar-fe-2026-11@motorsport-calendar-RACE,20260620T070500Z,20260620T075000Z,Race,Otros,Otros,Carrera,Normal,"Sanya ePrix\, Unknown",Reminder
motogp-2026-c2018c5e-fb82-4058-b359-1b7d9769e703@motorsport-calendar-FP1,20260619T084500Z,20260619T093000Z,Free Practice Nr. 1,Otros,Otros,Entrenamiento,Normal,"CREDITAS Autodrom Brno\, Czechia",Reminder
motogp-2026-c2018c5e-fb82-4058-b359-1b7d9769e703@motorsport-calendar-FP2,20260619T130000Z,20260619T140000Z,Practice,Otros,Otros,Entrenamiento,Normal,"CREDITAS Autodrom Brno\, Czechia",Reminder
motogp-2026-c2018c5e-fb82-4058-b359-1b7d9769e703@motorsport-calendar-FP3,20260620T081000Z,20260620T084000Z,Free Practice Nr. 2,Otros,Otros,Entrenamiento,Normal,"CREDITAS Autodrom Brno\, Czechia",Reminder
motogp-2026-c2018c5e-fb82-4058-b359-1b7d9769e703@motorsport-calendar-QUALIFYING,20260620T085000Z,20260620T093000Z,Qualifying,Otros,Otros,Clasificación,Normal,"CREDITAS Autodrom Brno\, Czechia",Reminder
motogp-2026-c2018c5e-fb82-4058-b359-1b7d9769e703@motorsport-calendar-SPRINT,20260620T130000Z,20260620T133000Z,Tissot Sprint,Otros,Otros,Sprint,Normal,"CREDITAS Autodrom Brno\, Czechia",Reminder
motogp-2026-c2018c5e-fb82-4058-b359-1b7d9769e703@motorsport-calendar-RACE,20260621T120000Z,20260621T124500Z,Grand Prix,Fórmula,F1,Carrera,Normal,"CREDITAS Autodrom Brno\, Czechia",Reminder
gtwc-europe-2026-crowdstrike-24-hours-of-spa@motorsport-calendar-FP1,20260625T081000Z,20260625T091000Z,Free Practice 1,Otros,Otros,Entrenamiento,Normal,"Spa-Francorchamps\, Belgium",Reminder
gtwc-europe-2026-crowdstrike-24-hours-of-spa@motorsport-calendar-FP2,20260625T141000Z,20260625T151000Z,Free Practice 2,Otros,Otros,Entrenamiento,Normal,"Spa-Francorchamps\, Belgium",Reminder
gtwc-europe-2026-crowdstrike-24-hours-of-spa@motorsport-calendar-QUALIFYING,20260625T174500Z,20260625T214000Z,Qualifying,Otros,Otros,Clasificación,Normal,"Spa-Francorchamps\, Belgium",Reminder
gtwc-europe-2026-crowdstrike-24-hours-of-spa@motorsport-calendar-FP3,20260625T205500Z,20260625T215500Z,Night Practice,Otros,Otros,Entrenamiento,Normal,"Spa-Francorchamps\, Belgium",Reminder
gtwc-europe-2026-crowdstrike-24-hours-of-spa@motorsport-calendar-HYPERPOLE,20260626T130500Z,20260626T132500Z,Superpole,Otros,Otros,Evento,Normal,"Spa-Francorchamps\, Belgium",Reminder
gtwc-europe-2026-crowdstrike-24-hours-of-spa@motorsport-calendar-RACE,20260627T143000Z,20260628T143000Z,Main Race,Otros,Otros,Carrera,Normal,"Spa-Francorchamps\, Belgium",Reminder
igtc-2026-crowdstrike-24-hours-of-spa@motorsport-calendar-FP1,20260625T081000Z,20260625T091000Z,Free Practice 1,Otros,Otros,Entrenamiento,Normal,"Spa-Francorchamps\, Belgium",Reminder
igtc-2026-crowdstrike-24-hours-of-spa@motorsport-calendar-FP2,20260625T120000Z,20260625T130000Z,Free Practice 2,Otros,Otros,Entrenamiento,Normal,"Spa-Francorchamps\, Belgium",Reminder
igtc-2026-crowdstrike-24-hours-of-spa@motorsport-calendar-QUALIFYING,20260625T174500Z,20260625T200500Z,Qualifying,Otros,Otros,Clasificación,Normal,"Spa-Francorchamps\, Belgium",Reminder
igtc-2026-crowdstrike-24-hours-of-spa@motorsport-calendar-FP3,20260625T203000Z,20260625T213000Z,Night Practice,Otros,Otros,Entrenamiento,Normal,"Spa-Francorchamps\, Belgium",Reminder
igtc-2026-crowdstrike-24-hours-of-spa@motorsport-calendar-RACE,20260627T143000Z,20260628T143000Z,Race,Otros,Otros,Carrera,Normal,"Spa-Francorchamps\, Belgium",Reminder
moto3-2026-47c25c37-d307-4d45-b1ed-b1cb5e811975@motorsport-calendar-FP1,20260626T070000Z,20260626T073500Z,Free Practice Nr. 1,Otros,Otros,Entrenamiento,Normal,"TT Circuit Assen\, Netherlands",Reminder
moto3-2026-47c25c37-d307-4d45-b1ed-b1cb5e811975@motorsport-calendar-FP2,20260626T112000Z,20260626T115500Z,Practice,Otros,Otros,Entrenamiento,Normal,"TT Circuit Assen\, Netherlands",Reminder
moto3-2026-47c25c37-d307-4d45-b1ed-b1cb5e811975@motorsport-calendar-FP3,20260627T064000Z,20260627T071000Z,Free Practice Nr. 2,Otros,Otros,Entrenamiento,Normal,"TT Circuit Assen\, Netherlands",Reminder
moto3-2026-47c25c37-d307-4d45-b1ed-b1cb5e811975@motorsport-calendar-QUALIFYING,20260627T104500Z,20260627T112500Z,Qualifying,Otros,Otros,Clasificación,Normal,"TT Circuit Assen\, Netherlands",Reminder
moto3-2026-47c25c37-d307-4d45-b1ed-b1cb5e811975@motorsport-calendar-RACE,20260628T090000Z,20260628T093500Z,Race,Otros,Otros,Carrera,Normal,"TT Circuit Assen\, Netherlands",Reminder
moto2-2026-47c25c37-d307-4d45-b1ed-b1cb5e811975@motorsport-calendar-FP1,20260626T075000Z,20260626T083000Z,Free Practice Nr. 1,Otros,Otros,Entrenamiento,Normal,"TT Circuit Assen\, Netherlands",Reminder
moto2-2026-47c25c37-d307-4d45-b1ed-b1cb5e811975@motorsport-calendar-FP2,20260626T120500Z,20260626T125000Z,Practice,Otros,Otros,Entrenamiento,Normal,"TT Circuit Assen\, Netherlands",Reminder
moto2-2026-47c25c37-d307-4d45-b1ed-b1cb5e811975@motorsport-calendar-FP3,20260627T072500Z,20260627T075500Z,Free Practice Nr. 2,Otros,Otros,Entrenamiento,Normal,"TT Circuit Assen\, Netherlands",Reminder
moto2-2026-47c25c37-d307-4d45-b1ed-b1cb5e811975@motorsport-calendar-QUALIFYING,20260627T114000Z,20260627T122300Z,Qualifying,Otros,Otros,Clasificación,Normal,"TT Circuit Assen\, Netherlands",Reminder
moto2-2026-47c25c37-d307-4d45-b1ed-b1cb5e811975@motorsport-calendar-RACE,20260628T101500Z,20260628T105500Z,Race,Otros,Otros,Carrera,Normal,"TT Circuit Assen\, Netherlands",Reminder
f1calendar-f3-2026-4@motorsport-calendar-FP1,20260626T075500Z,20260626T084000Z,Free Practice,Otros,Otros,Entrenamiento,Normal,"Austrian\, Austria",Reminder
f1calendar-f3-2026-4@motorsport-calendar-QUALIFYING,20260626T130000Z,20260626T133000Z,Qualifying,Otros,Otros,Clasificación,Normal,"Austrian\, Austria",Reminder
f1calendar-f3-2026-4@motorsport-calendar-SPRINT,20260627T080500Z,20260627T083500Z,Sprint Race,Otros,Otros,Carrera,Normal,"Austrian\, Austria",Reminder
f1calendar-f3-2026-4@motorsport-calendar-RACE,20260628T064000Z,20260628T072000Z,Feature Race,Otros,Otros,Carrera,Normal,"Austrian\, Austria",Reminder
motogp-2026-47c25c37-d307-4d45-b1ed-b1cb5e811975@motorsport-calendar-FP1,20260626T084500Z,20260626T093000Z,Free Practice Nr. 1,Otros,Otros,Entrenamiento,Normal,"TT Circuit Assen\, Netherlands",Reminder
motogp-2026-47c25c37-d307-4d45-b1ed-b1cb5e811975@motorsport-calendar-FP2,20260626T130000Z,20260626T140500Z,Practice,Otros,Otros,Entrenamiento,Normal,"TT Circuit Assen\, Netherlands",Reminder
motogp-2026-47c25c37-d307-4d45-b1ed-b1cb5e811975@motorsport-calendar-FP3,20260627T081000Z,20260627T084000Z,Free Practice Nr. 2,Otros,Otros,Entrenamiento,Normal,"TT Circuit Assen\, Netherlands",Reminder
motogp-2026-47c25c37-d307-4d45-b1ed-b1cb5e811975@motorsport-calendar-QUALIFYING,20260627T085000Z,20260627T093000Z,Qualifying,Otros,Otros,Clasificación,Normal,"TT Circuit Assen\, Netherlands",Reminder
motogp-2026-47c25c37-d307-4d45-b1ed-b1cb5e811975@motorsport-calendar-SPRINT,20260627T130000Z,20260627T133000Z,Tissot Sprint,Otros,Otros,Sprint,Normal,"TT Circuit Assen\, Netherlands",Reminder
motogp-2026-47c25c37-d307-4d45-b1ed-b1cb5e811975@motorsport-calendar-RACE,20260628T120000Z,20260628T124500Z,Grand Prix,Fórmula,F1,Carrera,Normal,"TT Circuit Assen\, Netherlands",Reminder
f1calendar-f2-2026-6@motorsport-calendar-FP1,20260626T090500Z,20260626T095000Z,Free Practice,Otros,Otros,Entrenamiento,Normal,"Austrian\, Unknown",Reminder
f1calendar-f2-2026-6@motorsport-calendar-QUALIFYING,20260626T135500Z,20260626T142500Z,Qualifying,Otros,Otros,Clasificación,Normal,"Austrian\, Unknown",Reminder
f1calendar-f2-2026-6@motorsport-calendar-SPRINT,20260627T121500Z,20260627T130000Z,Sprint Race,Otros,Otros,Carrera,Normal,"Austrian\, Unknown",Reminder
f1calendar-f2-2026-6@motorsport-calendar-RACE,20260628T081000Z,20260628T091500Z,Feature Race,Otros,Otros,Carrera,Normal,"Austrian\, Unknown",Reminder
openf1-meeting-1288@motorsport-calendar-FP1,20260626T113000Z,20260626T123000Z,Practice 1,Otros,Otros,Entrenamiento,Normal,"Spielberg\, Austria",Reminder
openf1-meeting-1288@motorsport-calendar-FP2,20260626T150000Z,20260626T160000Z,Practice 2,Otros,Otros,Entrenamiento,Normal,"Spielberg\, Austria",Reminder
openf1-meeting-1288@motorsport-calendar-FP3,20260627T103000Z,20260627T113000Z,Practice 3,Otros,Otros,Entrenamiento,Normal,"Spielberg\, Austria",Reminder
openf1-meeting-1288@motorsport-calendar-QUALIFYING,20260627T140000Z,20260627T150000Z,Qualifying,Otros,Otros,Clasificación,Normal,"Spielberg\, Austria",Reminder
openf1-meeting-1288@motorsport-calendar-RACE,20260628T130000Z,20260628T150000Z,Race,Otros,Otros,Carrera,Normal,"Spielberg\, Austria",Reminder
f1calendar-f1-academy-2026-3@motorsport-calendar-FP1,20260703T064500Z,20260703T073000Z,Free Practice 1,Otros,Otros,Entrenamiento,Normal,"British\, Unknown",Reminder
f1calendar-f1-academy-2026-3@motorsport-calendar-QUALIFYING,20260703T170000Z,20260703T173000Z,Qualifying 1,Otros,Otros,Clasificación,Normal,"British\, Unknown",Reminder
f1calendar-f1-academy-2026-3@motorsport-calendar-SPRINT,20260704T170500Z,20260704T173500Z,Race 1,Otros,Otros,Carrera,Normal,"British\, Unknown",Reminder
f1calendar-f1-academy-2026-3@motorsport-calendar-FP3,20260705T090000Z,20260705T093000Z,Race 2,Otros,Otros,Carrera,Normal,"British\, Unknown",Reminder
f1calendar-f3-2026-5@motorsport-calendar-FP1,20260703T075000Z,20260703T083500Z,Free Practice,Otros,Otros,Entrenamiento,Normal,"British\, UK",Reminder
f1calendar-f3-2026-5@motorsport-calendar-QUALIFYING,20260703T130000Z,20260703T133000Z,Qualifying,Otros,Otros,Clasificación,Normal,"British\, UK",Reminder
f1calendar-f3-2026-5@motorsport-calendar-SPRINT,20260704T083500Z,20260704T090500Z,Sprint Race,Otros,Otros,Carrera,Normal,"British\, UK",Reminder
f1calendar-f3-2026-5@motorsport-calendar-RACE,20260705T072500Z,20260705T080500Z,Feature Race,Otros,Otros,Carrera,Normal,"British\, UK",Reminder
f1calendar-fe-2026-12@motorsport-calendar-FP1,20260703T080000Z,20260703T083000Z,Free Practice 1,Otros,Otros,Entrenamiento,Normal,"Shanghai ePrix\, China",Reminder
f1calendar-fe-2026-12@motorsport-calendar-FP2,20260703T220000Z,20260703T223000Z,Free Practice 2,Otros,Otros,Entrenamiento,Normal,"Shanghai ePrix\, China",Reminder
f1calendar-fe-2026-12@motorsport-calendar-QUALIFYING,20260704T000000Z,20260704T010000Z,Qualifying,Otros,Otros,Clasificación,Normal,"Shanghai ePrix\, China",Reminder
f1calendar-fe-2026-12@motorsport-calendar-RACE,20260704T040500Z,20260704T045000Z,Race,Otros,Otros,Carrera,Normal,"Shanghai ePrix\, China",Reminder
elms-2026-3@motorsport-calendar-FP1,20260703T085000Z,20260703T100500Z,Free Practice 1,Otros,Otros,Entrenamiento,Normal,"Imola\, Italy",Reminder
elms-2026-3@motorsport-calendar-TEST,20260703T125500Z,20260703T133500Z,Bronze Driver Collective Test,Otros,Otros,Evento,Normal,"Imola\, Italy",Reminder
elms-2026-3@motorsport-calendar-FP2,20260704T085000Z,20260704T100500Z,Free Practice 2,Otros,Otros,Entrenamiento,Normal,"Imola\, Italy",Reminder
elms-2026-3@motorsport-calendar-QUALIFYING,20260704T125500Z,20260704T143500Z,Qualifying,Otros,Otros,Clasificación,Normal,"Imola\, Italy",Reminder
elms-2026-3@motorsport-calendar-RACE,20260705T110000Z,20260705T140000Z,Race,Otros,Otros,Carrera,Normal,"Imola\, Italy",Reminder
f1calendar-f2-2026-7@motorsport-calendar-FP1,20260703T090000Z,20260703T094500Z,Free Practice,Otros,Otros,Entrenamiento,Normal,"British\, Unknown",Reminder
f1calendar-f2-2026-7@motorsport-calendar-QUALIFYING,20260703T135500Z,20260703T142500Z,Qualifying,Otros,Otros,Clasificación,Normal,"British\, Unknown",Reminder
f1calendar-f2-2026-7@motorsport-calendar-SPRINT,20260704T124500Z,20260704T133000Z,Sprint Race,Otros,Otros,Carrera,Normal,"British\, Unknown",Reminder
f1calendar-f2-2026-7@motorsport-calendar-RACE,20260705T101500Z,20260705T112000Z,Feature Race,Otros,Otros,Carrera,Normal,"British\, Unknown",Reminder
openf1-meeting-1289@motorsport-calendar-FP1,20260703T113000Z,20260703T123000Z,Practice 1,Otros,Otros,Entrenamiento,Normal,"Silverstone\, United Kingdom",Reminder
openf1-meeting-1289@motorsport-calendar-SPRINT_QUALIFYING,20260703T153000Z,20260703T161400Z,Sprint Qualifying,Otros,Otros,Clasificación,Normal,"Silverstone\, United Kingdom",Reminder
openf1-meeting-1289@motorsport-calendar-SPRINT,20260704T110000Z,20260704T120000Z,Sprint,Otros,Otros,Sprint,Normal,"Silverstone\, United Kingdom",Reminder
openf1-meeting-1289@motorsport-calendar-QUALIFYING,20260704T150000Z,20260704T160000Z,Qualifying,Otros,Otros,Clasificación,Normal,"Silverstone\, United Kingdom",Reminder
openf1-meeting-1289@motorsport-calendar-RACE,20260705T140000Z,20260705T160000Z,Race,Otros,Otros,Carrera,Normal,"Silverstone\, United Kingdom",Reminder
f1calendar-fe-2026-13@motorsport-calendar-FP3,20260704T220000Z,20260704T223000Z,Free Practice 3,Otros,Otros,Entrenamiento,Normal,"Shanghai ePrix\, China",Reminder
f1calendar-fe-2026-13@motorsport-calendar-QUALIFYING,20260705T000000Z,20260705T010000Z,Qualifying,Otros,Otros,Clasificación,Normal,"Shanghai ePrix\, China",Reminder
f1calendar-fe-2026-13@motorsport-calendar-RACE,20260705T040500Z,20260705T045000Z,Race,Otros,Otros,Carrera,Normal,"Shanghai ePrix\, China",Reminder
gtwc-asia-2026-fuji-international-speedway@motorsport-calendar-FP1,20260710T021000Z,20260710T031000Z,Official Practice,Otros,Otros,Entrenamiento,Normal,"Fuji Speedway\, Japan",Reminder
gtwc-asia-2026-fuji-international-speedway@motorsport-calendar-FP2,20260710T031500Z,20260710T041500Z,Bronze Session,Otros,Otros,Evento,Normal,"Fuji Speedway\, Japan",Reminder
gtwc-asia-2026-fuji-international-speedway@motorsport-calendar-SPRINT_QUALIFYING,20260710T233000Z,20260711T005200Z,Qualifying,Otros,Otros,Clasificación,Normal,"Fuji Speedway\, Japan",Reminder
gtwc-asia-2026-fuji-international-speedway@motorsport-calendar-SPRINT,20260711T033500Z,20260711T043500Z,Race 1,Otros,Otros,Carrera,Normal,"Fuji Speedway\, Japan",Reminder
gtwc-asia-2026-fuji-international-speedway@motorsport-calendar-RACE,20260712T023500Z,20260712T040500Z,Race 2,Otros,Otros,Carrera,Normal,"Fuji Speedway\, Japan",Reminder
moto3-2026-259be6f4-c23c-4dc2-bc42-7664842f6409@motorsport-calendar-FP1,20260710T070000Z,20260710T073500Z,Free Practice Nr. 1,Otros,Otros,Entrenamiento,Normal,"Sachsenring\, Germany",Reminder
moto3-2026-259be6f4-c23c-4dc2-bc42-7664842f6409@motorsport-calendar-FP2,20260710T111500Z,20260710T115000Z,Practice,Otros,Otros,Entrenamiento,Normal,"Sachsenring\, Germany",Reminder
moto3-2026-259be6f4-c23c-4dc2-bc42-7664842f6409@motorsport-calendar-FP3,20260711T064000Z,20260711T071000Z,Free Practice Nr. 2,Otros,Otros,Entrenamiento,Normal,"Sachsenring\, Germany",Reminder
moto3-2026-259be6f4-c23c-4dc2-bc42-7664842f6409@motorsport-calendar-QUALIFYING,20260711T104500Z,20260711T112500Z,Qualifying,Otros,Otros,Clasificación,Normal,"Sachsenring\, Germany",Reminder
moto3-2026-259be6f4-c23c-4dc2-bc42-7664842f6409@motorsport-calendar-RACE,20260712T090000Z,20260712T093500Z,Race,Otros,Otros,Carrera,Normal,"Sachsenring\, Germany",Reminder
moto2-2026-259be6f4-c23c-4dc2-bc42-7664842f6409@motorsport-calendar-FP1,20260710T075000Z,20260710T083000Z,Free Practice Nr. 1,Otros,Otros,Entrenamiento,Normal,"Sachsenring\, Germany",Reminder
moto2-2026-259be6f4-c23c-4dc2-bc42-7664842f6409@motorsport-calendar-FP2,20260710T120500Z,20260710T124500Z,Practice,Otros,Otros,Entrenamiento,Normal,"Sachsenring\, Germany",Reminder
moto2-2026-259be6f4-c23c-4dc2-bc42-7664842f6409@motorsport-calendar-FP3,20260711T072500Z,20260711T075500Z,Free Practice Nr. 2,Otros,Otros,Entrenamiento,Normal,"Sachsenring\, Germany",Reminder
moto2-2026-259be6f4-c23c-4dc2-bc42-7664842f6409@motorsport-calendar-QUALIFYING,20260711T114000Z,20260711T122000Z,Qualifying,Otros,Otros,Clasificación,Normal,"Sachsenring\, Germany",Reminder
moto2-2026-259be6f4-c23c-4dc2-bc42-7664842f6409@motorsport-calendar-RACE,20260712T101500Z,20260712T105500Z,Race,Otros,Otros,Carrera,Normal,"Sachsenring\, Germany",Reminder
motogp-2026-259be6f4-c23c-4dc2-bc42-7664842f6409@motorsport-calendar-FP1,20260710T084500Z,20260710T093000Z,Free Practice Nr. 1,Otros,Otros,Entrenamiento,Normal,"Sachsenring\, Germany",Reminder
motogp-2026-259be6f4-c23c-4dc2-bc42-7664842f6409@motorsport-calendar-FP2,20260710T130000Z,20260710T140000Z,Practice,Otros,Otros,Entrenamiento,Normal,"Sachsenring\, Germany",Reminder
motogp-2026-259be6f4-c23c-4dc2-bc42-7664842f6409@motorsport-calendar-FP3,20260711T081000Z,20260711T084000Z,Free Practice Nr. 2,Otros,Otros,Entrenamiento,Normal,"Sachsenring\, Germany",Reminder
motogp-2026-259be6f4-c23c-4dc2-bc42-7664842f6409@motorsport-calendar-QUALIFYING,20260711T085000Z,20260711T093000Z,Qualifying,Otros,Otros,Clasificación,Normal,"Sachsenring\, Germany",Reminder
motogp-2026-259be6f4-c23c-4dc2-bc42-7664842f6409@motorsport-calendar-SPRINT,20260711T130000Z,20260711T133000Z,Tissot Sprint,Otros,Otros,Sprint,Normal,"Sachsenring\, Germany",Reminder
motogp-2026-259be6f4-c23c-4dc2-bc42-7664842f6409@motorsport-calendar-RACE,20260712T120000Z,20260712T124500Z,Grand Prix,Fórmula,F1,Carrera,Normal,"Sachsenring\, Germany",Reminder
wec-2026-4@motorsport-calendar-FP1,20260710T090000Z,20260710T101500Z,Free Practice 1,Otros,Otros,Entrenamiento,Normal,"Interlagos\, Brazil",Reminder
wec-2026-4@motorsport-calendar-FP2,20260710T135000Z,20260710T150500Z,Free Practice 2,Otros,Otros,Entrenamiento,Normal,"Interlagos\, Brazil",Reminder
wec-2026-4@motorsport-calendar-FP3,20260711T081000Z,20260711T092500Z,Free Practice 3,Otros,Otros,Entrenamiento,Normal,"Interlagos\, Brazil",Reminder
wec-2026-4@motorsport-calendar-QUALIFYING,20260711T123000Z,20260711T133500Z,Qualifying,Otros,Otros,Clasificación,Normal,"Interlagos\, Brazil",Reminder
wec-2026-4@motorsport-calendar-HYPERPOLE,20260711T125000Z,20260711T135000Z,Hyperpole,Otros,Otros,Evento,Normal,"Interlagos\, Brazil",Reminder
wec-2026-4@motorsport-calendar-RACE,20260712T093000Z,20260712T153000Z,Race,Otros,Otros,Carrera,Normal,"Interlagos\, Brazil",Reminder
f1calendar-f3-2026-6@motorsport-calendar-FP1,20260717T075500Z,20260717T084000Z,Free Practice,Otros,Otros,Entrenamiento,Normal,"Belgian\, Belgium",Reminder
f1calendar-f3-2026-6@motorsport-calendar-QUALIFYING,20260717T130000Z,20260717T133000Z,Qualifying,Otros,Otros,Clasificación,Normal,"Belgian\, Belgium",Reminder
f1calendar-f3-2026-6@motorsport-calendar-SPRINT,20260718T080000Z,20260718T083000Z,Sprint Race,Otros,Otros,Carrera,Normal,"Belgian\, Belgium",Reminder
f1calendar-f3-2026-6@motorsport-calendar-RACE,20260719T063000Z,20260719T071000Z,Feature Race,Otros,Otros,Carrera,Normal,"Belgian\, Belgium",Reminder
f1calendar-f2-2026-8@motorsport-calendar-FP1,20260717T090500Z,20260717T095000Z,Free Practice,Otros,Otros,Entrenamiento,Normal,"Belgian\, Unknown",Reminder
f1calendar-f2-2026-8@motorsport-calendar-QUALIFYING,20260717T135500Z,20260717T142500Z,Qualifying,Otros,Otros,Clasificación,Normal,"Belgian\, Unknown",Reminder
f1calendar-f2-2026-8@motorsport-calendar-SPRINT,20260718T121500Z,20260718T130000Z,Sprint Race,Otros,Otros,Carrera,Normal,"Belgian\, Unknown",Reminder
f1calendar-f2-2026-8@motorsport-calendar-RACE,20260719T080000Z,20260719T090500Z,Feature Race,Otros,Otros,Carrera,Normal,"Belgian\, Unknown",Reminder
openf1-meeting-1290@motorsport-calendar-FP1,20260717T113000Z,20260717T123000Z,Practice 1,Otros,Otros,Entrenamiento,Normal,"Spa-Francorchamps\, Belgium",Reminder
openf1-meeting-1290@motorsport-calendar-FP2,20260717T150000Z,20260717T160000Z,Practice 2,Otros,Otros,Entrenamiento,Normal,"Spa-Francorchamps\, Belgium",Reminder
openf1-meeting-1290@motorsport-calendar-FP3,20260718T103000Z,20260718T113000Z,Practice 3,Otros,Otros,Entrenamiento,Normal,"Spa-Francorchamps\, Belgium",Reminder
openf1-meeting-1290@motorsport-calendar-QUALIFYING,20260718T140000Z,20260718T150000Z,Qualifying,Otros,Otros,Clasificación,Normal,"Spa-Francorchamps\, Belgium",Reminder
openf1-meeting-1290@motorsport-calendar-RACE,20260719T130000Z,20260719T150000Z,Race,Otros,Otros,Carrera,Normal,"Spa-Francorchamps\, Belgium",Reminder
gtwc-europe-2026-misano@motorsport-calendar-FP1,20260717T125000Z,20260717T135000Z,Free Practice 1,Otros,Otros,Entrenamiento,Normal,"Misano World Circuit\, Italy",Reminder
gtwc-europe-2026-misano@motorsport-calendar-FP2,20260717T181000Z,20260717T191000Z,Free Practice 2,Otros,Otros,Entrenamiento,Normal,"Misano World Circuit\, Italy",Reminder
gtwc-europe-2026-misano@motorsport-calendar-SPRINT_QUALIFYING,20260718T110500Z,20260718T122000Z,Qualifying,Otros,Otros,Clasificación,Normal,"Misano World Circuit\, Italy",Reminder
gtwc-europe-2026-misano@motorsport-calendar-SPRINT,20260718T183000Z,20260718T193000Z,Race 1,Otros,Otros,Carrera,Normal,"Misano World Circuit\, Italy",Reminder
gtwc-europe-2026-misano@motorsport-calendar-QUALIFYING,20260719T080500Z,20260719T094000Z,Qualifying,Otros,Otros,Clasificación,Normal,"Misano World Circuit\, Italy",Reminder
gtwc-europe-2026-misano@motorsport-calendar-RACE,20260719T123000Z,20260719T140000Z,Race 2,Otros,Otros,Carrera,Normal,"Misano World Circuit\, Italy",Reminder
f1calendar-f3-2026-7@motorsport-calendar-FP1,20260724T075500Z,20260724T084000Z,Free Practice,Otros,Otros,Entrenamiento,Normal,"Hungarian\, Hungary",Reminder
f1calendar-f3-2026-7@motorsport-calendar-QUALIFYING,20260724T130000Z,20260724T133000Z,Qualifying,Otros,Otros,Clasificación,Normal,"Hungarian\, Hungary",Reminder
f1calendar-f3-2026-7@motorsport-calendar-SPRINT,20260725T080500Z,20260725T083500Z,Sprint Race,Otros,Otros,Carrera,Normal,"Hungarian\, Hungary",Reminder
f1calendar-f3-2026-7@motorsport-calendar-RACE,20260726T064000Z,20260726T072000Z,Feature Race,Otros,Otros,Carrera,Normal,"Hungarian\, Hungary",Reminder
f1calendar-f2-2026-9@motorsport-calendar-FP1,20260724T090500Z,20260724T095000Z,Free Practice,Otros,Otros,Entrenamiento,Normal,"Hungarian\, Unknown",Reminder
f1calendar-f2-2026-9@motorsport-calendar-QUALIFYING,20260724T135500Z,20260724T142500Z,Qualifying,Otros,Otros,Clasificación,Normal,"Hungarian\, Unknown",Reminder
f1calendar-f2-2026-9@motorsport-calendar-SPRINT,20260725T121500Z,20260725T130000Z,Sprint Race,Otros,Otros,Carrera,Normal,"Hungarian\, Unknown",Reminder
f1calendar-f2-2026-9@motorsport-calendar-RACE,20260726T092500Z,20260726T103000Z,Feature Race,Otros,Otros,Carrera,Normal,"Hungarian\, Unknown",Reminder
f1calendar-fe-2026-14@motorsport-calendar-FP1,20260724T100000Z,20260724T103000Z,Free Practice 1,Otros,Otros,Entrenamiento,Normal,"Tokyo ePrix\, Japan",Reminder
f1calendar-fe-2026-14@motorsport-calendar-FP2,20260725T043000Z,20260725T050000Z,Free Practice 2,Otros,Otros,Entrenamiento,Normal,"Tokyo ePrix\, Japan",Reminder
f1calendar-fe-2026-14@motorsport-calendar-QUALIFYING,20260725T064000Z,20260725T074000Z,Qualifying,Otros,Otros,Clasificación,Normal,"Tokyo ePrix\, Japan",Reminder
f1calendar-fe-2026-14@motorsport-calendar-RACE,20260725T110500Z,20260725T115000Z,Race,Otros,Otros,Carrera,Normal,"Tokyo ePrix\, Japan",Reminder
openf1-meeting-1291@motorsport-calendar-FP1,20260724T113000Z,20260724T123000Z,Practice 1,Otros,Otros,Entrenamiento,Normal,"Hungaroring\, Hungary",Reminder
openf1-meeting-1291@motorsport-calendar-FP2,20260724T150000Z,20260724T160000Z,Practice 2,Otros,Otros,Entrenamiento,Normal,"Hungaroring\, Hungary",Reminder
openf1-meeting-1291@motorsport-calendar-FP3,20260725T103000Z,20260725T113000Z,Practice 3,Otros,Otros,Entrenamiento,Normal,"Hungaroring\, Hungary",Reminder
openf1-meeting-1291@motorsport-calendar-QUALIFYING,20260725T140000Z,20260725T150000Z,Qualifying,Otros,Otros,Clasificación,Normal,"Hungaroring\, Hungary",Reminder
openf1-meeting-1291@motorsport-calendar-RACE,20260726T130000Z,20260726T150000Z,Race,Otros,Otros,Carrera,Normal,"Hungaroring\, Hungary",Reminder
f1calendar-fe-2026-15@motorsport-calendar-FP3,20260726T043000Z,20260726T050000Z,Free Practice 3,Otros,Otros,Entrenamiento,Normal,"Tokyo ePrix\, Japan",Reminder
f1calendar-fe-2026-15@motorsport-calendar-QUALIFYING,20260726T064000Z,20260726T074000Z,Qualifying,Otros,Otros,Clasificación,Normal,"Tokyo ePrix\, Japan",Reminder
f1calendar-fe-2026-15@motorsport-calendar-RACE,20260726T110500Z,20260726T115000Z,Race,Otros,Otros,Carrera,Normal,"Tokyo ePrix\, Japan",Reminder
gtwc-europe-2026-magny-cours@motorsport-calendar-FP1,20260731T113000Z,20260731T123000Z,Free Practice 1,Otros,Otros,Entrenamiento,Normal,"Circuit de Nevers Magny-Cours\, France",Reminder
gtwc-europe-2026-magny-cours@motorsport-calendar-FP2,20260731T184000Z,20260731T194000Z,Free Practice 2,Otros,Otros,Entrenamiento,Normal,"Circuit de Nevers Magny-Cours\, France",Reminder
gtwc-europe-2026-magny-cours@motorsport-calendar-SPRINT_QUALIFYING,20260801T125500Z,20260801T142000Z,Qualifying,Otros,Otros,Clasificación,Normal,"Circuit de Nevers Magny-Cours\, France",Reminder
gtwc-europe-2026-magny-cours@motorsport-calendar-SPRINT,20260801T190500Z,20260801T200500Z,Race 1,Otros,Otros,Carrera,Normal,"Circuit de Nevers Magny-Cours\, France",Reminder
gtwc-europe-2026-magny-cours@motorsport-calendar-QUALIFYING,20260802T085000Z,20260802T101500Z,Qualifying,Otros,Otros,Clasificación,Normal,"Circuit de Nevers Magny-Cours\, France",Reminder
gtwc-europe-2026-magny-cours@motorsport-calendar-RACE,20260802T133000Z,20260802T150000Z,Race 2,Otros,Otros,Carrera,Normal,"Circuit de Nevers Magny-Cours\, France",Reminder
moto3-2026-41aa319a-8ec5-49d6-aa99-4e2059c88098@motorsport-calendar-FP1,20260807T090000Z,20260807T093500Z,Free Practice Nr. 1,Otros,Otros,Entrenamiento,Normal,"Silverstone Circuit\, United Kingdom",Reminder
moto3-2026-41aa319a-8ec5-49d6-aa99-4e2059c88098@motorsport-calendar-FP2,20260807T131500Z,20260807T135000Z,Practice,Otros,Otros,Entrenamiento,Normal,"Silverstone Circuit\, United Kingdom",Reminder
moto3-2026-41aa319a-8ec5-49d6-aa99-4e2059c88098@motorsport-calendar-FP3,20260808T084000Z,20260808T091000Z,Free Practice Nr. 2,Otros,Otros,Entrenamiento,Normal,"Silverstone Circuit\, United Kingdom",Reminder
moto3-2026-41aa319a-8ec5-49d6-aa99-4e2059c88098@motorsport-calendar-QUALIFYING,20260808T124500Z,20260808T132500Z,Qualifying,Otros,Otros,Clasificación,Normal,"Silverstone Circuit\, United Kingdom",Reminder
moto3-2026-41aa319a-8ec5-49d6-aa99-4e2059c88098@motorsport-calendar-RACE,20260809T133000Z,20260809T140500Z,Race,Otros,Otros,Carrera,Normal,"Silverstone Circuit\, United Kingdom",Reminder
moto2-2026-41aa319a-8ec5-49d6-aa99-4e2059c88098@motorsport-calendar-FP1,20260807T095000Z,20260807T103000Z,Free Practice Nr. 1,Otros,Otros,Entrenamiento,Normal,"Silverstone Circuit\, United Kingdom",Reminder
moto2-2026-41aa319a-8ec5-49d6-aa99-4e2059c88098@motorsport-calendar-FP2,20260807T140500Z,20260807T144500Z,Practice,Otros,Otros,Entrenamiento,Normal,"Silverstone Circuit\, United Kingdom",Reminder
moto2-2026-41aa319a-8ec5-49d6-aa99-4e2059c88098@motorsport-calendar-FP3,20260808T092500Z,20260808T095500Z,Free Practice Nr. 2,Otros,Otros,Entrenamiento,Normal,"Silverstone Circuit\, United Kingdom",Reminder
moto2-2026-41aa319a-8ec5-49d6-aa99-4e2059c88098@motorsport-calendar-QUALIFYING,20260808T134000Z,20260808T142800Z,Qualifying,Otros,Otros,Clasificación,Normal,"Silverstone Circuit\, United Kingdom",Reminder
moto2-2026-41aa319a-8ec5-49d6-aa99-4e2059c88098@motorsport-calendar-RACE,20260809T101500Z,20260809T105500Z,Race,Otros,Otros,Carrera,Normal,"Silverstone Circuit\, United Kingdom",Reminder
motogp-2026-41aa319a-8ec5-49d6-aa99-4e2059c88098@motorsport-calendar-FP1,20260807T104500Z,20260807T113000Z,Free Practice Nr. 1,Otros,Otros,Entrenamiento,Normal,"Silverstone Circuit\, United Kingdom",Reminder
motogp-2026-41aa319a-8ec5-49d6-aa99-4e2059c88098@motorsport-calendar-FP2,20260807T150000Z,20260807T160000Z,Practice,Otros,Otros,Entrenamiento,Normal,"Silverstone Circuit\, United Kingdom",Reminder
motogp-2026-41aa319a-8ec5-49d6-aa99-4e2059c88098@motorsport-calendar-FP3,20260808T101000Z,20260808T104000Z,Free Practice Nr. 2,Otros,Otros,Entrenamiento,Normal,"Silverstone Circuit\, United Kingdom",Reminder
motogp-2026-41aa319a-8ec5-49d6-aa99-4e2059c88098@motorsport-calendar-QUALIFYING,20260808T105000Z,20260808T113000Z,Qualifying,Otros,Otros,Clasificación,Normal,"Silverstone Circuit\, United Kingdom",Reminder
motogp-2026-41aa319a-8ec5-49d6-aa99-4e2059c88098@motorsport-calendar-SPRINT,20260808T150500Z,20260808T153500Z,Tissot Sprint,Otros,Otros,Sprint,Normal,"Silverstone Circuit\, United Kingdom",Reminder
motogp-2026-41aa319a-8ec5-49d6-aa99-4e2059c88098@motorsport-calendar-RACE,20260809T120000Z,20260809T124500Z,Grand Prix,Fórmula,F1,Carrera,Normal,"Silverstone Circuit\, United Kingdom",Reminder
f1calendar-fe-2026-16@motorsport-calendar-FP1,20260814T150000Z,20260814T153000Z,Free Practice 1,Otros,Otros,Entrenamiento,Normal,"London ePrix\, United Kingdom",Reminder
f1calendar-fe-2026-16@motorsport-calendar-FP2,20260815T073000Z,20260815T080000Z,Free Practice 2,Otros,Otros,Entrenamiento,Normal,"London ePrix\, United Kingdom",Reminder
f1calendar-fe-2026-16@motorsport-calendar-QUALIFYING,20260815T094000Z,20260815T104000Z,Qualifying,Otros,Otros,Clasificación,Normal,"London ePrix\, United Kingdom",Reminder
f1calendar-fe-2026-16@motorsport-calendar-RACE,20260815T140500Z,20260815T145000Z,Race,Otros,Otros,Carrera,Normal,"London ePrix\, United Kingdom",Reminder
f1calendar-fe-2026-17@motorsport-calendar-FP3,20260816T073000Z,20260816T080000Z,Free Practice 3,Otros,Otros,Entrenamiento,Normal,"London ePrix\, United Kingdom",Reminder
f1calendar-fe-2026-17@motorsport-calendar-QUALIFYING,20260816T094000Z,20260816T104000Z,Qualifying,Otros,Otros,Clasificación,Normal,"London ePrix\, United Kingdom",Reminder
f1calendar-fe-2026-17@motorsport-calendar-RACE,20260816T140500Z,20260816T145000Z,Race,Otros,Otros,Carrera,Normal,"London ePrix\, United Kingdom",Reminder
mlmc-2026-4@motorsport-calendar-FP1,20260821T075000Z,20260821T090500Z,Free Practice 1,Otros,Otros,Entrenamiento,Normal,"Spa-Francorchamps\, Belgium",Reminder
mlmc-2026-4@motorsport-calendar-TEST,20260821T104000Z,20260821T112000Z,Bronze Driver Collective Test,Otros,Otros,Evento,Normal,"Spa-Francorchamps\, Belgium",Reminder
mlmc-2026-4@motorsport-calendar-FP2,20260821T125000Z,20260821T140500Z,Free Practice 2,Otros,Otros,Entrenamiento,Normal,"Spa-Francorchamps\, Belgium",Reminder
mlmc-2026-4@motorsport-calendar-QUALIFYING,20260822T092500Z,20260822T103000Z,Qualifying,Otros,Otros,Clasificación,Normal,"Spa-Francorchamps\, Belgium",Reminder
mlmc-2026-4@motorsport-calendar-RACE,20260822T135200Z,20260822T155500Z,Race,Otros,Otros,Carrera,Normal,"Spa-Francorchamps\, Belgium",Reminder
elms-2026-4@motorsport-calendar-FP1,20260821T090000Z,20260821T101500Z,Free Practice 1,Otros,Otros,Entrenamiento,Normal,"Spa-Francorchamps\, Belgium",Reminder
elms-2026-4@motorsport-calendar-TEST,20260821T121000Z,20260821T125000Z,Bronze Driver Collective Test,Otros,Otros,Evento,Normal,"Spa-Francorchamps\, Belgium",Reminder
elms-2026-4@motorsport-calendar-FP2,20260822T070000Z,20260822T081500Z,Free Practice 2,Otros,Otros,Entrenamiento,Normal,"Spa-Francorchamps\, Belgium",Reminder
elms-2026-4@motorsport-calendar-QUALIFYING,20260822T103000Z,20260822T120100Z,Qualifying,Otros,Otros,Clasificación,Normal,"Spa-Francorchamps\, Belgium",Reminder
elms-2026-4@motorsport-calendar-RACE,20260823T110000Z,20260823T150000Z,Race,Otros,Otros,Carrera,Normal,"Spa-Francorchamps\, Belgium",Reminder
openf1-meeting-1292@motorsport-calendar-FP1,20260821T103000Z,20260821T113000Z,Practice 1,Otros,Otros,Entrenamiento,Normal,"Zandvoort\, Netherlands",Reminder
openf1-meeting-1292@motorsport-calendar-SPRINT_QUALIFYING,20260821T143000Z,20260821T151400Z,Sprint Qualifying,Otros,Otros,Clasificación,Normal,"Zandvoort\, Netherlands",Reminder
openf1-meeting-1292@motorsport-calendar-SPRINT,20260822T100000Z,20260822T110000Z,Sprint,Otros,Otros,Sprint,Normal,"Zandvoort\, Netherlands",Reminder
openf1-meeting-1292@motorsport-calendar-QUALIFYING,20260822T140000Z,20260822T150000Z,Qualifying,Otros,Otros,Clasificación,Normal,"Zandvoort\, Netherlands",Reminder
openf1-meeting-1292@motorsport-calendar-RACE,20260823T130000Z,20260823T150000Z,Race,Otros,Otros,Carrera,Normal,"Zandvoort\, Netherlands",Reminder
f1calendar-f1-academy-2026-4@motorsport-calendar-FP1,20260821T120000Z,20260821T124500Z,Free Practice 1,Otros,Otros,Entrenamiento,Normal,"Zandvoort\, Netherlands",Reminder
f1calendar-f1-academy-2026-4@motorsport-calendar-QUALIFYING,20260822T072000Z,20260822T075000Z,Qualifying 1,Otros,Otros,Clasificación,Normal,"Zandvoort\, Netherlands",Reminder
f1calendar-f1-academy-2026-4@motorsport-calendar-SPRINT,20260822T123500Z,20260822T130500Z,Race 1,Otros,Otros,Carrera,Normal,"Zandvoort\, Netherlands",Reminder
f1calendar-f1-academy-2026-4@motorsport-calendar-FP3,20260823T083000Z,20260823T090000Z,Race 2,Otros,Otros,Carrera,Normal,"Zandvoort\, Netherlands",Reminder
gtwc-asia-2026-okayama-international-circuit@motorsport-calendar-FP1,20260828T032000Z,20260828T042000Z,Official Practice,Otros,Otros,Entrenamiento,Normal,"Okayama International Circuit\, Japan",Reminder
gtwc-asia-2026-okayama-international-circuit@motorsport-calendar-FP2,20260828T043000Z,20260828T053000Z,Bronze Session,Otros,Otros,Evento,Normal,"Okayama International Circuit\, Japan",Reminder
gtwc-asia-2026-okayama-international-circuit@motorsport-calendar-SPRINT_QUALIFYING,20260829T000000Z,20260829T012200Z,Qualifying,Otros,Otros,Clasificación,Normal,"Okayama International Circuit\, Japan",Reminder
gtwc-asia-2026-okayama-international-circuit@motorsport-calendar-SPRINT,20260829T040000Z,20260829T050000Z,Race 1,Otros,Otros,Carrera,Normal,"Okayama International Circuit\, Japan",Reminder
gtwc-asia-2026-okayama-international-circuit@motorsport-calendar-RACE,20260830T010000Z,20260830T023000Z,Race 2,Otros,Otros,Carrera,Normal,"Okayama International Circuit\, Japan",Reminder
moto3-2026-86abdbde-5e3d-45b1-a1f0-f74044a90eb3@motorsport-calendar-FP1,20260828T070000Z,20260828T073500Z,Free Practice Nr. 1,Otros,Otros,Entrenamiento,Normal,"MotorLand Aragón\, Spain",Reminder
moto3-2026-86abdbde-5e3d-45b1-a1f0-f74044a90eb3@motorsport-calendar-FP2,20260828T111500Z,20260828T115000Z,Practice,Otros,Otros,Entrenamiento,Normal,"MotorLand Aragón\, Spain",Reminder
moto3-2026-86abdbde-5e3d-45b1-a1f0-f74044a90eb3@motorsport-calendar-FP3,20260829T064000Z,20260829T071000Z,Free Practice Nr. 2,Otros,Otros,Entrenamiento,Normal,"MotorLand Aragón\, Spain",Reminder
moto3-2026-86abdbde-5e3d-45b1-a1f0-f74044a90eb3@motorsport-calendar-QUALIFYING,20260829T104500Z,20260829T112500Z,Qualifying,Otros,Otros,Clasificación,Normal,"MotorLand Aragón\, Spain",Reminder
moto3-2026-86abdbde-5e3d-45b1-a1f0-f74044a90eb3@motorsport-calendar-RACE,20260830T090000Z,20260830T093500Z,Race,Otros,Otros,Carrera,Normal,"MotorLand Aragón\, Spain",Reminder
moto2-2026-86abdbde-5e3d-45b1-a1f0-f74044a90eb3@motorsport-calendar-FP1,20260828T075000Z,20260828T083000Z,Free Practice Nr. 1,Otros,Otros,Entrenamiento,Normal,"MotorLand Aragón\, Spain",Reminder
moto2-2026-86abdbde-5e3d-45b1-a1f0-f74044a90eb3@motorsport-calendar-FP2,20260828T120500Z,20260828T124500Z,Practice,Otros,Otros,Entrenamiento,Normal,"MotorLand Aragón\, Spain",Reminder
moto2-2026-86abdbde-5e3d-45b1-a1f0-f74044a90eb3@motorsport-calendar-FP3,20260829T072500Z,20260829T075500Z,Free Practice Nr. 2,Otros,Otros,Entrenamiento,Normal,"MotorLand Aragón\, Spain",Reminder
moto2-2026-86abdbde-5e3d-45b1-a1f0-f74044a90eb3@motorsport-calendar-QUALIFYING,20260829T114000Z,20260829T122000Z,Qualifying,Otros,Otros,Clasificación,Normal,"MotorLand Aragón\, Spain",Reminder
moto2-2026-86abdbde-5e3d-45b1-a1f0-f74044a90eb3@motorsport-calendar-RACE,20260830T101500Z,20260830T105500Z,Race,Otros,Otros,Carrera,Normal,"MotorLand Aragón\, Spain",Reminder
motogp-2026-86abdbde-5e3d-45b1-a1f0-f74044a90eb3@motorsport-calendar-FP1,20260828T084500Z,20260828T093000Z,Free Practice Nr. 1,Otros,Otros,Entrenamiento,Normal,"MotorLand Aragón\, Spain",Reminder
motogp-2026-86abdbde-5e3d-45b1-a1f0-f74044a90eb3@motorsport-calendar-FP2,20260828T130000Z,20260828T140000Z,Practice,Otros,Otros,Entrenamiento,Normal,"MotorLand Aragón\, Spain",Reminder
motogp-2026-86abdbde-5e3d-45b1-a1f0-f74044a90eb3@motorsport-calendar-FP3,20260829T081000Z,20260829T084000Z,Free Practice Nr. 2,Otros,Otros,Entrenamiento,Normal,"MotorLand Aragón\, Spain",Reminder
motogp-2026-86abdbde-5e3d-45b1-a1f0-f74044a90eb3@motorsport-calendar-QUALIFYING,20260829T085000Z,20260829T093000Z,Qualifying,Otros,Otros,Clasificación,Normal,"MotorLand Aragón\, Spain",Reminder
motogp-2026-86abdbde-5e3d-45b1-a1f0-f74044a90eb3@motorsport-calendar-SPRINT,20260829T130000Z,20260829T133000Z,Tissot Sprint,Otros,Otros,Sprint,Normal,"MotorLand Aragón\, Spain",Reminder
motogp-2026-86abdbde-5e3d-45b1-a1f0-f74044a90eb3@motorsport-calendar-RACE,20260830T120000Z,20260830T124500Z,Grand Prix,Fórmula,F1,Carrera,Normal,"MotorLand Aragón\, Spain",Reminder
gtwc-america-2026-road-america@motorsport-calendar-FP1,20260828T220000Z,20260828T230000Z,Practice 1,Otros,Otros,Entrenamiento,Normal,"Road America\, United States of America",Reminder
gtwc-america-2026-road-america@motorsport-calendar-FP2,20260829T155500Z,20260829T165500Z,Practice 2,Otros,Otros,Entrenamiento,Normal,"Road America\, United States of America",Reminder
gtwc-america-2026-road-america@motorsport-calendar-FP3,20260829T192500Z,20260829T202500Z,Practice 3,Otros,Otros,Entrenamiento,Normal,"Road America\, United States of America",Reminder
gtwc-america-2026-road-america@motorsport-calendar-QUALIFYING,20260830T141000Z,20260830T153000Z,Qualifying,Otros,Otros,Clasificación,Normal,"Road America\, United States of America",Reminder
gtwc-america-2026-road-america@motorsport-calendar-RACE,20260830T190000Z,20260830T203000Z,Race,Otros,Otros,Carrera,Normal,"Road America\, United States of America",Reminder
gtwc-europe-2026-n%C3%BCrburgring@motorsport-calendar-FP1,20260829T085000Z,20260829T095000Z,Free Practice 1,Otros,Otros,Entrenamiento,Normal,"Nürburgring\, Germany",Reminder
gtwc-europe-2026-n%C3%BCrburgring@motorsport-calendar-FP2,20260829T141500Z,20260829T151500Z,Free Practice 2,Otros,Otros,Entrenamiento,Normal,"Nürburgring\, Germany",Reminder
gtwc-europe-2026-n%C3%BCrburgring@motorsport-calendar-QUALIFYING,20260830T074500Z,20260830T095500Z,Qualifying,Otros,Otros,Clasificación,Normal,"Nürburgring\, Germany",Reminder
gtwc-europe-2026-n%C3%BCrburgring@motorsport-calendar-RACE,20260830T130000Z,20260830T143000Z,Main Race,Otros,Otros,Carrera,Normal,"Nürburgring\, Germany",Reminder
f1calendar-f3-2026-8@motorsport-calendar-FP1,20260904T063500Z,20260904T072000Z,Free Practice,Otros,Otros,Entrenamiento,Normal,"Italian\, Italy",Reminder
f1calendar-f3-2026-8@motorsport-calendar-QUALIFYING,20260904T120000Z,20260904T123000Z,Qualifying,Otros,Otros,Clasificación,Normal,"Italian\, Italy",Reminder
f1calendar-f3-2026-8@motorsport-calendar-SPRINT,20260905T073000Z,20260905T080000Z,Sprint Race,Otros,Otros,Carrera,Normal,"Italian\, Italy",Reminder
f1calendar-f3-2026-8@motorsport-calendar-RACE,20260906T061500Z,20260906T065500Z,Feature Race,Otros,Otros,Carrera,Normal,"Italian\, Italy",Reminder
f1calendar-f2-2026-10@motorsport-calendar-FP1,20260904T080000Z,20260904T084500Z,Free Practice,Otros,Otros,Entrenamiento,Normal,"Italian\, Unknown",Reminder
f1calendar-f2-2026-10@motorsport-calendar-QUALIFYING,20260904T125500Z,20260904T132500Z,Qualifying,Otros,Otros,Clasificación,Normal,"Italian\, Unknown",Reminder
f1calendar-f2-2026-10@motorsport-calendar-SPRINT,20260905T121500Z,20260905T130000Z,Sprint Race,Otros,Otros,Carrera,Normal,"Italian\, Unknown",Reminder
f1calendar-f2-2026-10@motorsport-calendar-RACE,20260906T074500Z,20260906T085000Z,Feature Race,Otros,Otros,Carrera,Normal,"Italian\, Unknown",Reminder
wec-2026-5@motorsport-calendar-FP1,20260904T093000Z,20260904T104500Z,Free Practice 1,Otros,Otros,Entrenamiento,Normal,"Circuit des Amériques\, USA",Reminder
wec-2026-5@motorsport-calendar-FP2,20260904T140000Z,20260904T151500Z,Free Practice 2,Otros,Otros,Entrenamiento,Normal,"Circuit des Amériques\, USA",Reminder
wec-2026-5@motorsport-calendar-FP3,20260905T090000Z,20260905T101500Z,Free Practice 3,Otros,Otros,Entrenamiento,Normal,"Circuit des Amériques\, USA",Reminder
wec-2026-5@motorsport-calendar-QUALIFYING,20260905T130000Z,20260905T140500Z,Qualifying,Otros,Otros,Clasificación,Normal,"Circuit des Amériques\, USA",Reminder
wec-2026-5@motorsport-calendar-HYPERPOLE,20260905T132000Z,20260905T142000Z,Hyperpole,Otros,Otros,Evento,Normal,"Circuit des Amériques\, USA",Reminder
wec-2026-5@motorsport-calendar-RACE,20260906T110000Z,20260906T170000Z,Race,Otros,Otros,Carrera,Normal,"Circuit des Amériques\, USA",Reminder
openf1-meeting-1293@motorsport-calendar-FP1,20260904T103000Z,20260904T113000Z,Practice 1,Otros,Otros,Entrenamiento,Normal,"Monza\, Italy",Reminder
openf1-meeting-1293@motorsport-calendar-FP2,20260904T140000Z,20260904T150000Z,Practice 2,Otros,Otros,Entrenamiento,Normal,"Monza\, Italy",Reminder
openf1-meeting-1293@motorsport-calendar-FP3,20260905T103000Z,20260905T113000Z,Practice 3,Otros,Otros,Entrenamiento,Normal,"Monza\, Italy",Reminder
openf1-meeting-1293@motorsport-calendar-QUALIFYING,20260905T140000Z,20260905T150000Z,Qualifying,Otros,Otros,Clasificación,Normal,"Monza\, Italy",Reminder
openf1-meeting-1293@motorsport-calendar-RACE,20260906T130000Z,20260906T150000Z,Race,Otros,Otros,Carrera,Normal,"Monza\, Italy",Reminder
moto3-2026-537f71f7-25ea-4cb2-a259-70b0da576cc6@motorsport-calendar-FP1,20260911T070000Z,20260911T073500Z,Free Practice Nr. 1,Otros,Otros,Entrenamiento,Normal,"Misano World Circuit Marco Simoncelli\, Italy",Reminder
moto3-2026-537f71f7-25ea-4cb2-a259-70b0da576cc6@motorsport-calendar-FP2,20260911T111500Z,20260911T115000Z,Practice,Otros,Otros,Entrenamiento,Normal,"Misano World Circuit Marco Simoncelli\, Italy",Reminder
moto3-2026-537f71f7-25ea-4cb2-a259-70b0da576cc6@motorsport-calendar-FP3,20260912T064000Z,20260912T071000Z,Free Practice Nr. 2,Otros,Otros,Entrenamiento,Normal,"Misano World Circuit Marco Simoncelli\, Italy",Reminder
moto3-2026-537f71f7-25ea-4cb2-a259-70b0da576cc6@motorsport-calendar-QUALIFYING,20260912T104500Z,20260912T112500Z,Qualifying,Otros,Otros,Clasificación,Normal,"Misano World Circuit Marco Simoncelli\, Italy",Reminder
moto3-2026-537f71f7-25ea-4cb2-a259-70b0da576cc6@motorsport-calendar-RACE,20260913T090000Z,20260913T093500Z,Race,Otros,Otros,Carrera,Normal,"Misano World Circuit Marco Simoncelli\, Italy",Reminder
moto2-2026-537f71f7-25ea-4cb2-a259-70b0da576cc6@motorsport-calendar-FP1,20260911T075000Z,20260911T083000Z,Free Practice Nr. 1,Otros,Otros,Entrenamiento,Normal,"Misano World Circuit Marco Simoncelli\, Italy",Reminder
moto2-2026-537f71f7-25ea-4cb2-a259-70b0da576cc6@motorsport-calendar-FP2,20260911T120500Z,20260911T124500Z,Practice,Otros,Otros,Entrenamiento,Normal,"Misano World Circuit Marco Simoncelli\, Italy",Reminder
moto2-2026-537f71f7-25ea-4cb2-a259-70b0da576cc6@motorsport-calendar-FP3,20260912T072500Z,20260912T075500Z,Free Practice Nr. 2,Otros,Otros,Entrenamiento,Normal,"Misano World Circuit Marco Simoncelli\, Italy",Reminder
moto2-2026-537f71f7-25ea-4cb2-a259-70b0da576cc6@motorsport-calendar-QUALIFYING,20260912T114000Z,20260912T122000Z,Qualifying,Otros,Otros,Clasificación,Normal,"Misano World Circuit Marco Simoncelli\, Italy",Reminder
moto2-2026-537f71f7-25ea-4cb2-a259-70b0da576cc6@motorsport-calendar-RACE,20260913T101500Z,20260913T105500Z,Race,Otros,Otros,Carrera,Normal,"Misano World Circuit Marco Simoncelli\, Italy",Reminder
f1calendar-f3-2026-9@motorsport-calendar-FP1,20260911T075500Z,20260911T084000Z,Free Practice,Otros,Otros,Entrenamiento,Normal,"Spanish\, Unknown",Reminder
f1calendar-f3-2026-9@motorsport-calendar-QUALIFYING,20260911T162500Z,20260911T165500Z,Qualifying,Otros,Otros,Clasificación,Normal,"Spanish\, Unknown",Reminder
f1calendar-f3-2026-9@motorsport-calendar-SPRINT,20260912T090500Z,20260912T093500Z,Sprint Race,Otros,Otros,Carrera,Normal,"Spanish\, Unknown",Reminder
f1calendar-f3-2026-9@motorsport-calendar-RACE,20260913T074500Z,20260913T082500Z,Feature Race,Otros,Otros,Carrera,Normal,"Spanish\, Unknown",Reminder
mlmc-2026-5@motorsport-calendar-FP1,20260911T084500Z,20260911T100000Z,Free Practice 1,Otros,Otros,Entrenamiento,Normal,"Silverstone\, United Kingdom",Reminder
mlmc-2026-5@motorsport-calendar-TEST,20260911T133500Z,20260911T141500Z,Bronze Driver Collective Test,Otros,Otros,Evento,Normal,"Silverstone\, United Kingdom",Reminder
mlmc-2026-5@motorsport-calendar-FP2,20260911T154000Z,20260911T165500Z,Free Practice 2,Otros,Otros,Entrenamiento,Normal,"Silverstone\, United Kingdom",Reminder
mlmc-2026-5@motorsport-calendar-QUALIFYING,20260912T103000Z,20260912T113500Z,Qualifying,Otros,Otros,Clasificación,Normal,"Silverstone\, United Kingdom",Reminder
mlmc-2026-5@motorsport-calendar-RACE,20260912T151500Z,20260912T174000Z,Race,Otros,Otros,Carrera,Normal,"Silverstone\, United Kingdom",Reminder
motogp-2026-537f71f7-25ea-4cb2-a259-70b0da576cc6@motorsport-calendar-FP1,20260911T084500Z,20260911T093000Z,Free Practice Nr. 1,Otros,Otros,Entrenamiento,Normal,"Misano World Circuit Marco Simoncelli\, Italy",Reminder
motogp-2026-537f71f7-25ea-4cb2-a259-70b0da576cc6@motorsport-calendar-FP2,20260911T130000Z,20260911T140000Z,Practice,Otros,Otros,Entrenamiento,Normal,"Misano World Circuit Marco Simoncelli\, Italy",Reminder
motogp-2026-537f71f7-25ea-4cb2-a259-70b0da576cc6@motorsport-calendar-FP3,20260912T081000Z,20260912T084000Z,Free Practice Nr. 2,Otros,Otros,Entrenamiento,Normal,"Misano World Circuit Marco Simoncelli\, Italy",Reminder
motogp-2026-537f71f7-25ea-4cb2-a259-70b0da576cc6@motorsport-calendar-QUALIFYING,20260912T085000Z,20260912T093000Z,Qualifying,Otros,Otros,Clasificación,Normal,"Misano World Circuit Marco Simoncelli\, Italy",Reminder
motogp-2026-537f71f7-25ea-4cb2-a259-70b0da576cc6@motorsport-calendar-SPRINT,20260912T130000Z,20260912T133000Z,Tissot Sprint,Otros,Otros,Sprint,Normal,"Misano World Circuit Marco Simoncelli\, Italy",Reminder
motogp-2026-537f71f7-25ea-4cb2-a259-70b0da576cc6@motorsport-calendar-RACE,20260913T120000Z,20260913T124500Z,Grand Prix,Fórmula,F1,Carrera,Normal,"Misano World Circuit Marco Simoncelli\, Italy",Reminder
igtc-2026-suzuka-1000km@motorsport-calendar-FP1,20260911T085000Z,20260911T095000Z,Night Practice,Otros,Otros,Entrenamiento,Normal,"Suzuka Circuit\, Japan",Reminder
igtc-2026-suzuka-1000km@motorsport-calendar-QUALIFYING,20260912T084000Z,20260912T102500Z,Qualifying,Otros,Otros,Clasificación,Normal,"Suzuka Circuit\, Japan",Reminder
igtc-2026-suzuka-1000km@motorsport-calendar-RACE,20260913T035000Z,20260913T052000Z,Race,Otros,Otros,Carrera,Normal,"Suzuka Circuit\, Japan",Reminder
f1calendar-f2-2026-11@motorsport-calendar-FP1,20260911T090500Z,20260911T095000Z,Free Practice,Otros,Otros,Entrenamiento,Normal,"Spanish\, Unknown",Reminder
f1calendar-f2-2026-11@motorsport-calendar-QUALIFYING,20260911T130000Z,20260911T133000Z,Qualifying,Otros,Otros,Clasificación,Normal,"Spanish\, Unknown",Reminder
f1calendar-f2-2026-11@motorsport-calendar-SPRINT,20260912T121500Z,20260912T130000Z,Sprint Race,Otros,Otros,Carrera,Normal,"Spanish\, Unknown",Reminder
f1calendar-f2-2026-11@motorsport-calendar-RACE,20260913T092500Z,20260913T103000Z,Feature Race,Otros,Otros,Carrera,Normal,"Spanish\, Unknown",Reminder
elms-2026-5@motorsport-calendar-FP1,20260911T095500Z,20260911T111000Z,Free Practice 1,Otros,Otros,Entrenamiento,Normal,"Silverstone\, United Kingdom",Reminder
elms-2026-5@motorsport-calendar-TEST,20260911T141500Z,20260911T145500Z,Bronze Driver Collective Test,Otros,Otros,Evento,Normal,"Silverstone\, United Kingdom",Reminder
elms-2026-5@motorsport-calendar-FP2,20260912T075500Z,20260912T091000Z,Free Practice 2,Otros,Otros,Entrenamiento,Normal,"Silverstone\, United Kingdom",Reminder
elms-2026-5@motorsport-calendar-QUALIFYING,20260912T125500Z,20260912T143500Z,Qualifying,Otros,Otros,Clasificación,Normal,"Silverstone\, United Kingdom",Reminder
elms-2026-5@motorsport-calendar-RACE,20260913T100000Z,20260913T140000Z,Race,Otros,Otros,Carrera,Normal,"Silverstone\, United Kingdom",Reminder
openf1-meeting-1294@motorsport-calendar-FP1,20260911T113000Z,20260911T123000Z,Practice 1,Otros,Otros,Entrenamiento,Normal,"Madring\, Spain",Reminder
openf1-meeting-1294@motorsport-calendar-FP2,20260911T150000Z,20260911T160000Z,Practice 2,Otros,Otros,Entrenamiento,Normal,"Madring\, Spain",Reminder
openf1-meeting-1294@motorsport-calendar-FP3,20260912T103000Z,20260912T113000Z,Practice 3,Otros,Otros,Entrenamiento,Normal,"Madring\, Spain",Reminder
openf1-meeting-1294@motorsport-calendar-QUALIFYING,20260912T140000Z,20260912T150000Z,Qualifying,Otros,Otros,Clasificación,Normal,"Madring\, Spain",Reminder
openf1-meeting-1294@motorsport-calendar-RACE,20260913T130000Z,20260913T150000Z,Race,Otros,Otros,Carrera,Normal,"Madring\, Spain",Reminder
gtwc-europe-2026-zandvoort@motorsport-calendar-FP1,20260918T070000Z,20260918T080000Z,Free Practice 1,Otros,Otros,Entrenamiento,Normal,"Circuit Zandvoort\, Netherlands",Reminder
gtwc-europe-2026-zandvoort@motorsport-calendar-FP2,20260918T115000Z,20260918T125000Z,Free Practice 2,Otros,Otros,Entrenamiento,Normal,"Circuit Zandvoort\, Netherlands",Reminder
gtwc-europe-2026-zandvoort@motorsport-calendar-SPRINT_QUALIFYING,20260919T075000Z,20260919T091500Z,Qualifying,Otros,Otros,Clasificación,Normal,"Circuit Zandvoort\, Netherlands",Reminder
gtwc-europe-2026-zandvoort@motorsport-calendar-SPRINT,20260919T124500Z,20260919T134500Z,Race 1,Otros,Otros,Carrera,Normal,"Circuit Zandvoort\, Netherlands",Reminder
gtwc-europe-2026-zandvoort@motorsport-calendar-QUALIFYING,20260920T083500Z,20260920T100000Z,Qualifying,Otros,Otros,Clasificación,Normal,"Circuit Zandvoort\, Netherlands",Reminder
gtwc-europe-2026-zandvoort@motorsport-calendar-RACE,20260920T121500Z,20260920T134500Z,Race 2,Otros,Otros,Carrera,Normal,"Circuit Zandvoort\, Netherlands",Reminder
moto3-2026-1d659e29-247a-402c-ba1e-33fa14670cbe@motorsport-calendar-FP1,20260918T070000Z,20260918T073500Z,Free Practice Nr. 1,Otros,Otros,Entrenamiento,Normal,"Red Bull Ring - Spielberg\, Austria",Reminder
moto3-2026-1d659e29-247a-402c-ba1e-33fa14670cbe@motorsport-calendar-FP2,20260918T111500Z,20260918T115000Z,Practice,Otros,Otros,Entrenamiento,Normal,"Red Bull Ring - Spielberg\, Austria",Reminder
moto3-2026-1d659e29-247a-402c-ba1e-33fa14670cbe@motorsport-calendar-FP3,20260919T064000Z,20260919T071000Z,Free Practice Nr. 2,Otros,Otros,Entrenamiento,Normal,"Red Bull Ring - Spielberg\, Austria",Reminder
moto3-2026-1d659e29-247a-402c-ba1e-33fa14670cbe@motorsport-calendar-QUALIFYING,20260919T104500Z,20260919T112500Z,Qualifying,Otros,Otros,Clasificación,Normal,"Red Bull Ring - Spielberg\, Austria",Reminder
moto3-2026-1d659e29-247a-402c-ba1e-33fa14670cbe@motorsport-calendar-RACE,20260920T090000Z,20260920T093500Z,Race,Otros,Otros,Carrera,Normal,"Red Bull Ring - Spielberg\, Austria",Reminder
moto2-2026-1d659e29-247a-402c-ba1e-33fa14670cbe@motorsport-calendar-FP1,20260918T075000Z,20260918T083000Z,Free Practice Nr. 1,Otros,Otros,Entrenamiento,Normal,"Red Bull Ring - Spielberg\, Austria",Reminder
moto2-2026-1d659e29-247a-402c-ba1e-33fa14670cbe@motorsport-calendar-FP2,20260918T120500Z,20260918T124500Z,Practice,Otros,Otros,Entrenamiento,Normal,"Red Bull Ring - Spielberg\, Austria",Reminder
moto2-2026-1d659e29-247a-402c-ba1e-33fa14670cbe@motorsport-calendar-FP3,20260919T072500Z,20260919T075500Z,Free Practice Nr. 2,Otros,Otros,Entrenamiento,Normal,"Red Bull Ring - Spielberg\, Austria",Reminder
moto2-2026-1d659e29-247a-402c-ba1e-33fa14670cbe@motorsport-calendar-QUALIFYING,20260919T114000Z,20260919T122000Z,Qualifying,Otros,Otros,Clasificación,Normal,"Red Bull Ring - Spielberg\, Austria",Reminder
moto2-2026-1d659e29-247a-402c-ba1e-33fa14670cbe@motorsport-calendar-RACE,20260920T101500Z,20260920T105500Z,Race,Otros,Otros,Carrera,Normal,"Red Bull Ring - Spielberg\, Austria",Reminder
motogp-2026-1d659e29-247a-402c-ba1e-33fa14670cbe@motorsport-calendar-FP1,20260918T084500Z,20260918T093000Z,Free Practice Nr. 1,Otros,Otros,Entrenamiento,Normal,"Red Bull Ring - Spielberg\, Austria",Reminder
motogp-2026-1d659e29-247a-402c-ba1e-33fa14670cbe@motorsport-calendar-FP2,20260918T130000Z,20260918T140700Z,Practice,Otros,Otros,Entrenamiento,Normal,"Red Bull Ring - Spielberg\, Austria",Reminder
motogp-2026-1d659e29-247a-402c-ba1e-33fa14670cbe@motorsport-calendar-FP3,20260919T081000Z,20260919T084000Z,Free Practice Nr. 2,Otros,Otros,Entrenamiento,Normal,"Red Bull Ring - Spielberg\, Austria",Reminder
motogp-2026-1d659e29-247a-402c-ba1e-33fa14670cbe@motorsport-calendar-QUALIFYING,20260919T085000Z,20260919T093000Z,Qualifying,Otros,Otros,Clasificación,Normal,"Red Bull Ring - Spielberg\, Austria",Reminder
motogp-2026-1d659e29-247a-402c-ba1e-33fa14670cbe@motorsport-calendar-SPRINT,20260919T130000Z,20260919T133000Z,Tissot Sprint,Otros,Otros,Sprint,Normal,"Red Bull Ring - Spielberg\, Austria",Reminder
motogp-2026-1d659e29-247a-402c-ba1e-33fa14670cbe@motorsport-calendar-RACE,20260920T120000Z,20260920T124500Z,Grand Prix,Fórmula,F1,Carrera,Normal,"Red Bull Ring - Spielberg\, Austria",Reminder
f1calendar-f2-2026-12@motorsport-calendar-FP1,20260924T060000Z,20260924T064500Z,Free Practice,Otros,Otros,Entrenamiento,Normal,"Azerbaijan\, Unknown",Reminder
f1calendar-f2-2026-12@motorsport-calendar-QUALIFYING,20260924T100000Z,20260924T103000Z,Qualifying,Otros,Otros,Clasificación,Normal,"Azerbaijan\, Unknown",Reminder
f1calendar-f2-2026-12@motorsport-calendar-SPRINT,20260925T041500Z,20260925T050000Z,Sprint Race,Otros,Otros,Carrera,Normal,"Azerbaijan\, Unknown",Reminder
f1calendar-f2-2026-12@motorsport-calendar-RACE,20260926T070000Z,20260926T080500Z,Feature Race,Otros,Otros,Carrera,Normal,"Azerbaijan\, Unknown",Reminder
openf1-meeting-1295@motorsport-calendar-FP1,20260924T083000Z,20260924T093000Z,Practice 1,Otros,Otros,Entrenamiento,Normal,"Baku\, Azerbaijan",Reminder
openf1-meeting-1295@motorsport-calendar-FP2,20260924T120000Z,20260924T130000Z,Practice 2,Otros,Otros,Entrenamiento,Normal,"Baku\, Azerbaijan",Reminder
openf1-meeting-1295@motorsport-calendar-FP3,20260925T083000Z,20260925T093000Z,Practice 3,Otros,Otros,Entrenamiento,Normal,"Baku\, Azerbaijan",Reminder
openf1-meeting-1295@motorsport-calendar-QUALIFYING,20260925T120000Z,20260925T130000Z,Qualifying,Otros,Otros,Clasificación,Normal,"Baku\, Azerbaijan",Reminder
openf1-meeting-1295@motorsport-calendar-RACE,20260926T110000Z,20260926T130000Z,Race,Otros,Otros,Carrera,Normal,"Baku\, Azerbaijan",Reminder
wec-2026-6@motorsport-calendar-FP1,20260925T081500Z,20260925T093000Z,Free Practice 1,Otros,Otros,Entrenamiento,Normal,"Fuji Speedway\, Japan",Reminder
wec-2026-6@motorsport-calendar-FP2,20260925T123000Z,20260925T134500Z,Free Practice 2,Otros,Otros,Entrenamiento,Normal,"Fuji Speedway\, Japan",Reminder
wec-2026-6@motorsport-calendar-FP3,20260926T073000Z,20260926T084500Z,Free Practice 3,Otros,Otros,Entrenamiento,Normal,"Fuji Speedway\, Japan",Reminder
wec-2026-6@motorsport-calendar-QUALIFYING,20260926T120000Z,20260926T130500Z,Qualifying,Otros,Otros,Clasificación,Normal,"Fuji Speedway\, Japan",Reminder
wec-2026-6@motorsport-calendar-HYPERPOLE,20260926T122000Z,20260926T132000Z,Hyperpole,Otros,Otros,Evento,Normal,"Fuji Speedway\, Japan",Reminder
wec-2026-6@motorsport-calendar-RACE,20260927T090000Z,20260927T150000Z,Race,Otros,Otros,Carrera,Normal,"Fuji Speedway\, Japan",Reminder
gtwc-america-2026-barber-motorsports-park@motorsport-calendar-FP1,20260925T214500Z,20260925T224500Z,Practice 1,Otros,Otros,Entrenamiento,Normal,"Barber Motorsports Park\, United States of America",Reminder
gtwc-america-2026-barber-motorsports-park@motorsport-calendar-FP2,20260926T151500Z,20260926T161500Z,Practice 2,Otros,Otros,Entrenamiento,Normal,"Barber Motorsports Park\, United States of America",Reminder
gtwc-america-2026-barber-motorsports-park@motorsport-calendar-FP3,20260926T195000Z,20260926T205000Z,Practice 3,Otros,Otros,Entrenamiento,Normal,"Barber Motorsports Park\, United States of America",Reminder
gtwc-america-2026-barber-motorsports-park@motorsport-calendar-QUALIFYING,20260927T133000Z,20260927T145000Z,Qualifying,Otros,Otros,Clasificación,Normal,"Barber Motorsports Park\, United States of America",Reminder
gtwc-america-2026-barber-motorsports-park@motorsport-calendar-RACE,20260927T173000Z,20260927T190000Z,Race,Otros,Otros,Carrera,Normal,"Barber Motorsports Park\, United States of America",Reminder
moto3-2026-a87453f0-3ed0-4469-993a-1486af92d879@motorsport-calendar-FP1,20261002T000000Z,20261002T003500Z,Free Practice Nr. 1,Otros,Otros,Entrenamiento,Normal,"Mobility Resort Motegi\, Japan",Reminder
moto3-2026-a87453f0-3ed0-4469-993a-1486af92d879@motorsport-calendar-FP2,20261002T041500Z,20261002T045000Z,Practice,Otros,Otros,Entrenamiento,Normal,"Mobility Resort Motegi\, Japan",Reminder
moto3-2026-a87453f0-3ed0-4469-993a-1486af92d879@motorsport-calendar-FP3,20261002T234000Z,20261003T001000Z,Free Practice Nr. 2,Otros,Otros,Entrenamiento,Normal,"Mobility Resort Motegi\, Japan",Reminder
moto3-2026-a87453f0-3ed0-4469-993a-1486af92d879@motorsport-calendar-QUALIFYING,20261003T034500Z,20261003T042500Z,Qualifying,Otros,Otros,Clasificación,Normal,"Mobility Resort Motegi\, Japan",Reminder
moto3-2026-a87453f0-3ed0-4469-993a-1486af92d879@motorsport-calendar-RACE,20261004T020000Z,20261004T023500Z,Race,Otros,Otros,Carrera,Normal,"Mobility Resort Motegi\, Japan",Reminder
moto2-2026-a87453f0-3ed0-4469-993a-1486af92d879@motorsport-calendar-FP1,20261002T005000Z,20261002T013000Z,Free Practice Nr. 1,Otros,Otros,Entrenamiento,Normal,"Mobility Resort Motegi\, Japan",Reminder
moto2-2026-a87453f0-3ed0-4469-993a-1486af92d879@motorsport-calendar-FP2,20261002T050500Z,20261002T054500Z,Practice,Otros,Otros,Entrenamiento,Normal,"Mobility Resort Motegi\, Japan",Reminder
moto2-2026-a87453f0-3ed0-4469-993a-1486af92d879@motorsport-calendar-FP3,20261003T002500Z,20261003T005500Z,Free Practice Nr. 2,Otros,Otros,Entrenamiento,Normal,"Mobility Resort Motegi\, Japan",Reminder
moto2-2026-a87453f0-3ed0-4469-993a-1486af92d879@motorsport-calendar-QUALIFYING,20261003T044000Z,20261003T052000Z,Qualifying,Otros,Otros,Clasificación,Normal,"Mobility Resort Motegi\, Japan",Reminder
moto2-2026-a87453f0-3ed0-4469-993a-1486af92d879@motorsport-calendar-RACE,20261004T031500Z,20261004T035500Z,Race,Otros,Otros,Carrera,Normal,"Mobility Resort Motegi\, Japan",Reminder
motogp-2026-a87453f0-3ed0-4469-993a-1486af92d879@motorsport-calendar-FP1,20261002T014500Z,20261002T023000Z,Free Practice Nr. 1,Otros,Otros,Entrenamiento,Normal,"Mobility Resort Motegi\, Japan",Reminder
motogp-2026-a87453f0-3ed0-4469-993a-1486af92d879@motorsport-calendar-FP2,20261002T060000Z,20261002T071500Z,Practice,Otros,Otros,Entrenamiento,Normal,"Mobility Resort Motegi\, Japan",Reminder
motogp-2026-a87453f0-3ed0-4469-993a-1486af92d879@motorsport-calendar-FP3,20261003T011000Z,20261003T015000Z,Free Practice Nr. 2,Otros,Otros,Entrenamiento,Normal,"Mobility Resort Motegi\, Japan",Reminder
motogp-2026-a87453f0-3ed0-4469-993a-1486af92d879@motorsport-calendar-QUALIFYING,20261003T015800Z,20261003T023800Z,Qualifying,Otros,Otros,Clasificación,Normal,"Mobility Resort Motegi\, Japan",Reminder
motogp-2026-a87453f0-3ed0-4469-993a-1486af92d879@motorsport-calendar-SPRINT,20261003T060000Z,20261003T063000Z,Tissot Sprint,Otros,Otros,Sprint,Normal,"Mobility Resort Motegi\, Japan",Reminder
motogp-2026-a87453f0-3ed0-4469-993a-1486af92d879@motorsport-calendar-RACE,20261004T050000Z,20261004T054500Z,Grand Prix,Fórmula,F1,Carrera,Normal,"Mobility Resort Motegi\, Japan",Reminder
openf1-meeting-1308@motorsport-calendar-FP1,20261002T043000Z,20261002T053000Z,Practice 1,Otros,Otros,Entrenamiento,Normal,"Kuala Lumpur\, Bahrain",Reminder
openf1-meeting-1308@motorsport-calendar-FP2,20261002T080000Z,20261002T090000Z,Practice 2,Otros,Otros,Entrenamiento,Normal,"Kuala Lumpur\, Bahrain",Reminder
openf1-meeting-1308@motorsport-calendar-FP3,20261003T043000Z,20261003T053000Z,Practice 3,Otros,Otros,Entrenamiento,Normal,"Kuala Lumpur\, Bahrain",Reminder
openf1-meeting-1308@motorsport-calendar-QUALIFYING,20261003T080000Z,20261003T090000Z,Qualifying,Otros,Otros,Clasificación,Normal,"Kuala Lumpur\, Bahrain",Reminder
openf1-meeting-1308@motorsport-calendar-RACE,20261004T070000Z,20261004T090000Z,Race,Otros,Otros,Carrera,Normal,"Kuala Lumpur\, Bahrain",Reminder
gtwc-europe-2026-barcelona@motorsport-calendar-FP1,20261002T070000Z,20261002T080000Z,Free Practice 1,Otros,Otros,Entrenamiento,Normal,"Circuit de Barcelona-Catalunya\, Spain",Reminder
gtwc-europe-2026-barcelona@motorsport-calendar-FP2,20261002T115500Z,20261002T125500Z,Free Practice 2,Otros,Otros,Entrenamiento,Normal,"Circuit de Barcelona-Catalunya\, Spain",Reminder
gtwc-europe-2026-barcelona@motorsport-calendar-SPRINT_QUALIFYING,20261003T074500Z,20261003T090500Z,Qualifying,Otros,Otros,Clasificación,Normal,"Circuit de Barcelona-Catalunya\, Spain",Reminder
gtwc-europe-2026-barcelona@motorsport-calendar-SPRINT,20261003T120000Z,20261003T130000Z,Race 1,Otros,Otros,Carrera,Normal,"Circuit de Barcelona-Catalunya\, Spain",Reminder
gtwc-europe-2026-barcelona@motorsport-calendar-RACE,20261004T162000Z,20261004T175000Z,Race 2,Otros,Otros,Carrera,Normal,"Circuit de Barcelona-Catalunya\, Spain",Reminder
gtwc-asia-2026-beijing-street-circuit@motorsport-calendar-FP1,20261002T075500Z,20261002T085500Z,Official Practice,Otros,Otros,Entrenamiento,Normal,"Beijing Street Circuit\, China",Reminder
gtwc-asia-2026-beijing-street-circuit@motorsport-calendar-FP2,20261002T090000Z,20261002T100000Z,Bronze Session,Otros,Otros,Evento,Normal,"Beijing Street Circuit\, China",Reminder
gtwc-asia-2026-beijing-street-circuit@motorsport-calendar-SPRINT_QUALIFYING,20261003T035000Z,20261003T051200Z,Qualifying,Otros,Otros,Clasificación,Normal,"Beijing Street Circuit\, China",Reminder
gtwc-asia-2026-beijing-street-circuit@motorsport-calendar-SPRINT,20261003T074500Z,20261003T084500Z,Race 1,Otros,Otros,Carrera,Normal,"Beijing Street Circuit\, China",Reminder
gtwc-asia-2026-beijing-street-circuit@motorsport-calendar-RACE,20261004T050000Z,20261004T063000Z,Race 2,Otros,Otros,Carrera,Normal,"Beijing Street Circuit\, China",Reminder
mlmc-2026-6@motorsport-calendar-FP1,20261008T075000Z,20261008T090500Z,Free Practice 1,Otros,Otros,Entrenamiento,Normal,"Autódromo Internacional do Algarve\, Portugal",Reminder
mlmc-2026-6@motorsport-calendar-TEST,20261008T120000Z,20261008T124000Z,Bronze Driver Collective Test,Otros,Otros,Evento,Normal,"Autódromo Internacional do Algarve\, Portugal",Reminder
mlmc-2026-6@motorsport-calendar-FP2,20261008T140500Z,20261008T152000Z,Free Practice 2,Otros,Otros,Entrenamiento,Normal,"Autódromo Internacional do Algarve\, Portugal",Reminder
mlmc-2026-6@motorsport-calendar-QUALIFYING,20261009T095500Z,20261009T111000Z,Qualifying,Otros,Otros,Clasificación,Normal,"Autódromo Internacional do Algarve\, Portugal",Reminder
mlmc-2026-6@motorsport-calendar-RACE,20261010T073000Z,20261010T093000Z,Race,Otros,Otros,Carrera,Normal,"Autódromo Internacional do Algarve\, Portugal",Reminder
elms-2026-6@motorsport-calendar-FP1,20261008T090000Z,20261008T101500Z,Free Practice 1,Otros,Otros,Entrenamiento,Normal,"Autódromo Internacional do Algarve\, Portugal",Reminder
elms-2026-6@motorsport-calendar-TEST,20261008T124000Z,20261008T132000Z,Bronze Driver Collective Test,Otros,Otros,Evento,Normal,"Autódromo Internacional do Algarve\, Portugal",Reminder
elms-2026-6@motorsport-calendar-FP2,20261009T081500Z,20261009T093000Z,Free Practice 2,Otros,Otros,Entrenamiento,Normal,"Autódromo Internacional do Algarve\, Portugal",Reminder
elms-2026-6@motorsport-calendar-QUALIFYING,20261009T131500Z,20261009T145500Z,Qualifying,Otros,Otros,Clasificación,Normal,"Autódromo Internacional do Algarve\, Portugal",Reminder
elms-2026-6@motorsport-calendar-RACE,20261010T123000Z,20261010T163000Z,Race,Otros,Otros,Carrera,Normal,"Autódromo Internacional do Algarve\, Portugal",Reminder
gtwc-america-2026-indianpolis-8-hour@motorsport-calendar-FP1,20261008T230000Z,20261009T000000Z,Free Practice,Otros,Otros,Entrenamiento,Normal,"Indianapolis Motor Speedway\, United States of America",Reminder
gtwc-america-2026-indianpolis-8-hour@motorsport-calendar-QUALIFYING,20261009T193500Z,20261009T212000Z,Qualifying,Otros,Otros,Clasificación,Normal,"Indianapolis Motor Speedway\, United States of America",Reminder
gtwc-america-2026-indianpolis-8-hour@motorsport-calendar-RACE,20261010T163000Z,20261011T003000Z,Race,Otros,Otros,Carrera,Normal,"Indianapolis Motor Speedway\, United States of America",Reminder
igtc-2026-Indianapolis%208%20Hour@motorsport-calendar-FP1,20261008T230000Z,20261009T000000Z,Free Practice,Otros,Otros,Entrenamiento,Normal,"Indianapolis 8 Hour\, United States of America",Reminder
igtc-2026-Indianapolis%208%20Hour@motorsport-calendar-QUALIFYING,20261009T193500Z,20261009T212000Z,Qualifying,Otros,Otros,Clasificación,Normal,"Indianapolis 8 Hour\, United States of America",Reminder
igtc-2026-Indianapolis%208%20Hour@motorsport-calendar-RACE,20261010T163000Z,20261011T123000Z,Race,Otros,Otros,Carrera,Normal,"Indianapolis 8 Hour\, United States of America",Reminder
moto3-2026-877c27e8-70e0-4847-bacf-2290d7cc903c@motorsport-calendar-FP1,20261009T010000Z,20261009T013500Z,Free Practice Nr. 1,Otros,Otros,Entrenamiento,Normal,"Pertamina Mandalika International Circuit\, Indonesia",Reminder
moto3-2026-877c27e8-70e0-4847-bacf-2290d7cc903c@motorsport-calendar-FP2,20261009T051500Z,20261009T055000Z,Practice,Otros,Otros,Entrenamiento,Normal,"Pertamina Mandalika International Circuit\, Indonesia",Reminder
moto3-2026-877c27e8-70e0-4847-bacf-2290d7cc903c@motorsport-calendar-FP3,20261010T004000Z,20261010T011000Z,Free Practice Nr. 2,Otros,Otros,Entrenamiento,Normal,"Pertamina Mandalika International Circuit\, Indonesia",Reminder
moto3-2026-877c27e8-70e0-4847-bacf-2290d7cc903c@motorsport-calendar-QUALIFYING,20261010T044500Z,20261010T052500Z,Qualifying,Otros,Otros,Clasificación,Normal,"Pertamina Mandalika International Circuit\, Indonesia",Reminder
moto3-2026-877c27e8-70e0-4847-bacf-2290d7cc903c@motorsport-calendar-RACE,20261011T040000Z,20261011T043500Z,Race,Otros,Otros,Carrera,Normal,"Pertamina Mandalika International Circuit\, Indonesia",Reminder
moto2-2026-877c27e8-70e0-4847-bacf-2290d7cc903c@motorsport-calendar-FP1,20261009T015000Z,20261009T023000Z,Free Practice Nr. 1,Otros,Otros,Entrenamiento,Normal,"Pertamina Mandalika International Circuit\, Indonesia",Reminder
moto2-2026-877c27e8-70e0-4847-bacf-2290d7cc903c@motorsport-calendar-FP2,20261009T060500Z,20261009T064500Z,Practice,Otros,Otros,Entrenamiento,Normal,"Pertamina Mandalika International Circuit\, Indonesia",Reminder
moto2-2026-877c27e8-70e0-4847-bacf-2290d7cc903c@motorsport-calendar-FP3,20261010T012500Z,20261010T015500Z,Free Practice Nr. 2,Otros,Otros,Entrenamiento,Normal,"Pertamina Mandalika International Circuit\, Indonesia",Reminder
moto2-2026-877c27e8-70e0-4847-bacf-2290d7cc903c@motorsport-calendar-QUALIFYING,20261010T054000Z,20261010T062000Z,Qualifying,Otros,Otros,Clasificación,Normal,"Pertamina Mandalika International Circuit\, Indonesia",Reminder
moto2-2026-877c27e8-70e0-4847-bacf-2290d7cc903c@motorsport-calendar-RACE,20261011T051500Z,20261011T055500Z,Race,Otros,Otros,Carrera,Normal,"Pertamina Mandalika International Circuit\, Indonesia",Reminder
motogp-2026-877c27e8-70e0-4847-bacf-2290d7cc903c@motorsport-calendar-FP1,20261009T024500Z,20261009T033000Z,Free Practice Nr. 1,Otros,Otros,Entrenamiento,Normal,"Pertamina Mandalika International Circuit\, Indonesia",Reminder
motogp-2026-877c27e8-70e0-4847-bacf-2290d7cc903c@motorsport-calendar-FP2,20261009T070000Z,20261009T080000Z,Practice,Otros,Otros,Entrenamiento,Normal,"Pertamina Mandalika International Circuit\, Indonesia",Reminder
motogp-2026-877c27e8-70e0-4847-bacf-2290d7cc903c@motorsport-calendar-FP3,20261010T021000Z,20261010T024000Z,Free Practice Nr. 2,Otros,Otros,Entrenamiento,Normal,"Pertamina Mandalika International Circuit\, Indonesia",Reminder
motogp-2026-877c27e8-70e0-4847-bacf-2290d7cc903c@motorsport-calendar-QUALIFYING,20261010T025000Z,20261010T033000Z,Qualifying,Otros,Otros,Clasificación,Normal,"Pertamina Mandalika International Circuit\, Indonesia",Reminder
motogp-2026-877c27e8-70e0-4847-bacf-2290d7cc903c@motorsport-calendar-SPRINT,20261010T070000Z,20261010T073000Z,Tissot Sprint,Otros,Otros,Sprint,Normal,"Pertamina Mandalika International Circuit\, Indonesia",Reminder
motogp-2026-877c27e8-70e0-4847-bacf-2290d7cc903c@motorsport-calendar-RACE,20261011T070000Z,20261011T074500Z,Grand Prix,Fórmula,F1,Carrera,Normal,"Pertamina Mandalika International Circuit\, Indonesia",Reminder
openf1-meeting-1296@motorsport-calendar-FP1,20261009T083000Z,20261009T093000Z,Practice 1,Otros,Otros,Entrenamiento,Normal,"Singapore\, Singapore",Reminder
openf1-meeting-1296@motorsport-calendar-SPRINT_QUALIFYING,20261009T123000Z,20261009T131400Z,Sprint Qualifying,Otros,Otros,Clasificación,Normal,"Singapore\, Singapore",Reminder
openf1-meeting-1296@motorsport-calendar-SPRINT,20261010T090000Z,20261010T100000Z,Sprint,Otros,Otros,Sprint,Normal,"Singapore\, Singapore",Reminder
openf1-meeting-1296@motorsport-calendar-QUALIFYING,20261010T130000Z,20261010T140000Z,Qualifying,Otros,Otros,Clasificación,Normal,"Singapore\, Singapore",Reminder
openf1-meeting-1296@motorsport-calendar-RACE,20261011T120000Z,20261011T140000Z,Race,Otros,Otros,Carrera,Normal,"Singapore\, Singapore",Reminder
gtwc-europe-2026-portimao@motorsport-calendar-FP1,20261016T074500Z,20261016T084500Z,Free Practice 1,Otros,Otros,Entrenamiento,Normal,"Autódromo Internacional do Algarve\, Portugal",Reminder
gtwc-europe-2026-portimao@motorsport-calendar-QUALIFYING,20261016T165500Z,20261016T175500Z,Qualifying,Otros,Otros,Clasificación,Normal,"Autódromo Internacional do Algarve\, Portugal",Reminder
gtwc-europe-2026-portimao@motorsport-calendar-RACE,20261017T160000Z,20261017T173000Z,Main Race,Otros,Otros,Carrera,Normal,"Autódromo Internacional do Algarve\, Portugal",Reminder
wec-2026-7@motorsport-calendar-FP1,20261016T093000Z,20261016T104500Z,Free Practice 1,Otros,Otros,Entrenamiento,Normal,"Barcelona\, Unknown",Reminder
wec-2026-7@motorsport-calendar-FP2,20261016T143000Z,20261016T154500Z,Free Practice 2,Otros,Otros,Entrenamiento,Normal,"Barcelona\, Unknown",Reminder
wec-2026-7@motorsport-calendar-FP3,20261017T065000Z,20261017T115500Z,Fp3,Otros,Otros,Evento,Normal,"Barcelona\, Unknown",Reminder
wec-2026-7@motorsport-calendar-QUALIFYING,20261017T095000Z,20261017T140500Z,Qualifying,Otros,Otros,Clasificación,Normal,"Barcelona\, Unknown",Reminder
wec-2026-7@motorsport-calendar-HYPERPOLE,20261017T101000Z,20261017T142000Z,Hyperpole,Otros,Otros,Evento,Normal,"Barcelona\, Unknown",Reminder
wec-2026-7@motorsport-calendar-RACE,20261018T100000Z,20261018T160000Z,Race,Otros,Otros,Carrera,Normal,"Barcelona\, Unknown",Reminder
f1calendar-f1-academy-2026-5@motorsport-calendar-FP1,20261022T060000Z,20261022T064500Z,Free Practice 1,Otros,Otros,Entrenamiento,Normal,"United States\, USA",Reminder
f1calendar-f1-academy-2026-5@motorsport-calendar-QUALIFYING,20261022T070000Z,20261022T073000Z,Qualifying 1,Otros,Otros,Clasificación,Normal,"United States\, USA",Reminder
f1calendar-f1-academy-2026-5@motorsport-calendar-SPRINT,20261024T130000Z,20261024T133000Z,Race 1,Otros,Otros,Carrera,Normal,"United States\, USA",Reminder
f1calendar-f1-academy-2026-5@motorsport-calendar-FP3,20261025T060000Z,20261025T063000Z,Race 2,Otros,Otros,Carrera,Normal,"United States\, USA",Reminder
moto3-2026-66961f05-2454-4455-9d65-f99c49d25b17@motorsport-calendar-FP1,20261022T220000Z,20261022T223500Z,Free Practice Nr. 1,Otros,Otros,Entrenamiento,Normal,"Phillip Island\, Australia",Reminder
moto3-2026-66961f05-2454-4455-9d65-f99c49d25b17@motorsport-calendar-FP2,20261023T021500Z,20261023T025000Z,Practice,Otros,Otros,Entrenamiento,Normal,"Phillip Island\, Australia",Reminder
moto3-2026-66961f05-2454-4455-9d65-f99c49d25b17@motorsport-calendar-FP3,20261023T214000Z,20261023T221000Z,Free Practice Nr. 2,Otros,Otros,Entrenamiento,Normal,"Phillip Island\, Australia",Reminder
moto3-2026-66961f05-2454-4455-9d65-f99c49d25b17@motorsport-calendar-QUALIFYING,20261024T014500Z,20261024T022500Z,Qualifying,Otros,Otros,Clasificación,Normal,"Phillip Island\, Australia",Reminder
moto3-2026-66961f05-2454-4455-9d65-f99c49d25b17@motorsport-calendar-RACE,20261025T000000Z,20261025T003500Z,Race,Otros,Otros,Carrera,Normal,"Phillip Island\, Australia",Reminder
moto2-2026-66961f05-2454-4455-9d65-f99c49d25b17@motorsport-calendar-FP1,20261022T225000Z,20261022T233000Z,Free Practice Nr. 1,Otros,Otros,Entrenamiento,Normal,"Phillip Island\, Australia",Reminder
moto2-2026-66961f05-2454-4455-9d65-f99c49d25b17@motorsport-calendar-FP2,20261023T030500Z,20261023T034500Z,Practice,Otros,Otros,Entrenamiento,Normal,"Phillip Island\, Australia",Reminder
moto2-2026-66961f05-2454-4455-9d65-f99c49d25b17@motorsport-calendar-FP3,20261023T222500Z,20261023T225500Z,Free Practice Nr. 2,Otros,Otros,Entrenamiento,Normal,"Phillip Island\, Australia",Reminder
moto2-2026-66961f05-2454-4455-9d65-f99c49d25b17@motorsport-calendar-QUALIFYING,20261024T024000Z,20261024T032000Z,Qualifying,Otros,Otros,Clasificación,Normal,"Phillip Island\, Australia",Reminder
moto2-2026-66961f05-2454-4455-9d65-f99c49d25b17@motorsport-calendar-RACE,20261025T011500Z,20261025T015500Z,Race,Otros,Otros,Carrera,Normal,"Phillip Island\, Australia",Reminder
motogp-2026-66961f05-2454-4455-9d65-f99c49d25b17@motorsport-calendar-FP1,20261022T234500Z,20261023T003000Z,Free Practice Nr. 1,Otros,Otros,Entrenamiento,Normal,"Phillip Island\, Australia",Reminder
motogp-2026-66961f05-2454-4455-9d65-f99c49d25b17@motorsport-calendar-FP2,20261023T040000Z,20261023T050000Z,Practice,Otros,Otros,Entrenamiento,Normal,"Phillip Island\, Australia",Reminder
motogp-2026-66961f05-2454-4455-9d65-f99c49d25b17@motorsport-calendar-FP3,20261023T231000Z,20261023T234000Z,Free Practice Nr. 2,Otros,Otros,Entrenamiento,Normal,"Phillip Island\, Australia",Reminder
motogp-2026-66961f05-2454-4455-9d65-f99c49d25b17@motorsport-calendar-QUALIFYING,20261023T235000Z,20261024T003000Z,Qualifying,Otros,Otros,Clasificación,Normal,"Phillip Island\, Australia",Reminder
motogp-2026-66961f05-2454-4455-9d65-f99c49d25b17@motorsport-calendar-SPRINT,20261024T040000Z,20261024T043000Z,Tissot Sprint,Otros,Otros,Sprint,Normal,"Phillip Island\, Australia",Reminder
motogp-2026-66961f05-2454-4455-9d65-f99c49d25b17@motorsport-calendar-RACE,20261025T030000Z,20261025T034500Z,Grand Prix,Fórmula,F1,Carrera,Normal,"Phillip Island\, Australia",Reminder
openf1-meeting-1297@motorsport-calendar-FP1,20261023T173000Z,20261023T183000Z,Practice 1,Otros,Otros,Entrenamiento,Normal,"Austin\, United States",Reminder
openf1-meeting-1297@motorsport-calendar-FP2,20261023T210000Z,20261023T220000Z,Practice 2,Otros,Otros,Entrenamiento,Normal,"Austin\, United States",Reminder
openf1-meeting-1297@motorsport-calendar-FP3,20261024T173000Z,20261024T183000Z,Practice 3,Otros,Otros,Entrenamiento,Normal,"Austin\, United States",Reminder
openf1-meeting-1297@motorsport-calendar-QUALIFYING,20261024T210000Z,20261024T220000Z,Qualifying,Otros,Otros,Clasificación,Normal,"Austin\, United States",Reminder
openf1-meeting-1297@motorsport-calendar-RACE,20261025T200000Z,20261025T220000Z,Race,Otros,Otros,Carrera,Normal,"Austin\, United States",Reminder
moto3-2026-d1aedfce-d7c8-4d4a-9532-99c82547baad@motorsport-calendar-FP1,20261030T010000Z,20261030T013500Z,Free Practice Nr. 1,Otros,Otros,Entrenamiento,Normal,"Petronas Sepang International Circuit\, Malaysia",Reminder
moto3-2026-d1aedfce-d7c8-4d4a-9532-99c82547baad@motorsport-calendar-FP2,20261030T051500Z,20261030T055000Z,Practice,Otros,Otros,Entrenamiento,Normal,"Petronas Sepang International Circuit\, Malaysia",Reminder
moto3-2026-d1aedfce-d7c8-4d4a-9532-99c82547baad@motorsport-calendar-FP3,20261031T004000Z,20261031T011000Z,Free Practice Nr. 2,Otros,Otros,Entrenamiento,Normal,"Petronas Sepang International Circuit\, Malaysia",Reminder
moto3-2026-d1aedfce-d7c8-4d4a-9532-99c82547baad@motorsport-calendar-QUALIFYING,20261031T044500Z,20261031T052500Z,Qualifying,Otros,Otros,Clasificación,Normal,"Petronas Sepang International Circuit\, Malaysia",Reminder
moto3-2026-d1aedfce-d7c8-4d4a-9532-99c82547baad@motorsport-calendar-RACE,20261101T030000Z,20261101T033500Z,Race,Otros,Otros,Carrera,Normal,"Petronas Sepang International Circuit\, Malaysia",Reminder
moto2-2026-d1aedfce-d7c8-4d4a-9532-99c82547baad@motorsport-calendar-FP1,20261030T015000Z,20261030T023000Z,Free Practice Nr. 1,Otros,Otros,Entrenamiento,Normal,"Petronas Sepang International Circuit\, Malaysia",Reminder
moto2-2026-d1aedfce-d7c8-4d4a-9532-99c82547baad@motorsport-calendar-FP2,20261030T060500Z,20261030T064500Z,Practice,Otros,Otros,Entrenamiento,Normal,"Petronas Sepang International Circuit\, Malaysia",Reminder
moto2-2026-d1aedfce-d7c8-4d4a-9532-99c82547baad@motorsport-calendar-FP3,20261031T012500Z,20261031T015500Z,Free Practice Nr. 2,Otros,Otros,Entrenamiento,Normal,"Petronas Sepang International Circuit\, Malaysia",Reminder
moto2-2026-d1aedfce-d7c8-4d4a-9532-99c82547baad@motorsport-calendar-QUALIFYING,20261031T054000Z,20261031T062000Z,Qualifying,Otros,Otros,Clasificación,Normal,"Petronas Sepang International Circuit\, Malaysia",Reminder
moto2-2026-d1aedfce-d7c8-4d4a-9532-99c82547baad@motorsport-calendar-RACE,20261101T051500Z,20261101T055500Z,Race,Otros,Otros,Carrera,Normal,"Petronas Sepang International Circuit\, Malaysia",Reminder
motogp-2026-d1aedfce-d7c8-4d4a-9532-99c82547baad@motorsport-calendar-FP1,20261030T024500Z,20261030T033000Z,Free Practice Nr. 1,Otros,Otros,Entrenamiento,Normal,"Petronas Sepang International Circuit\, Malaysia",Reminder
motogp-2026-d1aedfce-d7c8-4d4a-9532-99c82547baad@motorsport-calendar-FP2,20261030T070000Z,20261030T080000Z,Practice,Otros,Otros,Entrenamiento,Normal,"Petronas Sepang International Circuit\, Malaysia",Reminder
motogp-2026-d1aedfce-d7c8-4d4a-9532-99c82547baad@motorsport-calendar-FP3,20261031T021000Z,20261031T024000Z,Free Practice Nr. 2,Otros,Otros,Entrenamiento,Normal,"Petronas Sepang International Circuit\, Malaysia",Reminder
motogp-2026-d1aedfce-d7c8-4d4a-9532-99c82547baad@motorsport-calendar-QUALIFYING,20261031T025000Z,20261031T033000Z,Qualifying,Otros,Otros,Clasificación,Normal,"Petronas Sepang International Circuit\, Malaysia",Reminder
motogp-2026-d1aedfce-d7c8-4d4a-9532-99c82547baad@motorsport-calendar-SPRINT,20261031T070000Z,20261031T073000Z,Tissot Sprint,Otros,Otros,Sprint,Normal,"Petronas Sepang International Circuit\, Malaysia",Reminder
motogp-2026-d1aedfce-d7c8-4d4a-9532-99c82547baad@motorsport-calendar-RACE,20261101T070000Z,20261101T074500Z,Grand Prix,Fórmula,F1,Carrera,Normal,"Petronas Sepang International Circuit\, Malaysia",Reminder
openf1-meeting-1298@motorsport-calendar-FP1,20261030T183000Z,20261030T193000Z,Practice 1,Otros,Otros,Entrenamiento,Normal,"Mexico City\, Mexico",Reminder
openf1-meeting-1298@motorsport-calendar-FP2,20261030T220000Z,20261030T230000Z,Practice 2,Otros,Otros,Entrenamiento,Normal,"Mexico City\, Mexico",Reminder
openf1-meeting-1298@motorsport-calendar-FP3,20261031T173000Z,20261031T183000Z,Practice 3,Otros,Otros,Entrenamiento,Normal,"Mexico City\, Mexico",Reminder
openf1-meeting-1298@motorsport-calendar-QUALIFYING,20261031T210000Z,20261031T220000Z,Qualifying,Otros,Otros,Clasificación,Normal,"Mexico City\, Mexico",Reminder
openf1-meeting-1298@motorsport-calendar-RACE,20261101T200000Z,20261101T220000Z,Race,Otros,Otros,Carrera,Normal,"Mexico City\, Mexico",Reminder
wec-2026-8@motorsport-calendar-FP1,20261106T100000Z,20261106T111500Z,Free Practice 1,Otros,Otros,Entrenamiento,Normal,"Monza\, Italy",Reminder
wec-2026-8@motorsport-calendar-FP2,20261106T145000Z,20261106T160500Z,Free Practice 2,Otros,Otros,Entrenamiento,Normal,"Monza\, Italy",Reminder
wec-2026-8@motorsport-calendar-FP3,20261107T091000Z,20261107T102500Z,Free Practice 3,Otros,Otros,Entrenamiento,Normal,"Monza\, Italy",Reminder
wec-2026-8@motorsport-calendar-QUALIFYING,20261107T132000Z,20261107T142500Z,Qualifying,Otros,Otros,Clasificación,Normal,"Monza\, Italy",Reminder
wec-2026-8@motorsport-calendar-HYPERPOLE,20261107T134000Z,20261107T144000Z,Hyperpole,Otros,Otros,Evento,Normal,"Monza\, Italy",Reminder
wec-2026-8@motorsport-calendar-RACE,20261108T100000Z,20261108T160000Z,Race,Otros,Otros,Carrera,Normal,"Monza\, Italy",Reminder
moto3-2026-3f3d3f5e-851c-42d2-887a-8ce8b41fa908@motorsport-calendar-FP1,20261106T110000Z,20261106T113500Z,Free Practice Nr. 1,Otros,Otros,Entrenamiento,Normal,"Lusail International Circuit\, Qatar",Reminder
moto3-2026-3f3d3f5e-851c-42d2-887a-8ce8b41fa908@motorsport-calendar-FP2,20261106T151500Z,20261106T155000Z,Practice,Otros,Otros,Entrenamiento,Normal,"Lusail International Circuit\, Qatar",Reminder
moto3-2026-3f3d3f5e-851c-42d2-887a-8ce8b41fa908@motorsport-calendar-FP3,20261107T103000Z,20261107T110000Z,Free Practice Nr. 2,Otros,Otros,Entrenamiento,Normal,"Lusail International Circuit\, Qatar",Reminder
moto3-2026-3f3d3f5e-851c-42d2-887a-8ce8b41fa908@motorsport-calendar-QUALIFYING,20261107T144500Z,20261107T152500Z,Qualifying,Otros,Otros,Clasificación,Normal,"Lusail International Circuit\, Qatar",Reminder
moto3-2026-3f3d3f5e-851c-42d2-887a-8ce8b41fa908@motorsport-calendar-RACE,20261108T140000Z,20261108T143500Z,Race,Otros,Otros,Carrera,Normal,"Lusail International Circuit\, Qatar",Reminder
moto2-2026-3f3d3f5e-851c-42d2-887a-8ce8b41fa908@motorsport-calendar-FP1,20261106T115000Z,20261106T123000Z,Free Practice Nr. 1,Otros,Otros,Entrenamiento,Normal,"Lusail International Circuit\, Qatar",Reminder
moto2-2026-3f3d3f5e-851c-42d2-887a-8ce8b41fa908@motorsport-calendar-FP2,20261106T160500Z,20261106T164500Z,Practice,Otros,Otros,Entrenamiento,Normal,"Lusail International Circuit\, Qatar",Reminder
moto2-2026-3f3d3f5e-851c-42d2-887a-8ce8b41fa908@motorsport-calendar-FP3,20261107T111500Z,20261107T114500Z,Free Practice Nr. 2,Otros,Otros,Entrenamiento,Normal,"Lusail International Circuit\, Qatar",Reminder
moto2-2026-3f3d3f5e-851c-42d2-887a-8ce8b41fa908@motorsport-calendar-QUALIFYING,20261107T154000Z,20261107T162000Z,Qualifying,Otros,Otros,Clasificación,Normal,"Lusail International Circuit\, Qatar",Reminder
moto2-2026-3f3d3f5e-851c-42d2-887a-8ce8b41fa908@motorsport-calendar-RACE,20261108T151500Z,20261108T155500Z,Race,Otros,Otros,Carrera,Normal,"Lusail International Circuit\, Qatar",Reminder
motogp-2026-3f3d3f5e-851c-42d2-887a-8ce8b41fa908@motorsport-calendar-FP1,20261106T124500Z,20261106T133000Z,Free Practice Nr. 1,Otros,Otros,Entrenamiento,Normal,"Lusail International Circuit\, Qatar",Reminder
motogp-2026-3f3d3f5e-851c-42d2-887a-8ce8b41fa908@motorsport-calendar-FP2,20261106T170000Z,20261106T180000Z,Practice,Otros,Otros,Entrenamiento,Normal,"Lusail International Circuit\, Qatar",Reminder
motogp-2026-3f3d3f5e-851c-42d2-887a-8ce8b41fa908@motorsport-calendar-FP3,20261107T120000Z,20261107T123000Z,Free Practice Nr. 2,Otros,Otros,Entrenamiento,Normal,"Lusail International Circuit\, Qatar",Reminder
motogp-2026-3f3d3f5e-851c-42d2-887a-8ce8b41fa908@motorsport-calendar-QUALIFYING,20261107T124000Z,20261107T132000Z,Qualifying,Otros,Otros,Clasificación,Normal,"Lusail International Circuit\, Qatar",Reminder
motogp-2026-3f3d3f5e-851c-42d2-887a-8ce8b41fa908@motorsport-calendar-SPRINT,20261107T170000Z,20261107T173000Z,Tissot Sprint,Otros,Otros,Sprint,Normal,"Lusail International Circuit\, Qatar",Reminder
motogp-2026-3f3d3f5e-851c-42d2-887a-8ce8b41fa908@motorsport-calendar-RACE,20261108T170000Z,20261108T174500Z,Grand Prix,Fórmula,F1,Carrera,Normal,"Lusail International Circuit\, Qatar",Reminder
openf1-meeting-1299@motorsport-calendar-FP1,20261106T153000Z,20261106T163000Z,Practice 1,Otros,Otros,Entrenamiento,Normal,"Interlagos\, Brazil",Reminder
openf1-meeting-1299@motorsport-calendar-FP2,20261106T190000Z,20261106T200000Z,Practice 2,Otros,Otros,Entrenamiento,Normal,"Interlagos\, Brazil",Reminder
openf1-meeting-1299@motorsport-calendar-FP3,20261107T143000Z,20261107T153000Z,Practice 3,Otros,Otros,Entrenamiento,Normal,"Interlagos\, Brazil",Reminder
openf1-meeting-1299@motorsport-calendar-QUALIFYING,20261107T180000Z,20261107T190000Z,Qualifying,Otros,Otros,Clasificación,Normal,"Interlagos\, Brazil",Reminder
openf1-meeting-1299@motorsport-calendar-RACE,20261108T170000Z,20261108T190000Z,Race,Otros,Otros,Carrera,Normal,"Interlagos\, Brazil",Reminder
f1calendar-f1-academy-2026-6@motorsport-calendar-FP1,20261119T080000Z,20261119T084500Z,Free Practice 1,Otros,Otros,Entrenamiento,Normal,"Las Vegas\, USA",Reminder
f1calendar-f1-academy-2026-6@motorsport-calendar-QUALIFYING,20261119T090000Z,20261119T093000Z,Qualifying 1,Otros,Otros,Clasificación,Normal,"Las Vegas\, USA",Reminder
f1calendar-f1-academy-2026-6@motorsport-calendar-SPRINT,20261120T080000Z,20261120T083000Z,Race 1,Otros,Otros,Carrera,Normal,"Las Vegas\, USA",Reminder
f1calendar-f1-academy-2026-6@motorsport-calendar-FP3,20261121T080000Z,20261121T083000Z,Race 2,Otros,Otros,Carrera,Normal,"Las Vegas\, USA",Reminder
openf1-meeting-1300@motorsport-calendar-FP1,20261120T003000Z,20261120T013000Z,Practice 1,Otros,Otros,Entrenamiento,Normal,"Las Vegas\, United States",Reminder
openf1-meeting-1300@motorsport-calendar-FP2,20261120T040000Z,20261120T050000Z,Practice 2,Otros,Otros,Entrenamiento,Normal,"Las Vegas\, United States",Reminder
openf1-meeting-1300@motorsport-calendar-FP3,20261121T003000Z,20261121T013000Z,Practice 3,Otros,Otros,Entrenamiento,Normal,"Las Vegas\, United States",Reminder
openf1-meeting-1300@motorsport-calendar-QUALIFYING,20261121T040000Z,20261121T050000Z,Qualifying,Otros,Otros,Clasificación,Normal,"Las Vegas\, United States",Reminder
openf1-meeting-1300@motorsport-calendar-RACE,20261122T040000Z,20261122T060000Z,Race,Otros,Otros,Carrera,Normal,"Las Vegas\, United States",Reminder
moto3-2026-c7f7626b-807f-4a6f-813e-7ad2c68302a3@motorsport-calendar-FP1,20261120T090000Z,20261120T093500Z,Free Practice Nr. 1,Otros,Otros,Entrenamiento,Normal,"Autódromo Internacional do Algarve\, Portugal",Reminder
moto3-2026-c7f7626b-807f-4a6f-813e-7ad2c68302a3@motorsport-calendar-FP2,20261120T131500Z,20261120T135000Z,Practice,Otros,Otros,Entrenamiento,Normal,"Autódromo Internacional do Algarve\, Portugal",Reminder
moto3-2026-c7f7626b-807f-4a6f-813e-7ad2c68302a3@motorsport-calendar-FP3,20261121T084000Z,20261121T091000Z,Free Practice Nr. 2,Otros,Otros,Entrenamiento,Normal,"Autódromo Internacional do Algarve\, Portugal",Reminder
moto3-2026-c7f7626b-807f-4a6f-813e-7ad2c68302a3@motorsport-calendar-QUALIFYING,20261121T124500Z,20261121T132500Z,Qualifying,Otros,Otros,Clasificación,Normal,"Autódromo Internacional do Algarve\, Portugal",Reminder
moto3-2026-c7f7626b-807f-4a6f-813e-7ad2c68302a3@motorsport-calendar-RACE,20261122T143000Z,20261122T150500Z,Race,Otros,Otros,Carrera,Normal,"Autódromo Internacional do Algarve\, Portugal",Reminder
moto2-2026-c7f7626b-807f-4a6f-813e-7ad2c68302a3@motorsport-calendar-FP1,20261120T095000Z,20261120T103000Z,Free Practice Nr. 1,Otros,Otros,Entrenamiento,Normal,"Autódromo Internacional do Algarve\, Portugal",Reminder
moto2-2026-c7f7626b-807f-4a6f-813e-7ad2c68302a3@motorsport-calendar-FP2,20261120T140500Z,20261120T144500Z,Practice,Otros,Otros,Entrenamiento,Normal,"Autódromo Internacional do Algarve\, Portugal",Reminder
moto2-2026-c7f7626b-807f-4a6f-813e-7ad2c68302a3@motorsport-calendar-FP3,20261121T092500Z,20261121T095500Z,Free Practice Nr. 2,Otros,Otros,Entrenamiento,Normal,"Autódromo Internacional do Algarve\, Portugal",Reminder
moto2-2026-c7f7626b-807f-4a6f-813e-7ad2c68302a3@motorsport-calendar-QUALIFYING,20261121T134000Z,20261121T142000Z,Qualifying,Otros,Otros,Clasificación,Normal,"Autódromo Internacional do Algarve\, Portugal",Reminder
moto2-2026-c7f7626b-807f-4a6f-813e-7ad2c68302a3@motorsport-calendar-RACE,20261122T111500Z,20261122T115500Z,Race,Otros,Otros,Carrera,Normal,"Autódromo Internacional do Algarve\, Portugal",Reminder
motogp-2026-c7f7626b-807f-4a6f-813e-7ad2c68302a3@motorsport-calendar-FP1,20261120T104500Z,20261120T113000Z,Free Practice Nr. 1,Otros,Otros,Entrenamiento,Normal,"Autódromo Internacional do Algarve\, Portugal",Reminder
motogp-2026-c7f7626b-807f-4a6f-813e-7ad2c68302a3@motorsport-calendar-FP2,20261120T150000Z,20261120T160000Z,Practice,Otros,Otros,Entrenamiento,Normal,"Autódromo Internacional do Algarve\, Portugal",Reminder
motogp-2026-c7f7626b-807f-4a6f-813e-7ad2c68302a3@motorsport-calendar-FP3,20261121T101000Z,20261121T104000Z,Free Practice Nr. 2,Otros,Otros,Entrenamiento,Normal,"Autódromo Internacional do Algarve\, Portugal",Reminder
motogp-2026-c7f7626b-807f-4a6f-813e-7ad2c68302a3@motorsport-calendar-QUALIFYING,20261121T105000Z,20261121T113000Z,Qualifying,Otros,Otros,Clasificación,Normal,"Autódromo Internacional do Algarve\, Portugal",Reminder
motogp-2026-c7f7626b-807f-4a6f-813e-7ad2c68302a3@motorsport-calendar-SPRINT,20261121T150000Z,20261121T153000Z,Tissot Sprint,Otros,Otros,Sprint,Normal,"Autódromo Internacional do Algarve\, Portugal",Reminder
motogp-2026-c7f7626b-807f-4a6f-813e-7ad2c68302a3@motorsport-calendar-RACE,20261122T130000Z,20261122T134500Z,Grand Prix,Fórmula,F1,Carrera,Normal,"Autódromo Internacional do Algarve\, Portugal",Reminder
moto3-2026-6ad2859f-51c4-459e-9714-338814e7537f@motorsport-calendar-FP1,20261127T080000Z,20261127T083500Z,Free Practice Nr. 1,Otros,Otros,Entrenamiento,Normal,"Circuit Ricardo Tormo\, Spain",Reminder
moto3-2026-6ad2859f-51c4-459e-9714-338814e7537f@motorsport-calendar-FP2,20261127T121500Z,20261127T125000Z,Practice,Otros,Otros,Entrenamiento,Normal,"Circuit Ricardo Tormo\, Spain",Reminder
moto3-2026-6ad2859f-51c4-459e-9714-338814e7537f@motorsport-calendar-FP3,20261128T074000Z,20261128T081000Z,Free Practice Nr. 2,Otros,Otros,Entrenamiento,Normal,"Circuit Ricardo Tormo\, Spain",Reminder
moto3-2026-6ad2859f-51c4-459e-9714-338814e7537f@motorsport-calendar-QUALIFYING,20261128T114500Z,20261128T122500Z,Qualifying,Otros,Otros,Clasificación,Normal,"Circuit Ricardo Tormo\, Spain",Reminder
moto3-2026-6ad2859f-51c4-459e-9714-338814e7537f@motorsport-calendar-RACE,20261129T100000Z,20261129T103500Z,Race,Otros,Otros,Carrera,Normal,"Circuit Ricardo Tormo\, Spain",Reminder
moto2-2026-6ad2859f-51c4-459e-9714-338814e7537f@motorsport-calendar-FP1,20261127T085000Z,20261127T093000Z,Free Practice Nr. 1,Otros,Otros,Entrenamiento,Normal,"Circuit Ricardo Tormo\, Spain",Reminder
moto2-2026-6ad2859f-51c4-459e-9714-338814e7537f@motorsport-calendar-FP2,20261127T130500Z,20261127T134500Z,Practice,Otros,Otros,Entrenamiento,Normal,"Circuit Ricardo Tormo\, Spain",Reminder
moto2-2026-6ad2859f-51c4-459e-9714-338814e7537f@motorsport-calendar-FP3,20261128T082500Z,20261128T085500Z,Free Practice Nr. 2,Otros,Otros,Entrenamiento,Normal,"Circuit Ricardo Tormo\, Spain",Reminder
moto2-2026-6ad2859f-51c4-459e-9714-338814e7537f@motorsport-calendar-QUALIFYING,20261128T124000Z,20261128T132000Z,Qualifying,Otros,Otros,Clasificación,Normal,"Circuit Ricardo Tormo\, Spain",Reminder
moto2-2026-6ad2859f-51c4-459e-9714-338814e7537f@motorsport-calendar-RACE,20261129T111500Z,20261129T115500Z,Race,Otros,Otros,Carrera,Normal,"Circuit Ricardo Tormo\, Spain",Reminder
f1calendar-f2-2026-13@motorsport-calendar-FP1,20261127T090000Z,20261127T094500Z,Free Practice,Otros,Otros,Entrenamiento,Normal,"Qatar\, Unknown",Reminder
f1calendar-f2-2026-13@motorsport-calendar-QUALIFYING,20261127T130000Z,20261127T133000Z,Qualifying,Otros,Otros,Clasificación,Normal,"Qatar\, Unknown",Reminder
f1calendar-f2-2026-13@motorsport-calendar-SPRINT,20261128T100000Z,20261128T104500Z,Sprint Race,Otros,Otros,Carrera,Normal,"Qatar\, Unknown",Reminder
f1calendar-f2-2026-13@motorsport-calendar-RACE,20261129T090000Z,20261129T100500Z,Feature Race,Otros,Otros,Carrera,Normal,"Qatar\, Unknown",Reminder
motogp-2026-6ad2859f-51c4-459e-9714-338814e7537f@motorsport-calendar-FP1,20261127T094500Z,20261127T103000Z,Free Practice Nr. 1,Otros,Otros,Entrenamiento,Normal,"Circuit Ricardo Tormo\, Spain",Reminder
motogp-2026-6ad2859f-51c4-459e-9714-338814e7537f@motorsport-calendar-FP2,20261127T140000Z,20261127T150000Z,Practice,Otros,Otros,Entrenamiento,Normal,"Circuit Ricardo Tormo\, Spain",Reminder
motogp-2026-6ad2859f-51c4-459e-9714-338814e7537f@motorsport-calendar-FP3,20261128T091000Z,20261128T094000Z,Free Practice Nr. 2,Otros,Otros,Entrenamiento,Normal,"Circuit Ricardo Tormo\, Spain",Reminder
motogp-2026-6ad2859f-51c4-459e-9714-338814e7537f@motorsport-calendar-QUALIFYING,20261128T095000Z,20261128T103000Z,Qualifying,Otros,Otros,Clasificación,Normal,"Circuit Ricardo Tormo\, Spain",Reminder
motogp-2026-6ad2859f-51c4-459e-9714-338814e7537f@motorsport-calendar-SPRINT,20261128T140000Z,20261128T143000Z,Tissot Sprint,Otros,Otros,Sprint,Normal,"Circuit Ricardo Tormo\, Spain",Reminder
motogp-2026-6ad2859f-51c4-459e-9714-338814e7537f@motorsport-calendar-RACE,20261129T130000Z,20261129T134500Z,Grand Prix,Fórmula,F1,Carrera,Normal,"Circuit Ricardo Tormo\, Spain",Reminder
openf1-meeting-1301@motorsport-calendar-FP1,20261127T133000Z,20261127T143000Z,Practice 1,Otros,Otros,Entrenamiento,Normal,"Lusail\, Qatar",Reminder
openf1-meeting-1301@motorsport-calendar-FP2,20261127T170000Z,20261127T180000Z,Practice 2,Otros,Otros,Entrenamiento,Normal,"Lusail\, Qatar",Reminder
openf1-meeting-1301@motorsport-calendar-FP3,20261128T143000Z,20261128T153000Z,Practice 3,Otros,Otros,Entrenamiento,Normal,"Lusail\, Qatar",Reminder
openf1-meeting-1301@motorsport-calendar-QUALIFYING,20261128T180000Z,20261128T190000Z,Qualifying,Otros,Otros,Clasificación,Normal,"Lusail\, Qatar",Reminder
openf1-meeting-1301@motorsport-calendar-RACE,20261129T160000Z,20261129T180000Z,Race,Otros,Otros,Carrera,Normal,"Lusail\, Qatar",Reminder
f1calendar-f2-2026-14@motorsport-calendar-FP1,20261204T075500Z,20261204T084000Z,Free Practice,Otros,Otros,Entrenamiento,Normal,"Abu Dhabi\, Unknown",Reminder
f1calendar-f2-2026-14@motorsport-calendar-QUALIFYING,20261204T115500Z,20261204T122500Z,Qualifying,Otros,Otros,Clasificación,Normal,"Abu Dhabi\, Unknown",Reminder
f1calendar-f2-2026-14@motorsport-calendar-SPRINT,20261205T063500Z,20261205T072000Z,Sprint Race,Otros,Otros,Carrera,Normal,"Abu Dhabi\, Unknown",Reminder
f1calendar-f2-2026-14@motorsport-calendar-RACE,20261206T064000Z,20261206T074500Z,Feature Race,Otros,Otros,Carrera,Normal,"Abu Dhabi\, Unknown",Reminder
openf1-meeting-1302@motorsport-calendar-FP1,20261204T093000Z,20261204T103000Z,Practice 1,Otros,Otros,Entrenamiento,Normal,"Yas Marina Circuit\, United Arab Emirates",Reminder
openf1-meeting-1302@motorsport-calendar-FP2,20261204T130000Z,20261204T140000Z,Practice 2,Otros,Otros,Entrenamiento,Normal,"Yas Marina Circuit\, United Arab Emirates",Reminder
openf1-meeting-1302@motorsport-calendar-FP3,20261205T103000Z,20261205T113000Z,Practice 3,Otros,Otros,Entrenamiento,Normal,"Yas Marina Circuit\, United Arab Emirates",Reminder
openf1-meeting-1302@motorsport-calendar-QUALIFYING,20261205T140000Z,20261205T150000Z,Qualifying,Otros,Otros,Clasificación,Normal,"Yas Marina Circuit\, United Arab Emirates",Reminder
openf1-meeting-1302@motorsport-calendar-RACE,20261206T130000Z,20261206T150000Z,Race,Otros,Otros,Carrera,Normal,"Yas Marina Circuit\, United Arab Emirates",Reminder
