uid,categoria,campeonato,tipo,fecha_inicio,fecha_fin,ubicacion,descripcion,prioridad
f1calendar-fe-2026-1@motorsport-calendar-FP2,Fórmula,Formula E,Entrenamiento,20251206T101000Z,20251206T104000Z,"Sao Paulo ePrix\, Brazil",Reminder,
f1calendar-fe-2026-1@motorsport-calendar-QUALIFYING,Fórmula,Formula E,Clasificación,20251206T124000Z,20251206T134000Z,"Sao Paulo ePrix\, Brazil",Reminder,
f1calendar-fe-2026-1@motorsport-calendar-RACE,Fórmula,Formula E,Carrera,20251206T170500Z,20251206T175000Z,"Sao Paulo ePrix\, Brazil",Reminder,alta
f1calendar-fe-2026-2@motorsport-calendar-FP1,Fórmula,Formula E,Entrenamiento,20260109T220000Z,20260109T223000Z,"Mexico City ePrix\, Mexico",Reminder,
f1calendar-fe-2026-2@motorsport-calendar-FP2,Fórmula,Formula E,Entrenamiento,20260110T133000Z,20260110T140000Z,"Mexico City ePrix\, Mexico",Reminder,
f1calendar-fe-2026-2@motorsport-calendar-QUALIFYING,Fórmula,Formula E,Clasificación,20260110T154000Z,20260110T164000Z,"Mexico City ePrix\, Mexico",Reminder,
f1calendar-fe-2026-2@motorsport-calendar-RACE,Fórmula,Formula E,Carrera,20260110T200500Z,20260110T205000Z,"Mexico City ePrix\, Mexico",Reminder,alta
f1calendar-fe-2026-3@motorsport-calendar-FP1,Fórmula,Formula E,Entrenamiento,20260130T220000Z,20260130T223000Z,"Miami ePrix\, USA",Reminder,
f1calendar-fe-2026-3@motorsport-calendar-FP2,Fórmula,Formula E,Entrenamiento,20260131T123000Z,20260131T130000Z,"Miami ePrix\, USA",Reminder,
f1calendar-fe-2026-3@motorsport-calendar-QUALIFYING,Fórmula,Formula E,Clasificación,20260131T144000Z,20260131T154000Z,"Miami ePrix\, USA",Reminder,
f1calendar-fe-2026-3@motorsport-calendar-RACE,Fórmula,Formula E,Carrera,20260131T190500Z,20260131T195000Z,"Miami ePrix\, USA",Reminder,alta
openf1-meeting-1304@motorsport-calendar-FREE_PRACTICE,Fórmula,F1,Evento,20260211T070000Z,20260211T160000Z,"Sakhir\, Bahrain",Reminder,
openf1-meeting-1304@motorsport-calendar-FREE_PRACTICE,Fórmula,F1,Evento,20260212T070000Z,20260212T160000Z,"Sakhir\, Bahrain",Reminder,
f1calendar-fe-2026-4@motorsport-calendar-FP1,Fórmula,Formula E,Entrenamiento,20260212T170000Z,20260212T173000Z,"Jeddah ePrix\, Saudi Arabia",Reminder,
igtc-2026-bathurst-12-hour@motorsport-calendar-FP1,GT,IGTC,Entrenamiento,20260212T224500Z,20260212T234500Z,"Mount Panorama Circuit\, Australia",Reminder,
igtc-2026-bathurst-12-hour@motorsport-calendar-FP2,GT,IGTC,Entrenamiento,20260213T010000Z,20260213T020000Z,"Mount Panorama Circuit\, Australia",Reminder,
igtc-2026-bathurst-12-hour@motorsport-calendar-FP3,GT,IGTC,Entrenamiento,20260213T041000Z,20260214T010500Z,"Mount Panorama Circuit\, Australia",Reminder,
openf1-meeting-1304@motorsport-calendar-FREE_PRACTICE,Fórmula,F1,Evento,20260213T070000Z,20260213T160000Z,"Sakhir\, Bahrain",Reminder,
f1calendar-fe-2026-4@motorsport-calendar-FP2,Fórmula,Formula E,Entrenamiento,20260213T103000Z,20260213T110000Z,"Jeddah ePrix\, Saudi Arabia",Reminder,
f1calendar-fe-2026-4@motorsport-calendar-QUALIFYING,Fórmula,Formula E,Clasificación,20260213T124000Z,20260213T134000Z,"Jeddah ePrix\, Saudi Arabia",Reminder,
f1calendar-fe-2026-4@motorsport-calendar-RACE,Fórmula,Formula E,Carrera,20260213T170500Z,20260213T175000Z,"Jeddah ePrix\, Saudi Arabia",Reminder,alta
igtc-2026-bathurst-12-hour@motorsport-calendar-QUALIFYING,GT,IGTC,Clasificación,20260214T030500Z,20260214T071500Z,"Mount Panorama Circuit\, Australia",Reminder,
f1calendar-fe-2026-5@motorsport-calendar-FP3,Fórmula,Formula E,Entrenamiento,20260214T103000Z,20260214T110000Z,"Jeddah ePrix\, Saudi Arabia",Reminder,
f1calendar-fe-2026-5@motorsport-calendar-QUALIFYING,Fórmula,Formula E,Clasificación,20260214T124000Z,20260214T134000Z,"Jeddah ePrix\, Saudi Arabia",Reminder,
f1calendar-fe-2026-5@motorsport-calendar-RACE,Fórmula,Formula E,Carrera,20260214T170500Z,20260214T175000Z,"Jeddah ePrix\, Saudi Arabia",Reminder,alta
igtc-2026-bathurst-12-hour@motorsport-calendar-RACE,GT,IGTC,Carrera,20260214T194500Z,20260215T074500Z,"Mount Panorama Circuit\, Australia",Reminder,
openf1-meeting-1305@motorsport-calendar-FREE_PRACTICE,Fórmula,F1,Evento,20260218T070000Z,20260218T160000Z,"Sakhir\, Bahrain",Reminder,
openf1-meeting-1305@motorsport-calendar-FREE_PRACTICE,Fórmula,F1,Evento,20260219T070000Z,20260219T160000Z,"Sakhir\, Bahrain",Reminder,
openf1-meeting-1305@motorsport-calendar-FREE_PRACTICE,Fórmula,F1,Evento,20260220T070000Z,20260220T160000Z,"Sakhir\, Bahrain",Reminder,
moto3-2026-364a0bd9-d3c2-4ab3-a4cd-211ff469953e@motorsport-calendar-FP,Motos,Moto3,Entrenamiento,20260227T020000Z,20260227T023500Z,"Chang International Circuit\, Thailand",Reminder,
moto2-2026-364a0bd9-d3c2-4ab3-a4cd-211ff469953e@motorsport-calendar-FP,Motos,Moto2,Entrenamiento,20260227T025000Z,20260227T033000Z,"Chang International Circuit\, Thailand",Reminder,
motogp-2026-364a0bd9-d3c2-4ab3-a4cd-211ff469953e@motorsport-calendar-F,Motos,MotoGP,Entrenamiento,20260227T034500Z,20260227T043000Z,"Chang International Circuit\, Thailand",Reminder,
moto3-2026-364a0bd9-d3c2-4ab3-a4cd-211ff469953e@motorsport-calendar-FP,Motos,Moto3,Entrenamiento,20260227T061500Z,20260227T065000Z,"Chang International Circuit\, Thailand",Reminder,
moto2-2026-364a0bd9-d3c2-4ab3-a4cd-211ff469953e@motorsport-calendar-FP,Motos,Moto2,Entrenamiento,20260227T070500Z,20260227T074500Z,"Chang International Circuit\, Thailand",Reminder,
motogp-2026-364a0bd9-d3c2-4ab3-a4cd-211ff469953e@motorsport-calendar-F,Motos,MotoGP,Entrenamiento,20260227T080000Z,20260227T090000Z,"Chang International Circuit\, Thailand",Reminder,
indycar-2026-st-petersburg-2026-02-27-1530-practice-1,IndyCar,IndyCar,Entrenamiento,20260227T153000,20260227T163000,Streets of St. Petersburg,"Firestone Grand Prix of St. Petersburg - Practice 1
Fuente oficial: https://www.indycar.com/Schedule/2026/St-Petersburg",
moto3-2026-364a0bd9-d3c2-4ab3-a4cd-211ff469953e@motorsport-calendar-FP,Motos,Moto3,Entrenamiento,20260228T014000Z,20260228T021000Z,"Chang International Circuit\, Thailand",Reminder,
moto2-2026-364a0bd9-d3c2-4ab3-a4cd-211ff469953e@motorsport-calendar-FP,Motos,Moto2,Entrenamiento,20260228T022500Z,20260228T025500Z,"Chang International Circuit\, Thailand",Reminder,
motogp-2026-364a0bd9-d3c2-4ab3-a4cd-211ff469953e@motorsport-calendar-F,Motos,MotoGP,Entrenamiento,20260228T031000Z,20260228T034000Z,"Chang International Circuit\, Thailand",Reminder,
motogp-2026-364a0bd9-d3c2-4ab3-a4cd-211ff469953e@motorsport-calendar-Q,Motos,MotoGP,Clasificación,20260228T035000Z,20260228T043000Z,"Chang International Circuit\, Thailand",Reminder,
moto3-2026-364a0bd9-d3c2-4ab3-a4cd-211ff469953e@motorsport-calendar-QU,Motos,Moto3,Clasificación,20260228T054500Z,20260228T062500Z,"Chang International Circuit\, Thailand",Reminder,
moto2-2026-364a0bd9-d3c2-4ab3-a4cd-211ff469953e@motorsport-calendar-QU,Motos,Moto2,Clasificación,20260228T064000Z,20260228T072000Z,"Chang International Circuit\, Thailand",Reminder,
motogp-2026-364a0bd9-d3c2-4ab3-a4cd-211ff469953e@motorsport-calendar-S,Motos,MotoGP,Sprint,20260228T080000Z,20260228T083000Z,"Chang International Circuit\, Thailand",Reminder,
indycar-2026-st-petersburg-2026-02-28-1130-practice-2,IndyCar,IndyCar,Entrenamiento,20260228T113000,20260228T123000,Streets of St. Petersburg,"Firestone Grand Prix of St. Petersburg - Practice 2
Fuente oficial: https://www.indycar.com/Schedule/2026/St-Petersburg",
indycar-2026-st-petersburg-2026-02-28-1830-qualifications,IndyCar,IndyCar,Clasificación,20260228T183000,20260228T193000,Streets of St. Petersburg,"Firestone Grand Prix of St. Petersburg - Qualifications
Fuente oficial: https://www.indycar.com/Schedule/2026/St-Petersburg",
moto3-2026-364a0bd9-d3c2-4ab3-a4cd-211ff469953e@motorsport-calendar-RA,Motos,Moto3,Carrera,20260301T050000Z,20260301T053500Z,"Chang International Circuit\, Thailand",Reminder,
moto2-2026-364a0bd9-d3c2-4ab3-a4cd-211ff469953e@motorsport-calendar-RA,Motos,Moto2,Carrera,20260301T061500Z,20260301T065500Z,"Chang International Circuit\, Thailand",Reminder,
motogp-2026-364a0bd9-d3c2-4ab3-a4cd-211ff469953e@motorsport-calendar-R,Motos,MotoGP,Evento,20260301T080000Z,20260301T084500Z,"Chang International Circuit\, Thailand",Reminder,
indycar-2026-st-petersburg-2026-03-01-1100-warmup,IndyCar,IndyCar,Entrenamiento,20260301T110000,20260301T120000,Streets of St. Petersburg,"Firestone Grand Prix of St. Petersburg - Warmup
Fuente oficial: https://www.indycar.com/Schedule/2026/St-Petersburg",
indycar-2026-st-petersburg-2026-03-01-1400-race,IndyCar,IndyCar,Carrera,20260301T140000,20260301T160000,Streets of St. Petersburg,"Firestone Grand Prix of St. Petersburg - Race
Fuente oficial: https://www.indycar.com/Schedule/2026/St-Petersburg",alta
f1calendar-f3-2026-1@motorsport-calendar-FP1,Fórmula,F3,Entrenamiento,20260305T215000Z,20260305T223500Z,"Australian\, Australia",Reminder,
f1calendar-f2-2026-1@motorsport-calendar-FP1,Fórmula,F2,Entrenamiento,20260305T230000Z,20260305T234500Z,"Australian\, Unknown",Reminder,
openf1-meeting-1279@motorsport-calendar-FP1,Fórmula,F1,Entrenamiento,20260306T013000Z,20260306T023000Z,"Melbourne\, Australia",Reminder,
f1calendar-f3-2026-1@motorsport-calendar-QUALIFYING,Fórmula,F3,Clasificación,20260306T030000Z,20260306T033000Z,"Australian\, Australia",Reminder,
f1calendar-f2-2026-1@motorsport-calendar-QUALIFYING,Fórmula,F2,Clasificación,20260306T035500Z,20260306T042500Z,"Australian\, Unknown",Reminder,
openf1-meeting-1279@motorsport-calendar-FP2,Fórmula,F1,Entrenamiento,20260306T050000Z,20260306T060000Z,"Melbourne\, Australia",Reminder,
indycar-2026-phoenix-2026-03-06-1200-practice-1,IndyCar,IndyCar,Entrenamiento,20260306T120000,20260306T130000,Phoenix Raceway,"Good Ranchers 250 - Practice 1
Fuente oficial: https://www.indycar.com/Schedule/2026/Phoenix",
indycar-2026-phoenix-2026-03-06-1600-qualifications,IndyCar,IndyCar,Clasificación,20260306T160000,20260306T170000,Phoenix Raceway,"Good Ranchers 250 - Qualifications
Fuente oficial: https://www.indycar.com/Schedule/2026/Phoenix",
indycar-2026-phoenix-2026-03-06-1830-high-line-final-practice,IndyCar,IndyCar,Entrenamiento,20260306T183000,20260306T193000,Phoenix Raceway,"Good Ranchers 250 - High Line & Final Practice
Fuente oficial: https://www.indycar.com/Schedule/2026/Phoenix",
f1calendar-f3-2026-1@motorsport-calendar-SPRINT,Fórmula,F3,Sprint,20260307T001500Z,20260307T004500Z,"Australian\, Australia",Reminder,
openf1-meeting-1279@motorsport-calendar-FP3,Fórmula,F1,Entrenamiento,20260307T013000Z,20260307T023000Z,"Melbourne\, Australia",Reminder,
f1calendar-f2-2026-1@motorsport-calendar-SPRINT,Fórmula,F2,Sprint,20260307T033000Z,20260307T041500Z,"Australian\, Unknown",Reminder,
openf1-meeting-1279@motorsport-calendar-QUALIFYING,Fórmula,F1,Clasificación,20260307T050000Z,20260307T060000Z,"Melbourne\, Australia",Reminder,
indycar-2026-phoenix-2026-03-07-1700-race,IndyCar,IndyCar,Carrera,20260307T170000,20260307T190000,Phoenix Raceway,"Good Ranchers 250 - Race
Fuente oficial: https://www.indycar.com/Schedule/2026/Phoenix",alta
f1calendar-f3-2026-1@motorsport-calendar-RACE,Fórmula,F3,Carrera,20260307T215000Z,20260307T223000Z,"Australian\, Australia",Reminder,
f1calendar-f2-2026-1@motorsport-calendar-RACE,Fórmula,F2,Carrera,20260308T002500Z,20260308T013000Z,"Australian\, Unknown",Reminder,
openf1-meeting-1279@motorsport-calendar-RACE,Fórmula,F1,Carrera,20260308T040000Z,20260308T060000Z,"Melbourne\, Australia",Reminder,alta
f1calendar-f1-academy-2026-1@motorsport-calendar-FP1,Fórmula,F1 Academy,Entrenamiento,20260313T011000Z,20260313T015500Z,"Chinese\, China",Reminder,
openf1-meeting-1280@motorsport-calendar-FP1,Fórmula,F1,Entrenamiento,20260313T033000Z,20260313T043000Z,"Shanghai\, China",Reminder,
f1calendar-f1-academy-2026-1@motorsport-calendar-QUALIFYING,Fórmula,F1 Academy,Clasificación,20260313T061000Z,20260313T064000Z,"Chinese\, China",Reminder,
openf1-meeting-1280@motorsport-calendar-SPRINT_QUALIFYING,Fórmula,F1,Sprint,20260313T073000Z,20260313T081400Z,"Shanghai\, China",Reminder,
tc2000-2026-01-2026-03-13-1435-practica-libre-autorizados-todos,Argentina,TC2000,Práctica,20260313T143500,20260313T145000,Callejero de Buenos Aires,"PRACTICA LIBRE AUTORIZADOS (TODOS)
Fecha 1
Fuente oficial: https://www.tc2000.com.ar/",
tc2000-2026-01-2026-03-13-1640-shakedown-todos-juntos,Argentina,TC2000,Shakedown,20260313T164000,20260313T165500,Callejero de Buenos Aires,"SHAKEDOWN (TODOS JUNTOS)
Fecha 1
Fuente oficial: https://www.tc2000.com.ar/",
indycar-2026-arlington-2026-03-13-1700-practice-1,IndyCar,IndyCar,Entrenamiento,20260313T170000,20260313T180000,Streets of Arlington,"Java House Grand Prix of Arlington - Practice 1
Fuente oficial: https://www.indycar.com/Schedule/2026/Arlington",
openf1-meeting-1280@motorsport-calendar-SPRINT,Fórmula,F1,Sprint,20260314T030000Z,20260314T040000Z,"Shanghai\, China",Reminder,
f1calendar-f1-academy-2026-1@motorsport-calendar-SPRINT,Fórmula,F1 Academy,Carrera,20260314T054500Z,20260314T061500Z,"Chinese\, China",Reminder,
openf1-meeting-1280@motorsport-calendar-QUALIFYING,Fórmula,F1,Clasificación,20260314T070000Z,20260314T080000Z,"Shanghai\, China",Reminder,
tc2000-2026-01-2026-03-14-1020-practica-libre-1-grupo-a,Argentina,TC2000,Práctica,20260314T102000,20260314T104000,Callejero de Buenos Aires,"PRACTICA LIBRE 1 (GRUPO A)
Fecha 1
Fuente oficial: https://www.tc2000.com.ar/",
indycar-2026-arlington-2026-03-14-1030-practice-2,IndyCar,IndyCar,Entrenamiento,20260314T103000,20260314T113000,Streets of Arlington,"Java House Grand Prix of Arlington - Practice 2
Fuente oficial: https://www.indycar.com/Schedule/2026/Arlington",
tc2000-2026-01-2026-03-14-1050-practica-libre-1-grupo-b,Argentina,TC2000,Práctica,20260314T105000,20260314T111000,Callejero de Buenos Aires,"PRACTICA LIBRE 1 (GRUPO B)
Fecha 1
Fuente oficial: https://www.tc2000.com.ar/",
tc2000-2026-01-2026-03-14-1315-practica-libre-2-grupo-a,Argentina,TC2000,Práctica,20260314T131500,20260314T134000,Callejero de Buenos Aires,"PRACTICA LIBRE 2 (GRUPO A)
Fecha 1
Fuente oficial: https://www.tc2000.com.ar/",
tc2000-2026-01-2026-03-14-1350-practica-libre-2-grupo-b,Argentina,TC2000,Práctica,20260314T135000,20260314T141500,Callejero de Buenos Aires,"PRACTICA LIBRE 2 (GRUPO B)
Fecha 1
Fuente oficial: https://www.tc2000.com.ar/",
indycar-2026-arlington-2026-03-14-1530-qualifications,IndyCar,IndyCar,Clasificación,20260314T153000,20260314T163000,Streets of Arlington,"Java House Grand Prix of Arlington - Qualifications
Fuente oficial: https://www.indycar.com/Schedule/2026/Arlington",
tc2000-2026-01-2026-03-14-1615-clasificacion-box-abierto-todos-juntos-y-pp,Argentina,TC2000,Clasificación,20260314T161500,20260314T164000,Callejero de Buenos Aires,"CLASIFICACION BOX ABIERTO TODOS JUNTOS y Pp
Fecha 1
Fuente oficial: https://www.tc2000.com.ar/",
f1calendar-f1-academy-2026-1@motorsport-calendar-FP3,Fórmula,F1 Academy,Carrera,20260315T024000Z,20260315T031000Z,"Chinese\, China",Reminder,
openf1-meeting-1280@motorsport-calendar-RACE,Fórmula,F1,Carrera,20260315T070000Z,20260315T090000Z,"Shanghai\, China",Reminder,alta
tc2000-2026-01-2026-03-15-1005-warm-up,Argentina,TC2000,Warm-Up,20260315T100500,20260315T101500,Callejero de Buenos Aires,"WARM - UP
Fecha 1
Fuente oficial: https://www.tc2000.com.ar/",
indycar-2026-arlington-2026-03-15-1030-warmup,IndyCar,IndyCar,Entrenamiento,20260315T103000,20260315T113000,Streets of Arlington,"Java House Grand Prix of Arlington - Warmup
Fuente oficial: https://www.indycar.com/Schedule/2026/Arlington",
indycar-2026-arlington-2026-03-15-1230-race,IndyCar,IndyCar,Carrera,20260315T123000,20260315T143000,Streets of Arlington,"Java House Grand Prix of Arlington - Race
Fuente oficial: https://www.indycar.com/Schedule/2026/Arlington",alta
tc2000-2026-01-2026-03-15-1235-grid-show-s-tyc-sports,Argentina,TC2000,Grid,20260315T123500,20260315T125000,Callejero de Buenos Aires,"GRID SHOW ”s TyC Sports
Fecha 1
Fuente oficial: https://www.tc2000.com.ar/",
tc2000-2026-01-2026-03-15-1255-vuelta-previa-el-t-r-e-ce,Argentina,TC2000,Carrera,20260315T125500,20260315T125600,Callejero de Buenos Aires,"VUELTA PREVIA el t r e ce
Fecha 1
Fuente oficial: https://www.tc2000.com.ar/",alta
tc2000-2026-01-2026-03-15-1300-carrera-final-1-vuelta-producido-por,Argentina,TC2000,Carrera,20260315T130000,20260315T133700,Callejero de Buenos Aires,"CARRERA FINAL +1 VUELTA Producido por
Fecha 1
Fuente oficial: https://www.tc2000.com.ar/",alta
tc2000-2026-01-2026-03-15-1340-podio-carburando,Argentina,TC2000,Podio,20260315T134000,20260315T135500,Callejero de Buenos Aires,"PODIO , carburando
Fecha 1
Fuente oficial: https://www.tc2000.com.ar/",
moto3-2026-11588b5a-f76c-4c8e-ae06-acba82ff1303@motorsport-calendar-FP,Motos,Moto3,Entrenamiento,20260320T130000Z,20260320T134500Z,"Autódromo Internacional de Goiânia – Ayrton Senna\, Brazil",Reminder,
moto2-2026-11588b5a-f76c-4c8e-ae06-acba82ff1303@motorsport-calendar-FP,Motos,Moto2,Entrenamiento,20260320T140000Z,20260320T145000Z,"Autódromo Internacional de Goiânia – Ayrton Senna\, Brazil",Reminder,
motogp-2026-11588b5a-f76c-4c8e-ae06-acba82ff1303@motorsport-calendar-F,Motos,MotoGP,Entrenamiento,20260320T150500Z,20260320T160500Z,"Autódromo Internacional de Goiânia – Ayrton Senna\, Brazil",Reminder,
f1calendar-fe-2026-6@motorsport-calendar-FP1,Fórmula,Formula E,Entrenamiento,20260320T153000Z,20260320T160000Z,"Madrid ePrix\, Unknown",Reminder,
moto3-2026-11588b5a-f76c-4c8e-ae06-acba82ff1303@motorsport-calendar-FP,Motos,Moto3,Entrenamiento,20260320T171500Z,20260320T175000Z,"Autódromo Internacional de Goiânia – Ayrton Senna\, Brazil",Reminder,
moto2-2026-11588b5a-f76c-4c8e-ae06-acba82ff1303@motorsport-calendar-FP,Motos,Moto2,Entrenamiento,20260320T180500Z,20260320T184500Z,"Autódromo Internacional de Goiânia – Ayrton Senna\, Brazil",Reminder,
motogp-2026-11588b5a-f76c-4c8e-ae06-acba82ff1303@motorsport-calendar-F,Motos,MotoGP,Entrenamiento,20260320T190000Z,20260320T200000Z,"Autódromo Internacional de Goiânia – Ayrton Senna\, Brazil",Reminder,
f1calendar-fe-2026-6@motorsport-calendar-FP2,Fórmula,Formula E,Entrenamiento,20260321T073000Z,20260321T080000Z,"Madrid ePrix\, Unknown",Reminder,
f1calendar-fe-2026-6@motorsport-calendar-QUALIFYING,Fórmula,Formula E,Clasificación,20260321T094000Z,20260321T104000Z,"Madrid ePrix\, Unknown",Reminder,
moto3-2026-11588b5a-f76c-4c8e-ae06-acba82ff1303@motorsport-calendar-FP,Motos,Moto3,Entrenamiento,20260321T114000Z,20260321T121000Z,"Autódromo Internacional de Goiânia – Ayrton Senna\, Brazil",Reminder,
moto2-2026-11588b5a-f76c-4c8e-ae06-acba82ff1303@motorsport-calendar-FP,Motos,Moto2,Entrenamiento,20260321T122500Z,20260321T125500Z,"Autódromo Internacional de Goiânia – Ayrton Senna\, Brazil",Reminder,
motogp-2026-11588b5a-f76c-4c8e-ae06-acba82ff1303@motorsport-calendar-F,Motos,MotoGP,Entrenamiento,20260321T131000Z,20260321T134000Z,"Autódromo Internacional de Goiânia – Ayrton Senna\, Brazil",Reminder,
motogp-2026-11588b5a-f76c-4c8e-ae06-acba82ff1303@motorsport-calendar-Q,Motos,MotoGP,Clasificación,20260321T135000Z,20260321T143000Z,"Autódromo Internacional de Goiânia – Ayrton Senna\, Brazil",Reminder,
f1calendar-fe-2026-6@motorsport-calendar-RACE,Fórmula,Formula E,Carrera,20260321T140500Z,20260321T145000Z,"Madrid ePrix\, Unknown",Reminder,alta
motogp-2026-11588b5a-f76c-4c8e-ae06-acba82ff1303@motorsport-calendar-S,Motos,MotoGP,Sprint,20260321T192000Z,20260321T195000Z,"Autódromo Internacional de Goiânia – Ayrton Senna\, Brazil",Reminder,
moto3-2026-11588b5a-f76c-4c8e-ae06-acba82ff1303@motorsport-calendar-QU,Motos,Moto3,Clasificación,20260321T201000Z,20260321T205000Z,"Autódromo Internacional de Goiânia – Ayrton Senna\, Brazil",Reminder,
moto2-2026-11588b5a-f76c-4c8e-ae06-acba82ff1303@motorsport-calendar-QU,Motos,Moto2,Clasificación,20260322T124000Z,20260322T132000Z,"Autódromo Internacional de Goiânia – Ayrton Senna\, Brazil",Reminder,
moto3-2026-11588b5a-f76c-4c8e-ae06-acba82ff1303@motorsport-calendar-RA,Motos,Moto3,Carrera,20260322T153000Z,20260322T160500Z,"Autódromo Internacional de Goiânia – Ayrton Senna\, Brazil",Reminder,
moto2-2026-11588b5a-f76c-4c8e-ae06-acba82ff1303@motorsport-calendar-RA,Motos,Moto2,Carrera,20260322T162500Z,20260322T170500Z,"Autódromo Internacional de Goiânia – Ayrton Senna\, Brazil",Reminder,
motogp-2026-11588b5a-f76c-4c8e-ae06-acba82ff1303@motorsport-calendar-R,Motos,MotoGP,Evento,20260322T180000Z,20260322T184500Z,"Autódromo Internacional de Goiânia – Ayrton Senna\, Brazil",Reminder,
openf1-meeting-1281@motorsport-calendar-FP1,Fórmula,F1,Entrenamiento,20260327T023000Z,20260327T033000Z,"Suzuka\, Japan",Reminder,
openf1-meeting-1281@motorsport-calendar-FP2,Fórmula,F1,Entrenamiento,20260327T060000Z,20260327T070000Z,"Suzuka\, Japan",Reminder,
moto3-2026-8c83648e-8ec9-40f1-9ba0-b0f19883e7d7@motorsport-calendar-FP,Motos,Moto3,Entrenamiento,20260327T140000Z,20260327T143500Z,"Circuit Of The Americas\, United States",Reminder,
moto2-2026-8c83648e-8ec9-40f1-9ba0-b0f19883e7d7@motorsport-calendar-FP,Motos,Moto2,Entrenamiento,20260327T145000Z,20260327T153000Z,"Circuit Of The Americas\, United States",Reminder,
motogp-2026-8c83648e-8ec9-40f1-9ba0-b0f19883e7d7@motorsport-calendar-F,Motos,MotoGP,Entrenamiento,20260327T154500Z,20260327T163000Z,"Circuit Of The Americas\, United States",Reminder,
indycar-2026-barber-2026-03-27-1630-practice-1,IndyCar,IndyCar,Entrenamiento,20260327T163000,20260327T173000,Barber Motorsports Park,"Children's of Alabama Indy Grand Prix - Practice 1
Fuente oficial: https://www.indycar.com/Schedule/2026/Barber",
moto3-2026-8c83648e-8ec9-40f1-9ba0-b0f19883e7d7@motorsport-calendar-FP,Motos,Moto3,Entrenamiento,20260327T181500Z,20260327T185000Z,"Circuit Of The Americas\, United States",Reminder,
moto2-2026-8c83648e-8ec9-40f1-9ba0-b0f19883e7d7@motorsport-calendar-FP,Motos,Moto2,Entrenamiento,20260327T190500Z,20260327T194500Z,"Circuit Of The Americas\, United States",Reminder,
motogp-2026-8c83648e-8ec9-40f1-9ba0-b0f19883e7d7@motorsport-calendar-F,Motos,MotoGP,Entrenamiento,20260327T200000Z,20260327T210000Z,"Circuit Of The Americas\, United States",Reminder,
gtwc-america-2026-sonoma-raceway@motorsport-calendar-FP1,GT,GT World Challenge America,Entrenamiento,20260327T230000Z,20260328T000000Z,"Sonoma Raceway\, United States of America",Reminder,
openf1-meeting-1281@motorsport-calendar-FP3,Fórmula,F1,Entrenamiento,20260328T023000Z,20260328T033000Z,"Suzuka\, Japan",Reminder,
openf1-meeting-1281@motorsport-calendar-QUALIFYING,Fórmula,F1,Clasificación,20260328T060000Z,20260328T070000Z,"Suzuka\, Japan",Reminder,
indycar-2026-barber-2026-03-28-1200-practice-2,IndyCar,IndyCar,Entrenamiento,20260328T120000,20260328T130000,Barber Motorsports Park,"Children's of Alabama Indy Grand Prix - Practice 2
Fuente oficial: https://www.indycar.com/Schedule/2026/Barber",
moto3-2026-8c83648e-8ec9-40f1-9ba0-b0f19883e7d7@motorsport-calendar-FP,Motos,Moto3,Entrenamiento,20260328T134000Z,20260328T141000Z,"Circuit Of The Americas\, United States",Reminder,
moto2-2026-8c83648e-8ec9-40f1-9ba0-b0f19883e7d7@motorsport-calendar-FP,Motos,Moto2,Entrenamiento,20260328T142500Z,20260328T145500Z,"Circuit Of The Americas\, United States",Reminder,
motogp-2026-8c83648e-8ec9-40f1-9ba0-b0f19883e7d7@motorsport-calendar-F,Motos,MotoGP,Entrenamiento,20260328T151000Z,20260328T154000Z,"Circuit Of The Americas\, United States",Reminder,
indycar-2026-barber-2026-03-28-1530-qualifications,IndyCar,IndyCar,Clasificación,20260328T153000,20260328T163000,Barber Motorsports Park,"Children's of Alabama Indy Grand Prix - Qualifications
Fuente oficial: https://www.indycar.com/Schedule/2026/Barber",
motogp-2026-8c83648e-8ec9-40f1-9ba0-b0f19883e7d7@motorsport-calendar-Q,Motos,MotoGP,Clasificación,20260328T155000Z,20260328T163000Z,"Circuit Of The Americas\, United States",Reminder,
moto3-2026-8c83648e-8ec9-40f1-9ba0-b0f19883e7d7@motorsport-calendar-QU,Motos,Moto3,Clasificación,20260328T174500Z,20260328T182500Z,"Circuit Of The Americas\, United States",Reminder,
gtwc-america-2026-sonoma-raceway@motorsport-calendar-FP2,GT,GT World Challenge America,Entrenamiento,20260328T180000Z,20260328T190000Z,"Sonoma Raceway\, United States of America",Reminder,
moto2-2026-8c83648e-8ec9-40f1-9ba0-b0f19883e7d7@motorsport-calendar-QU,Motos,Moto2,Clasificación,20260328T184000Z,20260328T193200Z,"Circuit Of The Americas\, United States",Reminder,
motogp-2026-8c83648e-8ec9-40f1-9ba0-b0f19883e7d7@motorsport-calendar-S,Motos,MotoGP,Sprint,20260328T201000Z,20260328T204000Z,"Circuit Of The Americas\, United States",Reminder,
gtwc-america-2026-sonoma-raceway@motorsport-calendar-FP3,GT,GT World Challenge America,Entrenamiento,20260328T211500Z,20260328T221500Z,"Sonoma Raceway\, United States of America",Reminder,
openf1-meeting-1281@motorsport-calendar-RACE,Fórmula,F1,Carrera,20260329T050000Z,20260329T070000Z,"Suzuka\, Japan",Reminder,alta
indycar-2026-barber-2026-03-29-1100-warmup,IndyCar,IndyCar,Entrenamiento,20260329T110000,20260329T120000,Barber Motorsports Park,"Children's of Alabama Indy Grand Prix - Warmup
Fuente oficial: https://www.indycar.com/Schedule/2026/Barber",
indycar-2026-barber-2026-03-29-1400-race,IndyCar,IndyCar,Carrera,20260329T140000,20260329T160000,Barber Motorsports Park,"Children's of Alabama Indy Grand Prix - Race
Fuente oficial: https://www.indycar.com/Schedule/2026/Barber",alta
gtwc-america-2026-sonoma-raceway@motorsport-calendar-QUALIFYING,GT,GT World Challenge America,Clasificación,20260329T155000Z,20260329T165000Z,"Sonoma Raceway\, United States of America",Reminder,
moto3-2026-8c83648e-8ec9-40f1-9ba0-b0f19883e7d7@motorsport-calendar-RA,Motos,Moto3,Carrera,20260329T170000Z,20260329T173500Z,"Circuit Of The Americas\, United States",Reminder,
moto2-2026-8c83648e-8ec9-40f1-9ba0-b0f19883e7d7@motorsport-calendar-RA,Motos,Moto2,Carrera,20260329T181500Z,20260329T185500Z,"Circuit Of The Americas\, United States",Reminder,
motogp-2026-8c83648e-8ec9-40f1-9ba0-b0f19883e7d7@motorsport-calendar-R,Motos,MotoGP,Evento,20260329T200000Z,20260329T204500Z,"Circuit Of The Americas\, United States",Reminder,
gtwc-america-2026-sonoma-raceway@motorsport-calendar-RACE,GT,GT World Challenge America,Carrera,20260329T204500Z,20260329T221500Z,"Sonoma Raceway\, United States of America",Reminder,
gtwc-asia-2026-sepang@motorsport-calendar-FP1,GT,GT World Challenge Asia,Entrenamiento,20260403T030000Z,20260403T040000Z,"Sepang International Circuit\, Malaysia",Reminder,
gtwc-asia-2026-sepang@motorsport-calendar-FP2,GT,GT World Challenge Asia,Evento,20260403T041000Z,20260403T051000Z,"Sepang International Circuit\, Malaysia",Reminder,
gtwc-asia-2026-sepang@motorsport-calendar-SPRINT_QUALIFYING,GT,GT World Challenge Asia,Clasificación,20260404T022500Z,20260404T034700Z,"Sepang International Circuit\, Malaysia",Reminder,
gtwc-asia-2026-sepang@motorsport-calendar-SPRINT,GT,GT World Challenge Asia,Carrera,20260404T061500Z,20260404T071500Z,"Sepang International Circuit\, Malaysia",Reminder,
gtwc-asia-2026-sepang@motorsport-calendar-RACE,GT,GT World Challenge Asia,Carrera,20260405T033000Z,20260405T050000Z,"Sepang International Circuit\, Malaysia",Reminder,
mlmc-2026-1@motorsport-calendar-FP1,Endurance,Le Mans Cup,Entrenamiento,20260410T075000Z,20260410T090500Z,"Barcelona\, Spain",Reminder,
elms-2026-1@motorsport-calendar-FP1,Endurance,ELMS,Entrenamiento,20260410T095000Z,20260410T110500Z,"Barcelona\, Spain",Reminder,
openf1-meeting-1282@motorsport-calendar-FP1,Fórmula,F1,Entrenamiento,20260410T113000Z,20260410T123000Z,"Sakhir\, Bahrain",Reminder,
gtwc-europe-2026-circuit-paul-ricard@motorsport-calendar-FP1,GT,GT World Challenge Europe,Entrenamiento,20260410T122500Z,20260410T132500Z,"Circuit Paul Ricard\, France",Reminder,
mlmc-2026-1@motorsport-calendar-TEST,Endurance,Le Mans Cup,Evento,20260410T124000Z,20260410T132000Z,"Barcelona\, Spain",Reminder,
elms-2026-1@motorsport-calendar-TEST,Endurance,ELMS,Evento,20260410T141000Z,20260410T145000Z,"Barcelona\, Spain",Reminder,
openf1-meeting-1282@motorsport-calendar-FP2,Fórmula,F1,Entrenamiento,20260410T150000Z,20260410T160000Z,"Sakhir\, Bahrain",Reminder,
mlmc-2026-1@motorsport-calendar-FP2,Endurance,Le Mans Cup,Entrenamiento,20260410T153500Z,20260410T165000Z,"Barcelona\, Spain",Reminder,
gtwc-europe-2026-circuit-paul-ricard@motorsport-calendar-FP2,GT,GT World Challenge Europe,Entrenamiento,20260410T172500Z,20260410T182500Z,"Circuit Paul Ricard\, France",Reminder,
tc2000-2026-02-2026-04-10-1745-practica-libre-autorizados-todos,Argentina,TC2000,Práctica,20260410T174500,20260410T180000,El Zonda Eduardo Copello,"PRACTICA LIBRE AUTORIZADOS (TODOS)
Fecha 2
Fuente oficial: https://www.tc2000.com.ar/",
elms-2026-1@motorsport-calendar-FP2,Endurance,ELMS,Entrenamiento,20260411T081000Z,20260411T092500Z,"Barcelona\, Spain",Reminder,
tc2000-2026-02-2026-04-11-0920-shakedown-todos-juntos,Argentina,TC2000,Shakedown,20260411T092000,20260411T093000,El Zonda Eduardo Copello,"SHAKEDOWN (TODOS JUNTOS)
Fecha 2
Fuente oficial: https://www.tc2000.com.ar/",
gtwc-europe-2026-circuit-paul-ricard@motorsport-calendar-QUALIFYING,GT,GT World Challenge Europe,Clasificación,20260411T100500Z,20260411T115500Z,"Circuit Paul Ricard\, France",Reminder,
mlmc-2026-1@motorsport-calendar-QUALIFYING,Endurance,Le Mans Cup,Clasificación,20260411T103000Z,20260411T114500Z,"Barcelona\, Spain",Reminder,
tc2000-2026-02-2026-04-11-1055-practica-libre-1-grupo-a,Argentina,TC2000,Práctica,20260411T105500,20260411T111500,El Zonda Eduardo Copello,"PRACTICA LIBRE 1 (GRUPO A)
Fecha 2
Fuente oficial: https://www.tc2000.com.ar/",
tc2000-2026-02-2026-04-11-1120-practica-libre-1-grupo-b,Argentina,TC2000,Práctica,20260411T112000,20260411T114000,El Zonda Eduardo Copello,"PRACTICA LIBRE 1 (GRUPO B)
Fecha 2
Fuente oficial: https://www.tc2000.com.ar/",
openf1-meeting-1282@motorsport-calendar-FP3,Fórmula,F1,Entrenamiento,20260411T123000Z,20260411T133000Z,"Sakhir\, Bahrain",Reminder,
elms-2026-1@motorsport-calendar-QUALIFYING,Endurance,ELMS,Clasificación,20260411T130500Z,20260411T144500Z,"Barcelona\, Spain",Reminder,
tc2000-2026-02-2026-04-11-1335-practica-libre-2-grupo-a,Argentina,TC2000,Práctica,20260411T133500,20260411T135500,El Zonda Eduardo Copello,"PRACTICA LIBRE 2 (GRUPO A)
Fecha 2
Fuente oficial: https://www.tc2000.com.ar/",
tc2000-2026-02-2026-04-11-1400-practica-libre-2-grupo-b,Argentina,TC2000,Práctica,20260411T140000,20260411T142000,El Zonda Eduardo Copello,"PRACTICA LIBRE 2 (GRUPO B)
Fecha 2
Fuente oficial: https://www.tc2000.com.ar/",
openf1-meeting-1282@motorsport-calendar-QUALIFYING,Fórmula,F1,Clasificación,20260411T160000Z,20260411T170000Z,"Sakhir\, Bahrain",Reminder,
gtwc-europe-2026-circuit-paul-ricard@motorsport-calendar-RACE,GT,GT World Challenge Europe,Carrera,20260411T160000Z,20260411T173000Z,"Circuit Paul Ricard\, France",Reminder,
tc2000-2026-02-2026-04-11-1615-clasificacion-1-vuelta-lanzada-wi-carburande,Argentina,TC2000,Clasificación,20260411T161500,20260411T164500,El Zonda Eduardo Copello,"CLASIFICACION 1 VUELTA LANZADA wi. carburande
Fecha 2
Fuente oficial: https://www.tc2000.com.ar/",
mlmc-2026-1@motorsport-calendar-RACE,Endurance,Le Mans Cup,Carrera,20260411T162000Z,20260411T182000Z,"Barcelona\, Spain",Reminder,alta
tc2000-2026-02-2026-04-12-0935-warm-up,Argentina,TC2000,Warm-Up,20260412T093500,20260412T094500,El Zonda Eduardo Copello,"WARM - UP
Fecha 2
Fuente oficial: https://www.tc2000.com.ar/",
elms-2026-1@motorsport-calendar-RACE,Endurance,ELMS,Carrera,20260412T100000Z,20260412T140000Z,"Barcelona\, Spain",Reminder,
tc2000-2026-02-2026-04-12-1245-grid-show,Argentina,TC2000,Grid,20260412T124500,20260412T130000,El Zonda Eduardo Copello,"GRID SHOW
Fecha 2
Fuente oficial: https://www.tc2000.com.ar/",
tc2000-2026-02-2026-04-12-1305-vuelta-previa-y-carrera-final-1-vuelta-producido-por,Argentina,TC2000,Carrera,20260412T130500,20260412T134500,El Zonda Eduardo Copello,"VUELTA PREVIA Y CARRERA FINAL + 1 VUELTA Producido por
Fecha 2
Fuente oficial: https://www.tc2000.com.ar/",alta
tc2000-2026-02-2026-04-12-1350-podio-i-carburando,Argentina,TC2000,Podio,20260412T135000,20260412T140000,El Zonda Eduardo Copello,"PODIO i= _carburando
Fecha 2
Fuente oficial: https://www.tc2000.com.ar/",
openf1-meeting-1282@motorsport-calendar-RACE,Fórmula,F1,Carrera,20260412T150000Z,20260412T170000Z,"Sakhir\, Bahrain",Reminder,alta
wec-2026-1@motorsport-calendar-FP1,Endurance,WEC,Entrenamiento,20260417T081500Z,20260417T093000Z,"Imola\, Italy",Reminder,
wec-2026-1@motorsport-calendar-FP2,Endurance,WEC,Entrenamiento,20260417T131500Z,20260417T143000Z,"Imola\, Italy",Reminder,
openf1-meeting-1283@motorsport-calendar-FP1,Fórmula,F1,Entrenamiento,20260417T133000Z,20260417T143000Z,"Jeddah\, Saudi Arabia",Reminder,
openf1-meeting-1283@motorsport-calendar-FP2,Fórmula,F1,Entrenamiento,20260417T170000Z,20260417T180000Z,"Jeddah\, Saudi Arabia",Reminder,
indycar-2026-long-beach-2026-04-17-1900-practice-1,IndyCar,IndyCar,Entrenamiento,20260417T190000,20260417T200000,Streets of Long Beach,"Acura Grand Prix of Long Beach - Practice 1
Fuente oficial: https://www.indycar.com/Schedule/2026/Long-Beach",
wec-2026-1@motorsport-calendar-FP3,Endurance,WEC,Entrenamiento,20260418T083000Z,20260418T094500Z,"Imola\, Italy",Reminder,
wec-2026-1@motorsport-calendar-QUALIFYING,Endurance,WEC,Clasificación,20260418T123000Z,20260418T133500Z,"Imola\, Italy",Reminder,
wec-2026-1@motorsport-calendar-HYPERPOLE,Endurance,WEC,Evento,20260418T125000Z,20260418T135000Z,"Imola\, Italy",Reminder,
openf1-meeting-1283@motorsport-calendar-FP3,Fórmula,F1,Entrenamiento,20260418T133000Z,20260418T143000Z,"Jeddah\, Saudi Arabia",Reminder,
indycar-2026-long-beach-2026-04-18-1430-practice-2,IndyCar,IndyCar,Entrenamiento,20260418T143000,20260418T153000,Streets of Long Beach,"Acura Grand Prix of Long Beach - Practice 2
Fuente oficial: https://www.indycar.com/Schedule/2026/Long-Beach",
openf1-meeting-1283@motorsport-calendar-QUALIFYING,Fórmula,F1,Clasificación,20260418T170000Z,20260418T180000Z,"Jeddah\, Saudi Arabia",Reminder,
indycar-2026-long-beach-2026-04-18-1930-qualifications,IndyCar,IndyCar,Clasificación,20260418T193000,20260418T203000,Streets of Long Beach,"Acura Grand Prix of Long Beach - Qualifications
Fuente oficial: https://www.indycar.com/Schedule/2026/Long-Beach",
wec-2026-1@motorsport-calendar-RACE,Endurance,WEC,Carrera,20260419T110000Z,20260419T170000Z,"Imola\, Italy",Reminder,alta
indycar-2026-long-beach-2026-04-19-1400-warmup,IndyCar,IndyCar,Entrenamiento,20260419T140000,20260419T150000,Streets of Long Beach,"Acura Grand Prix of Long Beach - Warmup
Fuente oficial: https://www.indycar.com/Schedule/2026/Long-Beach",
openf1-meeting-1283@motorsport-calendar-RACE,Fórmula,F1,Carrera,20260419T170000Z,20260419T190000Z,"Jeddah\, Saudi Arabia",Reminder,alta
indycar-2026-long-beach-2026-04-19-1830-race,IndyCar,IndyCar,Carrera,20260419T183000,20260419T203000,Streets of Long Beach,"Acura Grand Prix of Long Beach - Race
Fuente oficial: https://www.indycar.com/Schedule/2026/Long-Beach",alta
moto3-2026-a24be69b-8472-4aa4-9e83-d3610e0f1d98@motorsport-calendar-FP,Motos,Moto3,Entrenamiento,20260424T070000Z,20260424T073500Z,"Circuito de Jerez - Ángel Nieto\, Spain",Reminder,
moto2-2026-a24be69b-8472-4aa4-9e83-d3610e0f1d98@motorsport-calendar-FP,Motos,Moto2,Entrenamiento,20260424T075000Z,20260424T083000Z,"Circuito de Jerez - Ángel Nieto\, Spain",Reminder,
motogp-2026-a24be69b-8472-4aa4-9e83-d3610e0f1d98@motorsport-calendar-F,Motos,MotoGP,Entrenamiento,20260424T084500Z,20260424T093000Z,"Circuito de Jerez - Ángel Nieto\, Spain",Reminder,
moto3-2026-a24be69b-8472-4aa4-9e83-d3610e0f1d98@motorsport-calendar-FP,Motos,Moto3,Entrenamiento,20260424T111500Z,20260424T115000Z,"Circuito de Jerez - Ángel Nieto\, Spain",Reminder,
moto2-2026-a24be69b-8472-4aa4-9e83-d3610e0f1d98@motorsport-calendar-FP,Motos,Moto2,Entrenamiento,20260424T120500Z,20260424T124500Z,"Circuito de Jerez - Ángel Nieto\, Spain",Reminder,
motogp-2026-a24be69b-8472-4aa4-9e83-d3610e0f1d98@motorsport-calendar-F,Motos,MotoGP,Entrenamiento,20260424T130000Z,20260424T140000Z,"Circuito de Jerez - Ángel Nieto\, Spain",Reminder,
gtwc-america-2026-circuit-of-the-americas@motorsport-calendar-FP1,GT,GT World Challenge America,Entrenamiento,20260424T212000Z,20260424T222000Z,"Circuit of the Americas\, United States of America",Reminder,
moto3-2026-a24be69b-8472-4aa4-9e83-d3610e0f1d98@motorsport-calendar-FP,Motos,Moto3,Entrenamiento,20260425T064000Z,20260425T071000Z,"Circuito de Jerez - Ángel Nieto\, Spain",Reminder,
moto2-2026-a24be69b-8472-4aa4-9e83-d3610e0f1d98@motorsport-calendar-FP,Motos,Moto2,Entrenamiento,20260425T072500Z,20260425T075500Z,"Circuito de Jerez - Ángel Nieto\, Spain",Reminder,
motogp-2026-a24be69b-8472-4aa4-9e83-d3610e0f1d98@motorsport-calendar-F,Motos,MotoGP,Entrenamiento,20260425T081000Z,20260425T084000Z,"Circuito de Jerez - Ángel Nieto\, Spain",Reminder,
motogp-2026-a24be69b-8472-4aa4-9e83-d3610e0f1d98@motorsport-calendar-Q,Motos,MotoGP,Clasificación,20260425T085000Z,20260425T093000Z,"Circuito de Jerez - Ángel Nieto\, Spain",Reminder,
moto3-2026-a24be69b-8472-4aa4-9e83-d3610e0f1d98@motorsport-calendar-QU,Motos,Moto3,Clasificación,20260425T104500Z,20260425T112500Z,"Circuito de Jerez - Ángel Nieto\, Spain",Reminder,
moto2-2026-a24be69b-8472-4aa4-9e83-d3610e0f1d98@motorsport-calendar-QU,Motos,Moto2,Clasificación,20260425T114000Z,20260425T122000Z,"Circuito de Jerez - Ángel Nieto\, Spain",Reminder,
motogp-2026-a24be69b-8472-4aa4-9e83-d3610e0f1d98@motorsport-calendar-S,Motos,MotoGP,Sprint,20260425T130000Z,20260425T133000Z,"Circuito de Jerez - Ángel Nieto\, Spain",Reminder,
gtwc-america-2026-circuit-of-the-americas@motorsport-calendar-FP2,GT,GT World Challenge America,Entrenamiento,20260425T152500Z,20260425T162500Z,"Circuit of the Americas\, United States of America",Reminder,
gtwc-america-2026-circuit-of-the-americas@motorsport-calendar-FP3,GT,GT World Challenge America,Entrenamiento,20260425T193000Z,20260425T203000Z,"Circuit of the Americas\, United States of America",Reminder,
moto3-2026-a24be69b-8472-4aa4-9e83-d3610e0f1d98@motorsport-calendar-RA,Motos,Moto3,Carrera,20260426T090000Z,20260426T093500Z,"Circuito de Jerez - Ángel Nieto\, Spain",Reminder,
moto2-2026-a24be69b-8472-4aa4-9e83-d3610e0f1d98@motorsport-calendar-RA,Motos,Moto2,Carrera,20260426T101500Z,20260426T105500Z,"Circuito de Jerez - Ángel Nieto\, Spain",Reminder,
motogp-2026-a24be69b-8472-4aa4-9e83-d3610e0f1d98@motorsport-calendar-R,Motos,MotoGP,Evento,20260426T120000Z,20260426T124500Z,"Circuito de Jerez - Ángel Nieto\, Spain",Reminder,
gtwc-america-2026-circuit-of-the-americas@motorsport-calendar-QUALIFYI,GT,GT World Challenge America,Clasificación,20260426T134500Z,20260426T144500Z,"Circuit of the Americas\, United States of America",Reminder,
gtwc-america-2026-circuit-of-the-americas@motorsport-calendar-RACE,GT,GT World Challenge America,Carrera,20260426T173000Z,20260426T190000Z,"Circuit of the Americas\, United States of America",Reminder,
gtwc-asia-2026-pertamina-mandalika-international-circuit@motorsport-ca,GT,GT World Challenge Asia,Entrenamiento,20260501T025000Z,20260501T035000Z,"Pertamina Mandalika International Circuit\, Indonesia",Reminder,
gtwc-asia-2026-pertamina-mandalika-international-circuit@motorsport-ca,GT,GT World Challenge Asia,Evento,20260501T040000Z,20260501T050000Z,"Pertamina Mandalika International Circuit\, Indonesia",Reminder,
mlmc-2026-2@motorsport-calendar-FP1,Endurance,Le Mans Cup,Entrenamiento,20260501T075000Z,20260501T090500Z,"Paul Ricard\, France",Reminder,
elms-2026-2@motorsport-calendar-FP1,Endurance,ELMS,Entrenamiento,20260501T095000Z,20260501T110500Z,"Paul Ricard\, France",Reminder,
f1calendar-f2-2026-2@motorsport-calendar-FP1,Fórmula,F2,Entrenamiento,20260501T133000Z,20260501T141500Z,"USA\, USA",Reminder,
mlmc-2026-2@motorsport-calendar-TEST,Endurance,Le Mans Cup,Evento,20260501T134000Z,20260501T142000Z,"Paul Ricard\, France",Reminder,
f1calendar-fe-2026-7@motorsport-calendar-FP1,Fórmula,Formula E,Entrenamiento,20260501T140000Z,20260501T143000Z,"Berlin ePrix\, Germany",Reminder,
openf1-meeting-1284@motorsport-calendar-FP1,Fórmula,F1,Entrenamiento,20260501T160000Z,20260501T173000Z,"Miami\, United States",Reminder,
mlmc-2026-2@motorsport-calendar-FP2,Endurance,Le Mans Cup,Entrenamiento,20260501T164000Z,20260501T175500Z,"Paul Ricard\, France",Reminder,
tc2000-2026-03-2026-05-01-1730-shakedown-todos-juntos,Argentina,TC2000,Shakedown,20260501T173000,20260501T174000,Concordia,"Shakedown (todos juntos)
Fecha 3
Fuente oficial: https://www.tc2000.com.ar/",
f1calendar-f2-2026-2@motorsport-calendar-QUALIFYING,Fórmula,F2,Clasificación,20260501T183000Z,20260501T190000Z,"USA\, USA",Reminder,
openf1-meeting-1284@motorsport-calendar-SPRINT_QUALIFYING,Fórmula,F1,Sprint,20260501T203000Z,20260501T211400Z,"Miami\, United States",Reminder,
gtwc-asia-2026-pertamina-mandalika-international-circuit@motorsport-ca,GT,GT World Challenge Asia,Clasificación,20260502T011500Z,20260502T023700Z,"Pertamina Mandalika International Circuit\, Indonesia",Reminder,
gtwc-asia-2026-pertamina-mandalika-international-circuit@motorsport-ca,GT,GT World Challenge Asia,Carrera,20260502T053000Z,20260502T063000Z,"Pertamina Mandalika International Circuit\, Indonesia",Reminder,
f1calendar-fe-2026-7@motorsport-calendar-FP2,Fórmula,Formula E,Entrenamiento,20260502T073000Z,20260502T080000Z,"Berlin ePrix\, Germany",Reminder,
elms-2026-2@motorsport-calendar-FP2,Endurance,ELMS,Entrenamiento,20260502T081000Z,20260502T092500Z,"Paul Ricard\, France",Reminder,
gtwc-europe-2026-brands-hatch@motorsport-calendar-FP1,GT,GT World Challenge Europe,Entrenamiento,20260502T083500Z,20260502T093500Z,"Brands Hatch\, Great Britain",Reminder,
f1calendar-fe-2026-7@motorsport-calendar-QUALIFYING,Fórmula,Formula E,Clasificación,20260502T094000Z,20260502T104000Z,"Berlin ePrix\, Germany",Reminder,
mlmc-2026-2@motorsport-calendar-QUALIFYING,Endurance,Le Mans Cup,Clasificación,20260502T095000Z,20260502T105500Z,"Paul Ricard\, France",Reminder,
tc2000-2026-03-2026-05-02-1040-practica-oficial-1-grupo-a,Argentina,TC2000,Práctica,20260502T104000,20260502T110500,Concordia,"Practica oficial 1 (grupo A)
Fecha 3
Fuente oficial: https://www.tc2000.com.ar/",
gtwc-europe-2026-brands-hatch@motorsport-calendar-FP2,GT,GT World Challenge Europe,Entrenamiento,20260502T110000Z,20260502T120000Z,"Brands Hatch\, Great Britain",Reminder,
tc2000-2026-03-2026-05-02-1110-practica-oficial-1-grupo-b,Argentina,TC2000,Práctica,20260502T111000,20260502T113500,Concordia,"Practica oficial 1 (grupo B)
Fecha 3
Fuente oficial: https://www.tc2000.com.ar/",
tc2000-2026-03-2026-05-02-1310-practica-oficial-2-grupo-libre-eleccion,Argentina,TC2000,Práctica,20260502T131000,20260502T133000,Concordia,"Practica oficial 2 (grupo libre eleccion)
Fecha 3
Fuente oficial: https://www.tc2000.com.ar/",
elms-2026-2@motorsport-calendar-QUALIFYING,Endurance,ELMS,Clasificación,20260502T131000Z,20260502T144100Z,"Paul Ricard\, France",Reminder,
tc2000-2026-03-2026-05-02-1335-practica-oficial-2-grupo-libre-eleccion,Argentina,TC2000,Práctica,20260502T133500,20260502T135500,Concordia,"Practica oficial 2 (grupo libre eleccion)
Fecha 3
Fuente oficial: https://www.tc2000.com.ar/",
f1calendar-f2-2026-2@motorsport-calendar-SPRINT,Fórmula,F2,Sprint,20260502T140000Z,20260502T144500Z,"USA\, USA",Reminder,
f1calendar-fe-2026-7@motorsport-calendar-RACE,Fórmula,Formula E,Carrera,20260502T140500Z,20260502T145000Z,"Berlin ePrix\, Germany",Reminder,alta
tc2000-2026-03-2026-05-02-1540-clasificacion-1-vuelta-lanzada,Argentina,TC2000,Clasificación,20260502T154000,20260502T161500,Concordia,"Clasificacion 1 vuelta lanzada
Fecha 3
Fuente oficial: https://www.tc2000.com.ar/",
gtwc-europe-2026-brands-hatch@motorsport-calendar-SPRINT_QUALIFYING,GT,GT World Challenge Europe,Clasificación,20260502T154000Z,20260502T170500Z,"Brands Hatch\, Great Britain",Reminder,
openf1-meeting-1284@motorsport-calendar-SPRINT,Fórmula,F1,Sprint,20260502T160000Z,20260502T170000Z,"Miami\, United States",Reminder,
mlmc-2026-2@motorsport-calendar-RACE,Endurance,Le Mans Cup,Carrera,20260502T162000Z,20260502T182000Z,"Paul Ricard\, France",Reminder,alta
openf1-meeting-1284@motorsport-calendar-QUALIFYING,Fórmula,F1,Clasificación,20260502T200000Z,20260502T210000Z,"Miami\, United States",Reminder,
gtwc-asia-2026-pertamina-mandalika-international-circuit@motorsport-ca,GT,GT World Challenge Asia,Carrera,20260503T033000Z,20260503T050000Z,"Pertamina Mandalika International Circuit\, Indonesia",Reminder,
f1calendar-fe-2026-8@motorsport-calendar-FP3,Fórmula,Formula E,Entrenamiento,20260503T073000Z,20260503T080000Z,"Berlin ePrix\, Germany",Reminder,
f1calendar-fe-2026-8@motorsport-calendar-QUALIFYING,Fórmula,Formula E,Clasificación,20260503T094000Z,20260503T104000Z,"Berlin ePrix\, Germany",Reminder,
tc2000-2026-03-2026-05-03-0945-warm-up,Argentina,TC2000,Warm-Up,20260503T094500,20260503T095500,Concordia,"Warm -up
Fecha 3
Fuente oficial: https://www.tc2000.com.ar/",
elms-2026-2@motorsport-calendar-RACE,Endurance,ELMS,Carrera,20260503T100000Z,20260503T140000Z,"Paul Ricard\, France",Reminder,
gtwc-europe-2026-brands-hatch@motorsport-calendar-SPRINT,GT,GT World Challenge Europe,Carrera,20260503T101500Z,20260503T111500Z,"Brands Hatch\, Great Britain",Reminder,
tc2000-2026-03-2026-05-03-1240-grid-show,Argentina,TC2000,Grid,20260503T124000,20260503T125500,Concordia,"Grid Show
Fecha 3
Fuente oficial: https://www.tc2000.com.ar/",
tc2000-2026-03-2026-05-03-1300-vuelta-previa-y-carrera-final-1-vuelta,Argentina,TC2000,Carrera,20260503T130000,20260503T134000,Concordia,"Vuelta previa y carrera final + 1 vuelta
Fecha 3
Fuente oficial: https://www.tc2000.com.ar/",alta
f1calendar-f2-2026-2@motorsport-calendar-RACE,Fórmula,F2,Carrera,20260503T132500Z,20260503T143000Z,"USA\, USA",Reminder,
tc2000-2026-03-2026-05-03-1345-podio,Argentina,TC2000,Podio,20260503T134500,20260503T140000,Concordia,"Podio
Fecha 3
Fuente oficial: https://www.tc2000.com.ar/",
f1calendar-fe-2026-8@motorsport-calendar-RACE,Fórmula,Formula E,Carrera,20260503T140500Z,20260503T145000Z,"Berlin ePrix\, Germany",Reminder,alta
gtwc-europe-2026-brands-hatch@motorsport-calendar-RACE,GT,GT World Challenge Europe,Carrera,20260503T144500Z,20260503T161500Z,"Brands Hatch\, Great Britain",Reminder,
openf1-meeting-1284@motorsport-calendar-RACE,Fórmula,F1,Carrera,20260503T170000Z,20260503T190000Z,"Miami\, United States",Reminder,alta
wec-2026-2@motorsport-calendar-FP1,Endurance,WEC,Entrenamiento,20260507T090000Z,20260507T101500Z,"Spa-Francorchamps\, Belgium",Reminder,
wec-2026-2@motorsport-calendar-FP2,Endurance,WEC,Entrenamiento,20260507T134000Z,20260507T145500Z,"Spa-Francorchamps\, Belgium",Reminder,
moto3-2026-4237f175-c6a4-4d1e-b658-82962baf3fa3@motorsport-calendar-FP,Motos,Moto3,Entrenamiento,20260508T070000Z,20260508T073500Z,"Le Mans\, France",Reminder,
moto2-2026-4237f175-c6a4-4d1e-b658-82962baf3fa3@motorsport-calendar-FP,Motos,Moto2,Entrenamiento,20260508T075000Z,20260508T083000Z,"Le Mans\, France",Reminder,
wec-2026-2@motorsport-calendar-FP3,Endurance,WEC,Entrenamiento,20260508T081000Z,20260508T092500Z,"Spa-Francorchamps\, Belgium",Reminder,
motogp-2026-4237f175-c6a4-4d1e-b658-82962baf3fa3@motorsport-calendar-F,Motos,MotoGP,Entrenamiento,20260508T084500Z,20260508T093000Z,"Le Mans\, France",Reminder,
indycar-2026-indianapolis-2026-05-08-1000-practice-1,IndyCar,IndyCar,Entrenamiento,20260508T100000,20260508T110000,IMS Road Course,"Sonsio Grand Prix - Practice 1
Fuente oficial: https://www.indycar.com/Schedule/2026/Indianapolis",
moto3-2026-4237f175-c6a4-4d1e-b658-82962baf3fa3@motorsport-calendar-FP,Motos,Moto3,Entrenamiento,20260508T111500Z,20260508T115000Z,"Le Mans\, France",Reminder,
moto2-2026-4237f175-c6a4-4d1e-b658-82962baf3fa3@motorsport-calendar-FP,Motos,Moto2,Entrenamiento,20260508T120500Z,20260508T124500Z,"Le Mans\, France",Reminder,
wec-2026-2@motorsport-calendar-QUALIFYING,Endurance,WEC,Clasificación,20260508T123000Z,20260508T134500Z,"Spa-Francorchamps\, Belgium",Reminder,
wec-2026-2@motorsport-calendar-HYPERPOLE,Endurance,WEC,Evento,20260508T125500Z,20260508T140500Z,"Spa-Francorchamps\, Belgium",Reminder,
motogp-2026-4237f175-c6a4-4d1e-b658-82962baf3fa3@motorsport-calendar-F,Motos,MotoGP,Entrenamiento,20260508T130000Z,20260508T140000Z,"Le Mans\, France",Reminder,
indycar-2026-indianapolis-2026-05-08-1400-practice-2,IndyCar,IndyCar,Entrenamiento,20260508T140000,20260508T150000,IMS Road Course,"Sonsio Grand Prix - Practice 2
Fuente oficial: https://www.indycar.com/Schedule/2026/Indianapolis",
gtwc-america-2026-sebring-international-raceway@motorsport-calendar-FP,GT,GT World Challenge America,Entrenamiento,20260508T230000Z,20260509T000000Z,"Sebring International Raceway\, United States of America",Reminder,
moto3-2026-4237f175-c6a4-4d1e-b658-82962baf3fa3@motorsport-calendar-FP,Motos,Moto3,Entrenamiento,20260509T064000Z,20260509T071000Z,"Le Mans\, France",Reminder,
moto2-2026-4237f175-c6a4-4d1e-b658-82962baf3fa3@motorsport-calendar-FP,Motos,Moto2,Entrenamiento,20260509T072500Z,20260509T075500Z,"Le Mans\, France",Reminder,
motogp-2026-4237f175-c6a4-4d1e-b658-82962baf3fa3@motorsport-calendar-F,Motos,MotoGP,Entrenamiento,20260509T081000Z,20260509T084000Z,"Le Mans\, France",Reminder,
motogp-2026-4237f175-c6a4-4d1e-b658-82962baf3fa3@motorsport-calendar-Q,Motos,MotoGP,Clasificación,20260509T085000Z,20260509T093000Z,"Le Mans\, France",Reminder,
moto3-2026-4237f175-c6a4-4d1e-b658-82962baf3fa3@motorsport-calendar-QU,Motos,Moto3,Clasificación,20260509T104500Z,20260509T112500Z,"Le Mans\, France",Reminder,
indycar-2026-indianapolis-2026-05-09-1130-qualifications,IndyCar,IndyCar,Clasificación,20260509T113000,20260509T123000,IMS Road Course,"Sonsio Grand Prix - Qualifications
Fuente oficial: https://www.indycar.com/Schedule/2026/Indianapolis",
moto2-2026-4237f175-c6a4-4d1e-b658-82962baf3fa3@motorsport-calendar-QU,Motos,Moto2,Clasificación,20260509T114000Z,20260509T122000Z,"Le Mans\, France",Reminder,
wec-2026-2@motorsport-calendar-RACE,Endurance,WEC,Carrera,20260509T120000Z,20260509T180000Z,"Spa-Francorchamps\, Belgium",Reminder,alta
indycar-2026-indianapolis-2026-05-09-1230-qualifications,IndyCar,IndyCar,Clasificación,20260509T123000,20260509T133000,IMS Road Course,"Sonsio Grand Prix - Qualifications
Fuente oficial: https://www.indycar.com/Schedule/2026/Indianapolis",
gtwc-america-2026-sebring-international-raceway@motorsport-calendar-FP,GT,GT World Challenge America,Entrenamiento,20260509T125000Z,20260509T135000Z,"Sebring International Raceway\, United States of America",Reminder,
motogp-2026-4237f175-c6a4-4d1e-b658-82962baf3fa3@motorsport-calendar-S,Motos,MotoGP,Sprint,20260509T130000Z,20260509T133000Z,"Le Mans\, France",Reminder,
indycar-2026-indianapolis-2026-05-09-1730-race,IndyCar,IndyCar,Carrera,20260509T173000,20260509T193000,IMS Road Course,"Sonsio Grand Prix - Race
Fuente oficial: https://www.indycar.com/Schedule/2026/Indianapolis",alta
gtwc-america-2026-sebring-international-raceway@motorsport-calendar-QU,GT,GT World Challenge America,Clasificación,20260509T181000Z,20260509T191000Z,"Sebring International Raceway\, United States of America",Reminder,
gtwc-america-2026-sebring-international-raceway@motorsport-calendar-RA,GT,GT World Challenge America,Carrera,20260509T210000Z,20260509T223000Z,"Sebring International Raceway\, United States of America",Reminder,
moto3-2026-4237f175-c6a4-4d1e-b658-82962baf3fa3@motorsport-calendar-RA,Motos,Moto3,Carrera,20260510T090500Z,20260510T094000Z,"Le Mans\, France",Reminder,
moto2-2026-4237f175-c6a4-4d1e-b658-82962baf3fa3@motorsport-calendar-RA,Motos,Moto2,Carrera,20260510T102000Z,20260510T110000Z,"Le Mans\, France",Reminder,
motogp-2026-4237f175-c6a4-4d1e-b658-82962baf3fa3@motorsport-calendar-R,Motos,MotoGP,Evento,20260510T120000Z,20260510T131500Z,"Le Mans\, France",Reminder,
indycar-2026-indianapolis-500-2026-05-12-1300-practice-1,IndyCar,IndyCar,Entrenamiento,20260512T130000,20260512T140000,Indianapolis Motor Speedway,"110th Running of the Indianapolis 500 - Practice 1
Fuente oficial: https://www.indycar.com/Schedule/2026/Indianapolis-500",
indycar-2026-indianapolis-500-2026-05-12-1700-practice-1,IndyCar,IndyCar,Entrenamiento,20260512T170000,20260512T180000,Indianapolis Motor Speedway,"110th Running of the Indianapolis 500 - Practice 1
Fuente oficial: https://www.indycar.com/Schedule/2026/Indianapolis-500",
indycar-2026-indianapolis-500-2026-05-13-1300-practice-2,IndyCar,IndyCar,Entrenamiento,20260513T130000,20260513T140000,Indianapolis Motor Speedway,"110th Running of the Indianapolis 500 - Practice 2
Fuente oficial: https://www.indycar.com/Schedule/2026/Indianapolis-500",
indycar-2026-indianapolis-500-2026-05-13-1700-practice-2,IndyCar,IndyCar,Entrenamiento,20260513T170000,20260513T180000,Indianapolis Motor Speedway,"110th Running of the Indianapolis 500 - Practice 2
Fuente oficial: https://www.indycar.com/Schedule/2026/Indianapolis-500",
igtc-2026-adac-ravenol-24h-nuerburgring@motorsport-calendar-QUALIFYING,GT,IGTC,Clasificación,20260514T111500Z,20260515T123500Z,"Nürburgring Nordschleife\, Germany",Reminder,
indycar-2026-indianapolis-500-2026-05-14-1300-practice-3,IndyCar,IndyCar,Entrenamiento,20260514T130000,20260514T140000,Indianapolis Motor Speedway,"110th Running of the Indianapolis 500 - Practice 3
Fuente oficial: https://www.indycar.com/Schedule/2026/Indianapolis-500",
indycar-2026-indianapolis-500-2026-05-14-1700-practice-3,IndyCar,IndyCar,Entrenamiento,20260514T170000,20260514T180000,Indianapolis Motor Speedway,"110th Running of the Indianapolis 500 - Practice 3
Fuente oficial: https://www.indycar.com/Schedule/2026/Indianapolis-500",
moto3-2026-200bf59d-3db2-4e17-a903-4be204fa3496@motorsport-calendar-FP,Motos,Moto3,Entrenamiento,20260515T070000Z,20260515T073500Z,"Circuit de Barcelona-Catalunya\, Spain",Reminder,
moto2-2026-200bf59d-3db2-4e17-a903-4be204fa3496@motorsport-calendar-FP,Motos,Moto2,Entrenamiento,20260515T075000Z,20260515T083000Z,"Circuit de Barcelona-Catalunya\, Spain",Reminder,
motogp-2026-200bf59d-3db2-4e17-a903-4be204fa3496@motorsport-calendar-F,Motos,MotoGP,Entrenamiento,20260515T084500Z,20260515T093000Z,"Circuit de Barcelona-Catalunya\, Spain",Reminder,
moto3-2026-200bf59d-3db2-4e17-a903-4be204fa3496@motorsport-calendar-FP,Motos,Moto3,Entrenamiento,20260515T111500Z,20260515T115000Z,"Circuit de Barcelona-Catalunya\, Spain",Reminder,
moto2-2026-200bf59d-3db2-4e17-a903-4be204fa3496@motorsport-calendar-FP,Motos,Moto2,Entrenamiento,20260515T120500Z,20260515T124500Z,"Circuit de Barcelona-Catalunya\, Spain",Reminder,
motogp-2026-200bf59d-3db2-4e17-a903-4be204fa3496@motorsport-calendar-F,Motos,MotoGP,Entrenamiento,20260515T130000Z,20260515T140000Z,"Circuit de Barcelona-Catalunya\, Spain",Reminder,
indycar-2026-indianapolis-500-2026-05-15-1530-fast-friday,IndyCar,IndyCar,Entrenamiento,20260515T153000,20260515T163000,Indianapolis Motor Speedway,"110th Running of the Indianapolis 500 - Fast Friday
Fuente oficial: https://www.indycar.com/Schedule/2026/Indianapolis-500",
indycar-2026-indianapolis-500-2026-05-15-1600-fast-friday,IndyCar,IndyCar,Entrenamiento,20260515T160000,20260515T170000,Indianapolis Motor Speedway,"110th Running of the Indianapolis 500 - Fast Friday
Fuente oficial: https://www.indycar.com/Schedule/2026/Indianapolis-500",
indycar-2026-indianapolis-500-2026-05-15-1800-fast-friday,IndyCar,IndyCar,Entrenamiento,20260515T180000,20260515T190000,Indianapolis Motor Speedway,"110th Running of the Indianapolis 500 - Fast Friday
Fuente oficial: https://www.indycar.com/Schedule/2026/Indianapolis-500",
f1calendar-fe-2026-9@motorsport-calendar-FP1,Fórmula,Formula E,Entrenamiento,20260516T053000Z,20260516T060000Z,"Monaco ePrix\, Monaco",Reminder,
moto3-2026-200bf59d-3db2-4e17-a903-4be204fa3496@motorsport-calendar-FP,Motos,Moto3,Entrenamiento,20260516T064000Z,20260516T071000Z,"Circuit de Barcelona-Catalunya\, Spain",Reminder,
f1calendar-fe-2026-9@motorsport-calendar-FP2,Fórmula,Formula E,Entrenamiento,20260516T071000Z,20260516T074000Z,"Monaco ePrix\, Monaco",Reminder,
moto2-2026-200bf59d-3db2-4e17-a903-4be204fa3496@motorsport-calendar-FP,Motos,Moto2,Entrenamiento,20260516T072500Z,20260516T075500Z,"Circuit de Barcelona-Catalunya\, Spain",Reminder,
motogp-2026-200bf59d-3db2-4e17-a903-4be204fa3496@motorsport-calendar-F,Motos,MotoGP,Entrenamiento,20260516T081000Z,20260516T084000Z,"Circuit de Barcelona-Catalunya\, Spain",Reminder,
f1calendar-fe-2026-9@motorsport-calendar-QUALIFYING,Fórmula,Formula E,Clasificación,20260516T084000Z,20260516T094000Z,"Monaco ePrix\, Monaco",Reminder,
motogp-2026-200bf59d-3db2-4e17-a903-4be204fa3496@motorsport-calendar-Q,Motos,MotoGP,Clasificación,20260516T085000Z,20260516T093000Z,"Circuit de Barcelona-Catalunya\, Spain",Reminder,
moto3-2026-200bf59d-3db2-4e17-a903-4be204fa3496@motorsport-calendar-QU,Motos,Moto3,Clasificación,20260516T104500Z,20260516T112500Z,"Circuit de Barcelona-Catalunya\, Spain",Reminder,
moto2-2026-200bf59d-3db2-4e17-a903-4be204fa3496@motorsport-calendar-QU,Motos,Moto2,Clasificación,20260516T114000Z,20260516T122000Z,"Circuit de Barcelona-Catalunya\, Spain",Reminder,
igtc-2026-adac-ravenol-24h-nuerburgring@motorsport-calendar-RACE,GT,IGTC,Carrera,20260516T130000Z,20260516T143000Z,"Nürburgring Nordschleife\, Germany",Reminder,
motogp-2026-200bf59d-3db2-4e17-a903-4be204fa3496@motorsport-calendar-S,Motos,MotoGP,Sprint,20260516T130000Z,20260516T133000Z,"Circuit de Barcelona-Catalunya\, Spain",Reminder,
f1calendar-fe-2026-9@motorsport-calendar-RACE,Fórmula,Formula E,Carrera,20260516T130500Z,20260516T135000Z,"Monaco ePrix\, Monaco",Reminder,alta
f1calendar-fe-2026-10@motorsport-calendar-FP3,Fórmula,Formula E,Entrenamiento,20260517T063000Z,20260517T070000Z,"Monaco ePrix\, Monaco",Reminder,
f1calendar-fe-2026-10@motorsport-calendar-QUALIFYING,Fórmula,Formula E,Clasificación,20260517T084000Z,20260517T094000Z,"Monaco ePrix\, Monaco",Reminder,
moto3-2026-200bf59d-3db2-4e17-a903-4be204fa3496@motorsport-calendar-RA,Motos,Moto3,Carrera,20260517T090000Z,20260517T093500Z,"Circuit de Barcelona-Catalunya\, Spain",Reminder,
moto2-2026-200bf59d-3db2-4e17-a903-4be204fa3496@motorsport-calendar-RA,Motos,Moto2,Carrera,20260517T101500Z,20260517T105500Z,"Circuit de Barcelona-Catalunya\, Spain",Reminder,
indycar-2026-indianapolis-500-2026-05-17-1030-practice-6,IndyCar,IndyCar,Entrenamiento,20260517T103000,20260517T113000,Indianapolis Motor Speedway,"110th Running of the Indianapolis 500 - Practice 6
Fuente oficial: https://www.indycar.com/Schedule/2026/Indianapolis-500",
motogp-2026-200bf59d-3db2-4e17-a903-4be204fa3496@motorsport-calendar-R,Motos,MotoGP,Evento,20260517T120000Z,20260517T124500Z,"Circuit de Barcelona-Catalunya\, Spain",Reminder,
indycar-2026-indianapolis-500-2026-05-17-1300-qualifying-all-cars,IndyCar,IndyCar,Clasificación,20260517T130000,20260517T140000,Indianapolis Motor Speedway,"110th Running of the Indianapolis 500 - Qualifying (All Cars)
Fuente oficial: https://www.indycar.com/Schedule/2026/Indianapolis-500",
f1calendar-fe-2026-10@motorsport-calendar-RACE,Fórmula,Formula E,Carrera,20260517T130500Z,20260517T135000Z,"Monaco ePrix\, Monaco",Reminder,alta
indycar-2026-indianapolis-500-2026-05-17-1700-qualifying-top-12,IndyCar,IndyCar,Clasificación,20260517T170000,20260517T180000,Indianapolis Motor Speedway,"110th Running of the Indianapolis 500 - Qualifying (Top-12)
Fuente oficial: https://www.indycar.com/Schedule/2026/Indianapolis-500",
indycar-2026-indianapolis-500-2026-05-17-1900-qualifying-firestone-fast-6,IndyCar,IndyCar,Clasificación,20260517T190000,20260517T200000,Indianapolis Motor Speedway,"110th Running of the Indianapolis 500 - Qualifying (Firestone Fast 6)
Fuente oficial: https://www.indycar.com/Schedule/2026/Indianapolis-500",
indycar-2026-indianapolis-500-2026-05-18-1400-practice-7,IndyCar,IndyCar,Entrenamiento,20260518T140000,20260518T150000,Indianapolis Motor Speedway,"110th Running of the Indianapolis 500 - Practice 7
Fuente oficial: https://www.indycar.com/Schedule/2026/Indianapolis-500",
indycar-2026-indianapolis-500-2026-05-22-1200-carb-day-final-practice,IndyCar,IndyCar,Entrenamiento,20260522T120000,20260522T130000,Indianapolis Motor Speedway,"110th Running of the Indianapolis 500 - Carb Day Final Practice
Fuente oficial: https://www.indycar.com/Schedule/2026/Indianapolis-500",
f1calendar-f1-academy-2026-2@motorsport-calendar-FP1,Fórmula,F1 Academy,Entrenamiento,20260522T130000Z,20260522T134500Z,"Canadian\, Canada",Reminder,
f1calendar-f2-2026-3@motorsport-calendar-FP1,Fórmula,F2,Entrenamiento,20260522T140500Z,20260522T145000Z,"Canada\, Unknown",Reminder,
indycar-2026-indianapolis-500-2026-05-22-1530-pit-stop-competition,IndyCar,IndyCar,Entrenamiento,20260522T153000,20260522T163000,Indianapolis Motor Speedway,"110th Running of the Indianapolis 500 - Pit Stop Competition
Fuente oficial: https://www.indycar.com/Schedule/2026/Indianapolis-500",
openf1-meeting-1285@motorsport-calendar-FP1,Fórmula,F1,Entrenamiento,20260522T163000Z,20260522T173000Z,"Montreal\, Canada",Reminder,
f1calendar-f2-2026-3@motorsport-calendar-QUALIFYING,Fórmula,F2,Clasificación,20260522T182000Z,20260522T185000Z,"Canada\, Unknown",Reminder,
openf1-meeting-1285@motorsport-calendar-SPRINT_QUALIFYING,Fórmula,F1,Sprint,20260522T203000Z,20260522T211400Z,"Montreal\, Canada",Reminder,
f1calendar-f1-academy-2026-2@motorsport-calendar-QUALIFYING,Fórmula,F1 Academy,Clasificación,20260522T221800Z,20260522T224800Z,"Canadian\, Canada",Reminder,
f1calendar-f1-academy-2026-2@motorsport-calendar-SPRINT_QUALIFYING,Fórmula,F1 Academy,Clasificación,20260522T221800Z,20260522T224800Z,"Canadian\, Canada",Reminder,
tc2000-2026-04-2026-05-23-0930-shakedown-todos-juntos,Argentina,TC2000,Shakedown,20260523T093000,20260523T094000,Salta,"Shakedown (todos juntos)
Fecha 4
Fuente oficial: https://www.tc2000.com.ar/",
tc2000-2026-04-2026-05-23-1055-practica-oficial-1-grupo-b,Argentina,TC2000,Práctica,20260523T105500,20260523T112000,Salta,"Practica oficial 1 (grupo B)
Fecha 4
Fuente oficial: https://www.tc2000.com.ar/",
tc2000-2026-04-2026-05-23-1325-practica-oficial-2-grupo-libre-eleccion,Argentina,TC2000,Práctica,20260523T132500,20260523T135000,Salta,"Practica oficial 2 (grupo libre eleccion)
Fecha 4
Fuente oficial: https://www.tc2000.com.ar/",
tc2000-2026-04-2026-05-23-1355-practica-oficial-2-grupo-libre-eleccion,Argentina,TC2000,Práctica,20260523T135500,20260523T142000,Salta,"Practica oficial 2 (grupo libre eleccion)
Fecha 4
Fuente oficial: https://www.tc2000.com.ar/",
openf1-meeting-1285@motorsport-calendar-SPRINT,Fórmula,F1,Sprint,20260523T160000Z,20260523T170000Z,"Montreal\, Canada",Reminder,
tc2000-2026-04-2026-05-23-1605-clasificacion-vuelta-lanzada,Argentina,TC2000,Clasificación,20260523T160500,20260523T164500,Salta,"Clasificacion Vuelta lanzada
Fecha 4
Fuente oficial: https://www.tc2000.com.ar/",
f1calendar-f2-2026-3@motorsport-calendar-SPRINT,Fórmula,F2,Sprint,20260523T181000Z,20260523T185500Z,"Canada\, Unknown",Reminder,
openf1-meeting-1285@motorsport-calendar-QUALIFYING,Fórmula,F1,Clasificación,20260523T200000Z,20260523T210000Z,"Montreal\, Canada",Reminder,
f1calendar-f1-academy-2026-2@motorsport-calendar-SPRINT,Fórmula,F1 Academy,Carrera,20260523T220500Z,20260523T223500Z,"Canadian\, Canada",Reminder,
tc2000-2026-04-2026-05-24-0920-warm-up,Argentina,TC2000,Warm-Up,20260524T092000,20260524T093000,Salta,"Warm -up
Fecha 4
Fuente oficial: https://www.tc2000.com.ar/",
indycar-2026-indianapolis-500-2026-05-24-1100-pre-race,IndyCar,IndyCar,Carrera,20260524T110000,20260524T130000,Indianapolis Motor Speedway,"110th Running of the Indianapolis 500 - Pre-Race
Fuente oficial: https://www.indycar.com/Schedule/2026/Indianapolis-500",alta
tc2000-2026-04-2026-05-24-1145-grid-show,Argentina,TC2000,Grid,20260524T114500,20260524T115500,Salta,"Grid Show
Fecha 4
Fuente oficial: https://www.tc2000.com.ar/",
tc2000-2026-04-2026-05-24-1200-vuelta-previa-y-carrera-final-1-vuelta,Argentina,TC2000,Carrera,20260524T120000,20260524T124000,Salta,"Vuelta previa y carrera final + 1 vuelta
Fecha 4
Fuente oficial: https://www.tc2000.com.ar/",alta
tc2000-2026-04-2026-05-24-1245-podio,Argentina,TC2000,Podio,20260524T124500,20260524T130000,Salta,"Podio
Fecha 4
Fuente oficial: https://www.tc2000.com.ar/",
indycar-2026-indianapolis-500-2026-05-24-1330-race,IndyCar,IndyCar,Carrera,20260524T133000,20260524T153000,Indianapolis Motor Speedway,"110th Running of the Indianapolis 500 - Race
Fuente oficial: https://www.indycar.com/Schedule/2026/Indianapolis-500",alta
f1calendar-f1-academy-2026-2@motorsport-calendar-FP3,Fórmula,F1 Academy,Carrera,20260524T144500Z,20260524T151500Z,"Canadian\, Canada",Reminder,
f1calendar-f2-2026-3@motorsport-calendar-RACE,Fórmula,F2,Carrera,20260524T160500Z,20260524T171000Z,"Canada\, Unknown",Reminder,
openf1-meeting-1285@motorsport-calendar-RACE,Fórmula,F1,Carrera,20260524T200000Z,20260524T220000Z,"Montreal\, Canada",Reminder,alta
moto3-2026-bf2104f9-f5cc-4a99-a993-cb5d01bccd24@motorsport-calendar-FP,Motos,Moto3,Entrenamiento,20260529T070000Z,20260529T073500Z,"Autodromo Internazionale del Mugello\, Italy",Reminder,
moto2-2026-bf2104f9-f5cc-4a99-a993-cb5d01bccd24@motorsport-calendar-FP,Motos,Moto2,Entrenamiento,20260529T075000Z,20260529T083000Z,"Autodromo Internazionale del Mugello\, Italy",Reminder,
motogp-2026-bf2104f9-f5cc-4a99-a993-cb5d01bccd24@motorsport-calendar-F,Motos,MotoGP,Entrenamiento,20260529T084500Z,20260529T093000Z,"Autodromo Internazionale del Mugello\, Italy",Reminder,
moto3-2026-bf2104f9-f5cc-4a99-a993-cb5d01bccd24@motorsport-calendar-FP,Motos,Moto3,Entrenamiento,20260529T111500Z,20260529T115000Z,"Autodromo Internazionale del Mugello\, Italy",Reminder,
moto2-2026-bf2104f9-f5cc-4a99-a993-cb5d01bccd24@motorsport-calendar-FP,Motos,Moto2,Entrenamiento,20260529T120500Z,20260529T124500Z,"Autodromo Internazionale del Mugello\, Italy",Reminder,
motogp-2026-bf2104f9-f5cc-4a99-a993-cb5d01bccd24@motorsport-calendar-F,Motos,MotoGP,Entrenamiento,20260529T130000Z,20260529T140900Z,"Autodromo Internazionale del Mugello\, Italy",Reminder,
indycar-2026-detroit-2026-05-29-1600-practice-1,IndyCar,IndyCar,Entrenamiento,20260529T160000,20260529T170000,Streets of Detroit,"Chevrolet Detroit Grand Prix - Practice 1
Fuente oficial: https://www.indycar.com/Schedule/2026/Detroit",
moto3-2026-bf2104f9-f5cc-4a99-a993-cb5d01bccd24@motorsport-calendar-FP,Motos,Moto3,Entrenamiento,20260530T064000Z,20260530T071000Z,"Autodromo Internazionale del Mugello\, Italy",Reminder,
gtwc-europe-2026-monza@motorsport-calendar-FP1,GT,GT World Challenge Europe,Entrenamiento,20260530T070000Z,20260530T080000Z,"Autodromo Nazionale Monza\, Italy",Reminder,
moto2-2026-bf2104f9-f5cc-4a99-a993-cb5d01bccd24@motorsport-calendar-FP,Motos,Moto2,Entrenamiento,20260530T072500Z,20260530T075500Z,"Autodromo Internazionale del Mugello\, Italy",Reminder,
motogp-2026-bf2104f9-f5cc-4a99-a993-cb5d01bccd24@motorsport-calendar-F,Motos,MotoGP,Entrenamiento,20260530T081000Z,20260530T084000Z,"Autodromo Internazionale del Mugello\, Italy",Reminder,
motogp-2026-bf2104f9-f5cc-4a99-a993-cb5d01bccd24@motorsport-calendar-Q,Motos,MotoGP,Clasificación,20260530T085000Z,20260530T093000Z,"Autodromo Internazionale del Mugello\, Italy",Reminder,
indycar-2026-detroit-2026-05-30-1000-practice-2,IndyCar,IndyCar,Entrenamiento,20260530T100000,20260530T110000,Streets of Detroit,"Chevrolet Detroit Grand Prix - Practice 2
Fuente oficial: https://www.indycar.com/Schedule/2026/Detroit",
moto3-2026-bf2104f9-f5cc-4a99-a993-cb5d01bccd24@motorsport-calendar-QU,Motos,Moto3,Clasificación,20260530T104500Z,20260530T112500Z,"Autodromo Internazionale del Mugello\, Italy",Reminder,
moto2-2026-bf2104f9-f5cc-4a99-a993-cb5d01bccd24@motorsport-calendar-QU,Motos,Moto2,Clasificación,20260530T114000Z,20260530T122000Z,"Autodromo Internazionale del Mugello\, Italy",Reminder,
gtwc-europe-2026-monza@motorsport-calendar-FP2,GT,GT World Challenge Europe,Entrenamiento,20260530T122500Z,20260530T132500Z,"Autodromo Nazionale Monza\, Italy",Reminder,
motogp-2026-bf2104f9-f5cc-4a99-a993-cb5d01bccd24@motorsport-calendar-S,Motos,MotoGP,Sprint,20260530T130000Z,20260530T133000Z,"Autodromo Internazionale del Mugello\, Italy",Reminder,
indycar-2026-detroit-2026-05-30-1400-qualifications,IndyCar,IndyCar,Clasificación,20260530T140000,20260530T150000,Streets of Detroit,"Chevrolet Detroit Grand Prix - Qualifications
Fuente oficial: https://www.indycar.com/Schedule/2026/Detroit",
gtwc-europe-2026-monza@motorsport-calendar-QUALIFYING,GT,GT World Challenge Europe,Clasificación,20260531T075000Z,20260531T093000Z,"Autodromo Nazionale Monza\, Italy",Reminder,
moto3-2026-bf2104f9-f5cc-4a99-a993-cb5d01bccd24@motorsport-calendar-RA,Motos,Moto3,Carrera,20260531T090000Z,20260531T093500Z,"Autodromo Internazionale del Mugello\, Italy",Reminder,
moto2-2026-bf2104f9-f5cc-4a99-a993-cb5d01bccd24@motorsport-calendar-RA,Motos,Moto2,Carrera,20260531T101500Z,20260531T105500Z,"Autodromo Internazionale del Mugello\, Italy",Reminder,
indycar-2026-detroit-2026-05-31-1030-warmup,IndyCar,IndyCar,Entrenamiento,20260531T103000,20260531T113000,Streets of Detroit,"Chevrolet Detroit Grand Prix - Warmup
Fuente oficial: https://www.indycar.com/Schedule/2026/Detroit",
motogp-2026-bf2104f9-f5cc-4a99-a993-cb5d01bccd24@motorsport-calendar-R,Motos,MotoGP,Evento,20260531T120000Z,20260531T124500Z,"Autodromo Internazionale del Mugello\, Italy",Reminder,
indycar-2026-detroit-2026-05-31-1330-race,IndyCar,IndyCar,Carrera,20260531T133000,20260531T153000,Streets of Detroit,"Chevrolet Detroit Grand Prix - Race
Fuente oficial: https://www.indycar.com/Schedule/2026/Detroit",alta
gtwc-europe-2026-monza@motorsport-calendar-RACE,GT,GT World Challenge Europe,Carrera,20260531T133000Z,20260531T150000Z,"Autodromo Nazionale Monza\, Italy",Reminder,
f1calendar-f3-2026-2@motorsport-calendar-FP1,Fórmula,F3,Entrenamiento,20260604T112500Z,20260604T121000Z,"Monaco\, Monaco",Reminder,
f1calendar-f2-2026-4@motorsport-calendar-FP1,Fórmula,F2,Entrenamiento,20260604T130000Z,20260604T134500Z,"Monaco\, Monaco",Reminder,
moto3-2026-a37708ab-914c-433f-83d4-e55d1b95ccc3@motorsport-calendar-FP,Motos,Moto3,Entrenamiento,20260605T070000Z,20260605T073500Z,"Balaton Park\, Hungary",Reminder,
moto2-2026-a37708ab-914c-433f-83d4-e55d1b95ccc3@motorsport-calendar-FP,Motos,Moto2,Entrenamiento,20260605T075000Z,20260605T083600Z,"Balaton Park\, Hungary",Reminder,
motogp-2026-a37708ab-914c-433f-83d4-e55d1b95ccc3@motorsport-calendar-F,Motos,MotoGP,Entrenamiento,20260605T084500Z,20260605T093000Z,"Balaton Park\, Hungary",Reminder,
f1calendar-f3-2026-2@motorsport-calendar-QUALIFYING,Fórmula,F3,Clasificación,20260605T090500Z,20260605T093500Z,"Monaco\, Monaco",Reminder,
moto3-2026-a37708ab-914c-433f-83d4-e55d1b95ccc3@motorsport-calendar-FP,Motos,Moto3,Entrenamiento,20260605T111500Z,20260605T115000Z,"Balaton Park\, Hungary",Reminder,
openf1-meeting-1286@motorsport-calendar-FP1,Fórmula,F1,Entrenamiento,20260605T113000Z,20260605T123000Z,"Monte Carlo\, Monaco",Reminder,
moto2-2026-a37708ab-914c-433f-83d4-e55d1b95ccc3@motorsport-calendar-FP,Motos,Moto2,Entrenamiento,20260605T120500Z,20260605T124500Z,"Balaton Park\, Hungary",Reminder,
motogp-2026-a37708ab-914c-433f-83d4-e55d1b95ccc3@motorsport-calendar-F,Motos,MotoGP,Entrenamiento,20260605T130000Z,20260605T140000Z,"Balaton Park\, Hungary",Reminder,
f1calendar-f2-2026-4@motorsport-calendar-QUALIFYING,Fórmula,F2,Clasificación,20260605T131000Z,20260605T134000Z,"Monaco\, Monaco",Reminder,
openf1-meeting-1286@motorsport-calendar-FP2,Fórmula,F1,Entrenamiento,20260605T150000Z,20260605T160000Z,"Monte Carlo\, Monaco",Reminder,
moto3-2026-a37708ab-914c-433f-83d4-e55d1b95ccc3@motorsport-calendar-FP,Motos,Moto3,Entrenamiento,20260606T064000Z,20260606T071000Z,"Balaton Park\, Hungary",Reminder,
moto2-2026-a37708ab-914c-433f-83d4-e55d1b95ccc3@motorsport-calendar-FP,Motos,Moto2,Entrenamiento,20260606T072500Z,20260606T075500Z,"Balaton Park\, Hungary",Reminder,
motogp-2026-a37708ab-914c-433f-83d4-e55d1b95ccc3@motorsport-calendar-F,Motos,MotoGP,Entrenamiento,20260606T081000Z,20260606T084000Z,"Balaton Park\, Hungary",Reminder,
f1calendar-f3-2026-2@motorsport-calendar-SPRINT,Fórmula,F3,Sprint,20260606T084500Z,20260606T091500Z,"Monaco\, Monaco",Reminder,
motogp-2026-a37708ab-914c-433f-83d4-e55d1b95ccc3@motorsport-calendar-Q,Motos,MotoGP,Clasificación,20260606T085000Z,20260606T093000Z,"Balaton Park\, Hungary",Reminder,
openf1-meeting-1286@motorsport-calendar-FP3,Fórmula,F1,Entrenamiento,20260606T103000Z,20260606T113000Z,"Monte Carlo\, Monaco",Reminder,
moto3-2026-a37708ab-914c-433f-83d4-e55d1b95ccc3@motorsport-calendar-QU,Motos,Moto3,Clasificación,20260606T104500Z,20260606T112500Z,"Balaton Park\, Hungary",Reminder,
moto2-2026-a37708ab-914c-433f-83d4-e55d1b95ccc3@motorsport-calendar-QU,Motos,Moto2,Clasificación,20260606T114000Z,20260606T122000Z,"Balaton Park\, Hungary",Reminder,
f1calendar-f2-2026-4@motorsport-calendar-SPRINT,Fórmula,F2,Sprint,20260606T121500Z,20260606T130000Z,"Monaco\, Monaco",Reminder,
motogp-2026-a37708ab-914c-433f-83d4-e55d1b95ccc3@motorsport-calendar-S,Motos,MotoGP,Sprint,20260606T130000Z,20260606T133000Z,"Balaton Park\, Hungary",Reminder,
indycar-2026-wwtr-2026-06-06-1330-practice-1,IndyCar,IndyCar,Entrenamiento,20260606T133000,20260606T143000,World Wide Technology Raceway,"Bommarito Automotive Group 500 - Practice 1
Fuente oficial: https://www.indycar.com/Schedule/2026/WWTR",
openf1-meeting-1286@motorsport-calendar-QUALIFYING,Fórmula,F1,Clasificación,20260606T140000Z,20260606T150000Z,"Monte Carlo\, Monaco",Reminder,
indycar-2026-wwtr-2026-06-06-1730-qualifications,IndyCar,IndyCar,Clasificación,20260606T173000,20260606T183000,World Wide Technology Raceway,"Bommarito Automotive Group 500 - Qualifications
Fuente oficial: https://www.indycar.com/Schedule/2026/WWTR",
indycar-2026-wwtr-2026-06-06-2200-final-practice,IndyCar,IndyCar,Entrenamiento,20260606T220000,20260606T230000,World Wide Technology Raceway,"Bommarito Automotive Group 500 - Final Practice
Fuente oficial: https://www.indycar.com/Schedule/2026/WWTR",
f1calendar-f3-2026-2@motorsport-calendar-RACE,Fórmula,F3,Carrera,20260607T054500Z,20260607T062500Z,"Monaco\, Monaco",Reminder,
f1calendar-f2-2026-4@motorsport-calendar-RACE,Fórmula,F2,Carrera,20260607T072500Z,20260607T083000Z,"Monaco\, Monaco",Reminder,
moto3-2026-a37708ab-914c-433f-83d4-e55d1b95ccc3@motorsport-calendar-RA,Motos,Moto3,Carrera,20260607T090000Z,20260607T093500Z,"Balaton Park\, Hungary",Reminder,
moto2-2026-a37708ab-914c-433f-83d4-e55d1b95ccc3@motorsport-calendar-RA,Motos,Moto2,Carrera,20260607T101500Z,20260607T105500Z,"Balaton Park\, Hungary",Reminder,
motogp-2026-a37708ab-914c-433f-83d4-e55d1b95ccc3@motorsport-calendar-R,Motos,MotoGP,Evento,20260607T120000Z,20260607T124500Z,"Balaton Park\, Hungary",Reminder,
openf1-meeting-1286@motorsport-calendar-RACE,Fórmula,F1,Carrera,20260607T130000Z,20260607T150000Z,"Monte Carlo\, Monaco",Reminder,alta
indycar-2026-wwtr-2026-06-07-2200-race,IndyCar,IndyCar,Carrera,20260607T220000,20260608T000000,World Wide Technology Raceway,"Bommarito Automotive Group 500 - Race
Fuente oficial: https://www.indycar.com/Schedule/2026/WWTR",alta
mlmc-2026-3@motorsport-calendar-FP1,Endurance,Le Mans Cup,Entrenamiento,20260610T094000Z,20260610T105500Z,"Le Mans\, France",Reminder,
wec-2026-3@motorsport-calendar-FP1,Endurance,WEC,Entrenamiento,20260610T120000Z,20260610T131500Z,"24 Heures du Mans\, France",Reminder,
wec-2026-3@motorsport-calendar-QUALIFYING,Endurance,WEC,Clasificación,20260610T164500Z,20260610T175500Z,"24 Heures du Mans\, France",Reminder,
mlmc-2026-3@motorsport-calendar-FP2,Endurance,Le Mans Cup,Entrenamiento,20260610T183000Z,20260610T194500Z,"Le Mans\, France",Reminder,
wec-2026-3@motorsport-calendar-FP2,Endurance,WEC,Entrenamiento,20260610T200000Z,20260610T211500Z,"24 Heures du Mans\, France",Reminder,
mlmc-2026-3@motorsport-calendar-QUALIFYING,Endurance,Le Mans Cup,Clasificación,20260611T081500Z,20260611T084000Z,"Le Mans\, France",Reminder,
wec-2026-3@motorsport-calendar-FP3,Endurance,WEC,Entrenamiento,20260611T124500Z,20260611T140000Z,"24 Heures du Mans\, France",Reminder,
wec-2026-3@motorsport-calendar-HYPERPOLE,Endurance,WEC,Evento,20260611T180000Z,20260611T200000Z,"24 Heures du Mans\, France",Reminder,
wec-2026-3@motorsport-calendar-FREE_PRACTICE,Endurance,WEC,Entrenamiento,20260611T210000Z,20260611T221500Z,"24 Heures du Mans\, France",Reminder,
f1calendar-f3-2026-3@motorsport-calendar-FP1,Fórmula,F3,Entrenamiento,20260612T075500Z,20260612T084000Z,"Spanish\, Spain",Reminder,
mlmc-2026-3@motorsport-calendar-RACE,Endurance,Le Mans Cup,Carrera,20260612T080000Z,20260612T120000Z,"Le Mans\, France",Reminder,alta
f1calendar-f2-2026-5@motorsport-calendar-FP1,Fórmula,F2,Entrenamiento,20260612T090500Z,20260612T095000Z,"Spanish\, Unknown",Reminder,
openf1-meeting-1287@motorsport-calendar-FP1,Fórmula,F1,Entrenamiento,20260612T113000Z,20260612T123000Z,"Catalunya\, Spain",Reminder,
f1calendar-f3-2026-3@motorsport-calendar-QUALIFYING,Fórmula,F3,Clasificación,20260612T130000Z,20260612T133000Z,"Spanish\, Spain",Reminder,
f1calendar-f2-2026-5@motorsport-calendar-QUALIFYING,Fórmula,F2,Clasificación,20260612T135500Z,20260612T142500Z,"Spanish\, Unknown",Reminder,
openf1-meeting-1287@motorsport-calendar-FP2,Fórmula,F1,Entrenamiento,20260612T150000Z,20260612T160000Z,"Catalunya\, Spain",Reminder,
gtwc-america-2026-road-atlanta@motorsport-calendar-FP1,GT,GT World Challenge America,Entrenamiento,20260612T210500Z,20260612T220500Z,"Road Atlanta\, United States of America",Reminder,
f1calendar-f3-2026-3@motorsport-calendar-SPRINT,Fórmula,F3,Sprint,20260613T080500Z,20260613T083500Z,"Spanish\, Spain",Reminder,
wec-2026-3@motorsport-calendar-TEST,Endurance,WEC,Entrenamiento,20260613T100000Z,20260613T104000Z,"24 Heures du Mans\, France",Reminder,
openf1-meeting-1287@motorsport-calendar-FP3,Fórmula,F1,Entrenamiento,20260613T103000Z,20260613T113000Z,"Catalunya\, Spain",Reminder,
f1calendar-f2-2026-5@motorsport-calendar-SPRINT,Fórmula,F2,Sprint,20260613T121500Z,20260613T130000Z,"Spanish\, Unknown",Reminder,
wec-2026-3@motorsport-calendar-RACE,Endurance,WEC,Carrera,20260613T140000Z,20260614T140000Z,"24 Heures du Mans\, France",Reminder,alta
openf1-meeting-1287@motorsport-calendar-QUALIFYING,Fórmula,F1,Clasificación,20260613T140000Z,20260613T150000Z,"Catalunya\, Spain",Reminder,
gtwc-america-2026-road-atlanta@motorsport-calendar-FP2,GT,GT World Challenge America,Entrenamiento,20260613T144500Z,20260613T154500Z,"Road Atlanta\, United States of America",Reminder,
gtwc-america-2026-road-atlanta@motorsport-calendar-FP3,GT,GT World Challenge America,Entrenamiento,20260613T174500Z,20260613T184500Z,"Road Atlanta\, United States of America",Reminder,
gtwc-america-2026-road-atlanta@motorsport-calendar-QUALIFYING,GT,GT World Challenge America,Clasificación,20260613T212500Z,20260613T225000Z,"Road Atlanta\, United States of America",Reminder,
f1calendar-f3-2026-3@motorsport-calendar-RACE,Fórmula,F3,Carrera,20260614T064000Z,20260614T072000Z,"Spanish\, Spain",Reminder,
f1calendar-f2-2026-5@motorsport-calendar-RACE,Fórmula,F2,Carrera,20260614T092500Z,20260614T103000Z,"Spanish\, Unknown",Reminder,
openf1-meeting-1287@motorsport-calendar-RACE,Fórmula,F1,Carrera,20260614T130000Z,20260614T150000Z,"Catalunya\, Spain",Reminder,alta
gtwc-america-2026-road-atlanta@motorsport-calendar-RACE,GT,GT World Challenge America,Carrera,20260614T183000Z,20260614T200000Z,"Road Atlanta\, United States of America",Reminder,
moto3-2026-c2018c5e-fb82-4058-b359-1b7d9769e703@motorsport-calendar-FP,Motos,Moto3,Entrenamiento,20260619T070000Z,20260619T073500Z,"CREDITAS Autodrom Brno\, Czechia",Reminder,
moto2-2026-c2018c5e-fb82-4058-b359-1b7d9769e703@motorsport-calendar-FP,Motos,Moto2,Entrenamiento,20260619T075000Z,20260619T083000Z,"CREDITAS Autodrom Brno\, Czechia",Reminder,
f1calendar-fe-2026-11@motorsport-calendar-FP1,Fórmula,Formula E,Entrenamiento,20260619T083000Z,20260619T090000Z,"Sanya ePrix\, Unknown",Reminder,
motogp-2026-c2018c5e-fb82-4058-b359-1b7d9769e703@motorsport-calendar-F,Motos,MotoGP,Entrenamiento,20260619T084500Z,20260619T093000Z,"CREDITAS Autodrom Brno\, Czechia",Reminder,
moto3-2026-c2018c5e-fb82-4058-b359-1b7d9769e703@motorsport-calendar-FP,Motos,Moto3,Entrenamiento,20260619T111500Z,20260619T115000Z,"CREDITAS Autodrom Brno\, Czechia",Reminder,
moto2-2026-c2018c5e-fb82-4058-b359-1b7d9769e703@motorsport-calendar-FP,Motos,Moto2,Entrenamiento,20260619T120500Z,20260619T124500Z,"CREDITAS Autodrom Brno\, Czechia",Reminder,
motogp-2026-c2018c5e-fb82-4058-b359-1b7d9769e703@motorsport-calendar-F,Motos,MotoGP,Entrenamiento,20260619T130000Z,20260619T140000Z,"CREDITAS Autodrom Brno\, Czechia",Reminder,
indycar-2026-road-america-2026-06-19-1700-practice-1,IndyCar,IndyCar,Entrenamiento,20260619T170000,20260619T180000,Road America,"XPEL Grand Prix at Road America - Practice 1
Fuente oficial: https://www.indycar.com/Schedule/2026/Road-America",
f1calendar-fe-2026-11@motorsport-calendar-FP2,Fórmula,Formula E,Entrenamiento,20260620T003000Z,20260620T010000Z,"Sanya ePrix\, Unknown",Reminder,
f1calendar-fe-2026-11@motorsport-calendar-QUALIFYING,Fórmula,Formula E,Clasificación,20260620T024000Z,20260620T034000Z,"Sanya ePrix\, Unknown",Reminder,
moto3-2026-c2018c5e-fb82-4058-b359-1b7d9769e703@motorsport-calendar-FP,Motos,Moto3,Entrenamiento,20260620T064000Z,20260620T071000Z,"CREDITAS Autodrom Brno\, Czechia",Reminder,
f1calendar-fe-2026-11@motorsport-calendar-RACE,Fórmula,Formula E,Carrera,20260620T070500Z,20260620T075000Z,"Sanya ePrix\, Unknown",Reminder,alta
moto2-2026-c2018c5e-fb82-4058-b359-1b7d9769e703@motorsport-calendar-FP,Motos,Moto2,Entrenamiento,20260620T072500Z,20260620T075500Z,"CREDITAS Autodrom Brno\, Czechia",Reminder,
motogp-2026-c2018c5e-fb82-4058-b359-1b7d9769e703@motorsport-calendar-F,Motos,MotoGP,Entrenamiento,20260620T081000Z,20260620T084000Z,"CREDITAS Autodrom Brno\, Czechia",Reminder,
motogp-2026-c2018c5e-fb82-4058-b359-1b7d9769e703@motorsport-calendar-Q,Motos,MotoGP,Clasificación,20260620T085000Z,20260620T093000Z,"CREDITAS Autodrom Brno\, Czechia",Reminder,
moto3-2026-c2018c5e-fb82-4058-b359-1b7d9769e703@motorsport-calendar-QU,Motos,Moto3,Clasificación,20260620T104500Z,20260620T112500Z,"CREDITAS Autodrom Brno\, Czechia",Reminder,
moto2-2026-c2018c5e-fb82-4058-b359-1b7d9769e703@motorsport-calendar-QU,Motos,Moto2,Clasificación,20260620T114000Z,20260620T122000Z,"CREDITAS Autodrom Brno\, Czechia",Reminder,
indycar-2026-road-america-2026-06-20-1200-practice-2,IndyCar,IndyCar,Entrenamiento,20260620T120000,20260620T130000,Road America,"XPEL Grand Prix at Road America - Practice 2
Fuente oficial: https://www.indycar.com/Schedule/2026/Road-America",
motogp-2026-c2018c5e-fb82-4058-b359-1b7d9769e703@motorsport-calendar-S,Motos,MotoGP,Sprint,20260620T130000Z,20260620T133000Z,"CREDITAS Autodrom Brno\, Czechia",Reminder,
indycar-2026-road-america-2026-06-20-1500-qualifications,IndyCar,IndyCar,Clasificación,20260620T150000,20260620T160000,Road America,"XPEL Grand Prix at Road America - Qualifications
Fuente oficial: https://www.indycar.com/Schedule/2026/Road-America",
moto3-2026-c2018c5e-fb82-4058-b359-1b7d9769e703@motorsport-calendar-RA,Motos,Moto3,Carrera,20260621T090000Z,20260621T093500Z,"CREDITAS Autodrom Brno\, Czechia",Reminder,
moto2-2026-c2018c5e-fb82-4058-b359-1b7d9769e703@motorsport-calendar-RA,Motos,Moto2,Carrera,20260621T101500Z,20260621T105500Z,"CREDITAS Autodrom Brno\, Czechia",Reminder,
indycar-2026-road-america-2026-06-21-1200-warmup,IndyCar,IndyCar,Entrenamiento,20260621T120000,20260621T130000,Road America,"XPEL Grand Prix at Road America - Warmup
Fuente oficial: https://www.indycar.com/Schedule/2026/Road-America",
motogp-2026-c2018c5e-fb82-4058-b359-1b7d9769e703@motorsport-calendar-R,Motos,MotoGP,Evento,20260621T120000Z,20260621T124500Z,"CREDITAS Autodrom Brno\, Czechia",Reminder,
indycar-2026-road-america-2026-06-21-1500-race,IndyCar,IndyCar,Carrera,20260621T150000,20260621T170000,Road America,"XPEL Grand Prix at Road America - Race
Fuente oficial: https://www.indycar.com/Schedule/2026/Road-America",alta
gtwc-europe-2026-crowdstrike-24-hours-of-spa@motorsport-calendar-FP1,GT,GT World Challenge Europe,Entrenamiento,20260625T081000Z,20260625T091000Z,"Spa-Francorchamps\, Belgium",Reminder,
igtc-2026-crowdstrike-24-hours-of-spa@motorsport-calendar-FP1,GT,IGTC,Entrenamiento,20260625T081000Z,20260625T091000Z,"Spa-Francorchamps\, Belgium",Reminder,
igtc-2026-crowdstrike-24-hours-of-spa@motorsport-calendar-FP2,GT,IGTC,Entrenamiento,20260625T120000Z,20260625T130000Z,"Spa-Francorchamps\, Belgium",Reminder,
gtwc-europe-2026-crowdstrike-24-hours-of-spa@motorsport-calendar-FP2,GT,GT World Challenge Europe,Entrenamiento,20260625T141000Z,20260625T151000Z,"Spa-Francorchamps\, Belgium",Reminder,
gtwc-europe-2026-crowdstrike-24-hours-of-spa@motorsport-calendar-QUALI,GT,GT World Challenge Europe,Clasificación,20260625T174500Z,20260625T214000Z,"Spa-Francorchamps\, Belgium",Reminder,
igtc-2026-crowdstrike-24-hours-of-spa@motorsport-calendar-QUALIFYING,GT,IGTC,Clasificación,20260625T174500Z,20260625T200500Z,"Spa-Francorchamps\, Belgium",Reminder,
igtc-2026-crowdstrike-24-hours-of-spa@motorsport-calendar-FP3,GT,IGTC,Entrenamiento,20260625T203000Z,20260625T213000Z,"Spa-Francorchamps\, Belgium",Reminder,
gtwc-europe-2026-crowdstrike-24-hours-of-spa@motorsport-calendar-FP3,GT,GT World Challenge Europe,Entrenamiento,20260625T205500Z,20260625T215500Z,"Spa-Francorchamps\, Belgium",Reminder,
moto3-2026-47c25c37-d307-4d45-b1ed-b1cb5e811975@motorsport-calendar-FP,Motos,Moto3,Entrenamiento,20260626T070000Z,20260626T073500Z,"TT Circuit Assen\, Netherlands",Reminder,
moto2-2026-47c25c37-d307-4d45-b1ed-b1cb5e811975@motorsport-calendar-FP,Motos,Moto2,Entrenamiento,20260626T075000Z,20260626T083000Z,"TT Circuit Assen\, Netherlands",Reminder,
f1calendar-f3-2026-4@motorsport-calendar-FP1,Fórmula,F3,Entrenamiento,20260626T075500Z,20260626T084000Z,"Austrian\, Austria",Reminder,
motogp-2026-47c25c37-d307-4d45-b1ed-b1cb5e811975@motorsport-calendar-F,Motos,MotoGP,Entrenamiento,20260626T084500Z,20260626T093000Z,"TT Circuit Assen\, Netherlands",Reminder,
f1calendar-f2-2026-6@motorsport-calendar-FP1,Fórmula,F2,Entrenamiento,20260626T090500Z,20260626T095000Z,"Austrian\, Unknown",Reminder,
moto3-2026-47c25c37-d307-4d45-b1ed-b1cb5e811975@motorsport-calendar-FP,Motos,Moto3,Entrenamiento,20260626T112000Z,20260626T115500Z,"TT Circuit Assen\, Netherlands",Reminder,
openf1-meeting-1288@motorsport-calendar-FP1,Fórmula,F1,Entrenamiento,20260626T113000Z,20260626T123000Z,"Spielberg\, Austria",Reminder,
moto2-2026-47c25c37-d307-4d45-b1ed-b1cb5e811975@motorsport-calendar-FP,Motos,Moto2,Entrenamiento,20260626T120500Z,20260626T125000Z,"TT Circuit Assen\, Netherlands",Reminder,
f1calendar-f3-2026-4@motorsport-calendar-QUALIFYING,Fórmula,F3,Clasificación,20260626T130000Z,20260626T133000Z,"Austrian\, Austria",Reminder,
motogp-2026-47c25c37-d307-4d45-b1ed-b1cb5e811975@motorsport-calendar-F,Motos,MotoGP,Entrenamiento,20260626T130000Z,20260626T140500Z,"TT Circuit Assen\, Netherlands",Reminder,
gtwc-europe-2026-crowdstrike-24-hours-of-spa@motorsport-calendar-HYPER,GT,GT World Challenge Europe,Evento,20260626T130500Z,20260626T132500Z,"Spa-Francorchamps\, Belgium",Reminder,
f1calendar-f2-2026-6@motorsport-calendar-QUALIFYING,Fórmula,F2,Clasificación,20260626T135500Z,20260626T142500Z,"Austrian\, Unknown",Reminder,
openf1-meeting-1288@motorsport-calendar-FP2,Fórmula,F1,Entrenamiento,20260626T150000Z,20260626T160000Z,"Spielberg\, Austria",Reminder,
tc2000-2026-05-2026-06-26-1655-shakedown-todos-juntos,Argentina,TC2000,Shakedown,20260626T165500,20260626T171000,San Nicolas,"Shakedown (todos juntos)
Fecha 5
Fuente oficial: https://www.tc2000.com.ar/",
moto3-2026-47c25c37-d307-4d45-b1ed-b1cb5e811975@motorsport-calendar-FP,Motos,Moto3,Entrenamiento,20260627T064000Z,20260627T071000Z,"TT Circuit Assen\, Netherlands",Reminder,
moto2-2026-47c25c37-d307-4d45-b1ed-b1cb5e811975@motorsport-calendar-FP,Motos,Moto2,Entrenamiento,20260627T072500Z,20260627T075500Z,"TT Circuit Assen\, Netherlands",Reminder,
f1calendar-f3-2026-4@motorsport-calendar-SPRINT,Fórmula,F3,Sprint,20260627T080500Z,20260627T083500Z,"Austrian\, Austria",Reminder,
motogp-2026-47c25c37-d307-4d45-b1ed-b1cb5e811975@motorsport-calendar-F,Motos,MotoGP,Entrenamiento,20260627T081000Z,20260627T084000Z,"TT Circuit Assen\, Netherlands",Reminder,
motogp-2026-47c25c37-d307-4d45-b1ed-b1cb5e811975@motorsport-calendar-Q,Motos,MotoGP,Clasificación,20260627T085000Z,20260627T093000Z,"TT Circuit Assen\, Netherlands",Reminder,
tc2000-2026-05-2026-06-27-1015-practica-oficial-1-grupo-a,Argentina,TC2000,Práctica,20260627T101500,20260627T103500,San Nicolas,"Practica oficial 1 (grupo A)
Fecha 5
Fuente oficial: https://www.tc2000.com.ar/",
openf1-meeting-1288@motorsport-calendar-FP3,Fórmula,F1,Entrenamiento,20260627T103000Z,20260627T113000Z,"Spielberg\, Austria",Reminder,
tc2000-2026-05-2026-06-27-1040-practica-oficial-1-grupo-b,Argentina,TC2000,Práctica,20260627T104000,20260627T110000,San Nicolas,"Practica oficial 1 (grupo B)
Fecha 5
Fuente oficial: https://www.tc2000.com.ar/",
moto3-2026-47c25c37-d307-4d45-b1ed-b1cb5e811975@motorsport-calendar-QU,Motos,Moto3,Clasificación,20260627T104500Z,20260627T112500Z,"TT Circuit Assen\, Netherlands",Reminder,
moto2-2026-47c25c37-d307-4d45-b1ed-b1cb5e811975@motorsport-calendar-QU,Motos,Moto2,Clasificación,20260627T114000Z,20260627T122300Z,"TT Circuit Assen\, Netherlands",Reminder,
f1calendar-f2-2026-6@motorsport-calendar-SPRINT,Fórmula,F2,Sprint,20260627T121500Z,20260627T130000Z,"Austrian\, Unknown",Reminder,
motogp-2026-47c25c37-d307-4d45-b1ed-b1cb5e811975@motorsport-calendar-S,Motos,MotoGP,Sprint,20260627T130000Z,20260627T133000Z,"TT Circuit Assen\, Netherlands",Reminder,
tc2000-2026-05-2026-06-27-1310-practica-oficial-2-grupo-libre-eleccion,Argentina,TC2000,Práctica,20260627T131000,20260627T133500,San Nicolas,"Practica oficial 2 (grupo libre eleccion)
Fecha 5
Fuente oficial: https://www.tc2000.com.ar/",
tc2000-2026-05-2026-06-27-1340-practica-oficial-2-grupo-libre-eleccion,Argentina,TC2000,Práctica,20260627T134000,20260627T140000,San Nicolas,"Practica oficial 2 (grupo libre eleccion)
Fecha 5
Fuente oficial: https://www.tc2000.com.ar/",
openf1-meeting-1288@motorsport-calendar-QUALIFYING,Fórmula,F1,Clasificación,20260627T140000Z,20260627T150000Z,"Spielberg\, Austria",Reminder,
gtwc-europe-2026-crowdstrike-24-hours-of-spa@motorsport-calendar-RACE,GT,GT World Challenge Europe,Carrera,20260627T143000Z,20260628T143000Z,"Spa-Francorchamps\, Belgium",Reminder,
igtc-2026-crowdstrike-24-hours-of-spa@motorsport-calendar-RACE,GT,IGTC,Carrera,20260627T143000Z,20260628T143000Z,"Spa-Francorchamps\, Belgium",Reminder,
tc2000-2026-05-2026-06-27-1545-clasificacion-1-vuelta-lanzada,Argentina,TC2000,Clasificación,20260627T154500,20260627T162500,San Nicolas,"Clasificacion 1 vuelta lanzada
Fecha 5
Fuente oficial: https://www.tc2000.com.ar/",
f1calendar-f3-2026-4@motorsport-calendar-RACE,Fórmula,F3,Carrera,20260628T064000Z,20260628T072000Z,"Austrian\, Austria",Reminder,
f1calendar-f2-2026-6@motorsport-calendar-RACE,Fórmula,F2,Carrera,20260628T081000Z,20260628T091500Z,"Austrian\, Unknown",Reminder,
moto3-2026-47c25c37-d307-4d45-b1ed-b1cb5e811975@motorsport-calendar-RA,Motos,Moto3,Carrera,20260628T090000Z,20260628T093500Z,"TT Circuit Assen\, Netherlands",Reminder,
moto2-2026-47c25c37-d307-4d45-b1ed-b1cb5e811975@motorsport-calendar-RA,Motos,Moto2,Carrera,20260628T101500Z,20260628T105500Z,"TT Circuit Assen\, Netherlands",Reminder,
motogp-2026-47c25c37-d307-4d45-b1ed-b1cb5e811975@motorsport-calendar-R,Motos,MotoGP,Evento,20260628T120000Z,20260628T124500Z,"TT Circuit Assen\, Netherlands",Reminder,
tc2000-2026-05-2026-06-28-1245-grid-show,Argentina,TC2000,Grid,20260628T124500,20260628T125500,San Nicolas,"Grid Show
Fecha 5
Fuente oficial: https://www.tc2000.com.ar/",
tc2000-2026-05-2026-06-28-1300-vuelta-previa-y-carrera-final-1-vuelta,Argentina,TC2000,Carrera,20260628T130000,20260628T134000,San Nicolas,"Vuelta previa y carrera final + 1 vuelta
Fecha 5
Fuente oficial: https://www.tc2000.com.ar/",alta
openf1-meeting-1288@motorsport-calendar-RACE,Fórmula,F1,Carrera,20260628T130000Z,20260628T150000Z,"Spielberg\, Austria",Reminder,alta
tc2000-2026-05-2026-06-28-1345-podio,Argentina,TC2000,Podio,20260628T134500,20260628T140000,San Nicolas,"Podio
Fecha 5
Fuente oficial: https://www.tc2000.com.ar/",
f1calendar-f1-academy-2026-3@motorsport-calendar-FP1,Fórmula,F1 Academy,Entrenamiento,20260703T064500Z,20260703T073000Z,"British\, Unknown",Reminder,
f1calendar-f3-2026-5@motorsport-calendar-FP1,Fórmula,F3,Entrenamiento,20260703T075000Z,20260703T083500Z,"British\, UK",Reminder,
f1calendar-fe-2026-12@motorsport-calendar-FP1,Fórmula,Formula E,Entrenamiento,20260703T080000Z,20260703T083000Z,"Shanghai ePrix\, China",Reminder,
elms-2026-3@motorsport-calendar-FP1,Endurance,ELMS,Entrenamiento,20260703T085000Z,20260703T100500Z,"Imola\, Italy",Reminder,
f1calendar-f2-2026-7@motorsport-calendar-FP1,Fórmula,F2,Entrenamiento,20260703T090000Z,20260703T094500Z,"British\, Unknown",Reminder,
openf1-meeting-1289@motorsport-calendar-FP1,Fórmula,F1,Entrenamiento,20260703T113000Z,20260703T123000Z,"Silverstone\, United Kingdom",Reminder,
elms-2026-3@motorsport-calendar-TEST,Endurance,ELMS,Evento,20260703T125500Z,20260703T133500Z,"Imola\, Italy",Reminder,
f1calendar-f3-2026-5@motorsport-calendar-QUALIFYING,Fórmula,F3,Clasificación,20260703T130000Z,20260703T133000Z,"British\, UK",Reminder,
f1calendar-f2-2026-7@motorsport-calendar-QUALIFYING,Fórmula,F2,Clasificación,20260703T135500Z,20260703T142500Z,"British\, Unknown",Reminder,
openf1-meeting-1289@motorsport-calendar-SPRINT_QUALIFYING,Fórmula,F1,Sprint,20260703T153000Z,20260703T161400Z,"Silverstone\, United Kingdom",Reminder,
indycar-2026-mid-ohio-2026-07-03-1600-practice-1,IndyCar,IndyCar,Entrenamiento,20260703T160000,20260703T170000,Mid-Ohio Sports Car Course,"Honda Indy 200 at Mid-Ohio - Practice 1
Fuente oficial: https://www.indycar.com/Schedule/2026/Mid-Ohio",
f1calendar-f1-academy-2026-3@motorsport-calendar-QUALIFYING,Fórmula,F1 Academy,Clasificación,20260703T170000Z,20260703T173000Z,"British\, Unknown",Reminder,
f1calendar-fe-2026-12@motorsport-calendar-FP2,Fórmula,Formula E,Entrenamiento,20260703T220000Z,20260703T223000Z,"Shanghai ePrix\, China",Reminder,
f1calendar-fe-2026-12@motorsport-calendar-QUALIFYING,Fórmula,Formula E,Clasificación,20260704T000000Z,20260704T010000Z,"Shanghai ePrix\, China",Reminder,
f1calendar-fe-2026-12@motorsport-calendar-RACE,Fórmula,Formula E,Carrera,20260704T040500Z,20260704T045000Z,"Shanghai ePrix\, China",Reminder,alta
f1calendar-f3-2026-5@motorsport-calendar-SPRINT,Fórmula,F3,Sprint,20260704T083500Z,20260704T090500Z,"British\, UK",Reminder,
elms-2026-3@motorsport-calendar-FP2,Endurance,ELMS,Entrenamiento,20260704T085000Z,20260704T100500Z,"Imola\, Italy",Reminder,
indycar-2026-mid-ohio-2026-07-04-1100-practice-2,IndyCar,IndyCar,Entrenamiento,20260704T110000,20260704T120000,Mid-Ohio Sports Car Course,"Honda Indy 200 at Mid-Ohio - Practice 2
Fuente oficial: https://www.indycar.com/Schedule/2026/Mid-Ohio",
openf1-meeting-1289@motorsport-calendar-SPRINT,Fórmula,F1,Sprint,20260704T110000Z,20260704T120000Z,"Silverstone\, United Kingdom",Reminder,
f1calendar-f2-2026-7@motorsport-calendar-SPRINT,Fórmula,F2,Sprint,20260704T124500Z,20260704T133000Z,"British\, Unknown",Reminder,
elms-2026-3@motorsport-calendar-QUALIFYING,Endurance,ELMS,Clasificación,20260704T125500Z,20260704T143500Z,"Imola\, Italy",Reminder,
openf1-meeting-1289@motorsport-calendar-QUALIFYING,Fórmula,F1,Clasificación,20260704T150000Z,20260704T160000Z,"Silverstone\, United Kingdom",Reminder,
f1calendar-f1-academy-2026-3@motorsport-calendar-SPRINT,Fórmula,F1 Academy,Carrera,20260704T170500Z,20260704T173500Z,"British\, Unknown",Reminder,
indycar-2026-mid-ohio-2026-07-04-1815-qualifications,IndyCar,IndyCar,Clasificación,20260704T181500,20260704T191500,Mid-Ohio Sports Car Course,"Honda Indy 200 at Mid-Ohio - Qualifications
Fuente oficial: https://www.indycar.com/Schedule/2026/Mid-Ohio",
f1calendar-fe-2026-13@motorsport-calendar-FP3,Fórmula,Formula E,Entrenamiento,20260704T220000Z,20260704T223000Z,"Shanghai ePrix\, China",Reminder,
f1calendar-fe-2026-13@motorsport-calendar-QUALIFYING,Fórmula,Formula E,Clasificación,20260705T000000Z,20260705T010000Z,"Shanghai ePrix\, China",Reminder,
f1calendar-fe-2026-13@motorsport-calendar-RACE,Fórmula,Formula E,Carrera,20260705T040500Z,20260705T045000Z,"Shanghai ePrix\, China",Reminder,alta
f1calendar-f3-2026-5@motorsport-calendar-RACE,Fórmula,F3,Carrera,20260705T072500Z,20260705T080500Z,"British\, UK",Reminder,
f1calendar-f1-academy-2026-3@motorsport-calendar-FP3,Fórmula,F1 Academy,Carrera,20260705T090000Z,20260705T093000Z,"British\, Unknown",Reminder,
indycar-2026-mid-ohio-2026-07-05-1000-warmup,IndyCar,IndyCar,Entrenamiento,20260705T100000,20260705T110000,Mid-Ohio Sports Car Course,"Honda Indy 200 at Mid-Ohio - Warmup
Fuente oficial: https://www.indycar.com/Schedule/2026/Mid-Ohio",
f1calendar-f2-2026-7@motorsport-calendar-RACE,Fórmula,F2,Carrera,20260705T101500Z,20260705T112000Z,"British\, Unknown",Reminder,
elms-2026-3@motorsport-calendar-RACE,Endurance,ELMS,Carrera,20260705T110000Z,20260705T140000Z,"Imola\, Italy",Reminder,
indycar-2026-mid-ohio-2026-07-05-1330-race,IndyCar,IndyCar,Carrera,20260705T133000,20260705T153000,Mid-Ohio Sports Car Course,"Honda Indy 200 at Mid-Ohio - Race
Fuente oficial: https://www.indycar.com/Schedule/2026/Mid-Ohio",alta
openf1-meeting-1289@motorsport-calendar-RACE,Fórmula,F1,Carrera,20260705T140000Z,20260705T160000Z,"Silverstone\, United Kingdom",Reminder,alta
gtwc-asia-2026-fuji-international-speedway@motorsport-calendar-FP1,GT,GT World Challenge Asia,Entrenamiento,20260710T021000Z,20260710T031000Z,"Fuji Speedway\, Japan",Reminder,
gtwc-asia-2026-fuji-international-speedway@motorsport-calendar-FP2,GT,GT World Challenge Asia,Evento,20260710T031500Z,20260710T041500Z,"Fuji Speedway\, Japan",Reminder,
moto3-2026-259be6f4-c23c-4dc2-bc42-7664842f6409@motorsport-calendar-FP,Motos,Moto3,Entrenamiento,20260710T070000Z,20260710T073500Z,"Sachsenring\, Germany",Reminder,
moto2-2026-259be6f4-c23c-4dc2-bc42-7664842f6409@motorsport-calendar-FP,Motos,Moto2,Entrenamiento,20260710T075000Z,20260710T083000Z,"Sachsenring\, Germany",Reminder,
motogp-2026-259be6f4-c23c-4dc2-bc42-7664842f6409@motorsport-calendar-F,Motos,MotoGP,Entrenamiento,20260710T084500Z,20260710T093000Z,"Sachsenring\, Germany",Reminder,
wec-2026-4@motorsport-calendar-FP1,Endurance,WEC,Entrenamiento,20260710T090000Z,20260710T101500Z,"Interlagos\, Brazil",Reminder,
moto3-2026-259be6f4-c23c-4dc2-bc42-7664842f6409@motorsport-calendar-FP,Motos,Moto3,Entrenamiento,20260710T111500Z,20260710T115000Z,"Sachsenring\, Germany",Reminder,
moto2-2026-259be6f4-c23c-4dc2-bc42-7664842f6409@motorsport-calendar-FP,Motos,Moto2,Entrenamiento,20260710T120500Z,20260710T124500Z,"Sachsenring\, Germany",Reminder,
motogp-2026-259be6f4-c23c-4dc2-bc42-7664842f6409@motorsport-calendar-F,Motos,MotoGP,Entrenamiento,20260710T130000Z,20260710T140000Z,"Sachsenring\, Germany",Reminder,
wec-2026-4@motorsport-calendar-FP2,Endurance,WEC,Entrenamiento,20260710T135000Z,20260710T150500Z,"Interlagos\, Brazil",Reminder,
gtwc-asia-2026-fuji-international-speedway@motorsport-calendar-SPRINT_,GT,GT World Challenge Asia,Clasificación,20260710T233000Z,20260711T005200Z,"Fuji Speedway\, Japan",Reminder,
gtwc-asia-2026-fuji-international-speedway@motorsport-calendar-SPRINT,GT,GT World Challenge Asia,Carrera,20260711T033500Z,20260711T043500Z,"Fuji Speedway\, Japan",Reminder,
moto3-2026-259be6f4-c23c-4dc2-bc42-7664842f6409@motorsport-calendar-FP,Motos,Moto3,Entrenamiento,20260711T064000Z,20260711T071000Z,"Sachsenring\, Germany",Reminder,
moto2-2026-259be6f4-c23c-4dc2-bc42-7664842f6409@motorsport-calendar-FP,Motos,Moto2,Entrenamiento,20260711T072500Z,20260711T075500Z,"Sachsenring\, Germany",Reminder,
motogp-2026-259be6f4-c23c-4dc2-bc42-7664842f6409@motorsport-calendar-F,Motos,MotoGP,Entrenamiento,20260711T081000Z,20260711T084000Z,"Sachsenring\, Germany",Reminder,
wec-2026-4@motorsport-calendar-FP3,Endurance,WEC,Entrenamiento,20260711T081000Z,20260711T092500Z,"Interlagos\, Brazil",Reminder,
motogp-2026-259be6f4-c23c-4dc2-bc42-7664842f6409@motorsport-calendar-Q,Motos,MotoGP,Clasificación,20260711T085000Z,20260711T093000Z,"Sachsenring\, Germany",Reminder,
moto3-2026-259be6f4-c23c-4dc2-bc42-7664842f6409@motorsport-calendar-QU,Motos,Moto3,Clasificación,20260711T104500Z,20260711T112500Z,"Sachsenring\, Germany",Reminder,
moto2-2026-259be6f4-c23c-4dc2-bc42-7664842f6409@motorsport-calendar-QU,Motos,Moto2,Clasificación,20260711T114000Z,20260711T122000Z,"Sachsenring\, Germany",Reminder,
wec-2026-4@motorsport-calendar-QUALIFYING,Endurance,WEC,Clasificación,20260711T123000Z,20260711T133500Z,"Interlagos\, Brazil",Reminder,
wec-2026-4@motorsport-calendar-HYPERPOLE,Endurance,WEC,Evento,20260711T125000Z,20260711T135000Z,"Interlagos\, Brazil",Reminder,
motogp-2026-259be6f4-c23c-4dc2-bc42-7664842f6409@motorsport-calendar-S,Motos,MotoGP,Sprint,20260711T130000Z,20260711T133000Z,"Sachsenring\, Germany",Reminder,
gtwc-asia-2026-fuji-international-speedway@motorsport-calendar-RACE,GT,GT World Challenge Asia,Carrera,20260712T023500Z,20260712T040500Z,"Fuji Speedway\, Japan",Reminder,
moto3-2026-259be6f4-c23c-4dc2-bc42-7664842f6409@motorsport-calendar-RA,Motos,Moto3,Carrera,20260712T090000Z,20260712T093500Z,"Sachsenring\, Germany",Reminder,
wec-2026-4@motorsport-calendar-RACE,Endurance,WEC,Carrera,20260712T093000Z,20260712T153000Z,"Interlagos\, Brazil",Reminder,alta
moto2-2026-259be6f4-c23c-4dc2-bc42-7664842f6409@motorsport-calendar-RA,Motos,Moto2,Carrera,20260712T101500Z,20260712T105500Z,"Sachsenring\, Germany",Reminder,
motogp-2026-259be6f4-c23c-4dc2-bc42-7664842f6409@motorsport-calendar-R,Motos,MotoGP,Evento,20260712T120000Z,20260712T124500Z,"Sachsenring\, Germany",Reminder,
f1calendar-f3-2026-6@motorsport-calendar-FP1,Fórmula,F3,Entrenamiento,20260717T075500Z,20260717T084000Z,"Belgian\, Belgium",Reminder,
f1calendar-f2-2026-8@motorsport-calendar-FP1,Fórmula,F2,Entrenamiento,20260717T090500Z,20260717T095000Z,"Belgian\, Unknown",Reminder,
openf1-meeting-1290@motorsport-calendar-FP1,Fórmula,F1,Entrenamiento,20260717T113000Z,20260717T123000Z,"Spa-Francorchamps\, Belgium",Reminder,
gtwc-europe-2026-misano@motorsport-calendar-FP1,GT,GT World Challenge Europe,Entrenamiento,20260717T125000Z,20260717T135000Z,"Misano World Circuit\, Italy",Reminder,
f1calendar-f3-2026-6@motorsport-calendar-QUALIFYING,Fórmula,F3,Clasificación,20260717T130000Z,20260717T133000Z,"Belgian\, Belgium",Reminder,
f1calendar-f2-2026-8@motorsport-calendar-QUALIFYING,Fórmula,F2,Clasificación,20260717T135500Z,20260717T142500Z,"Belgian\, Unknown",Reminder,
openf1-meeting-1290@motorsport-calendar-FP2,Fórmula,F1,Entrenamiento,20260717T150000Z,20260717T160000Z,"Spa-Francorchamps\, Belgium",Reminder,
gtwc-europe-2026-misano@motorsport-calendar-FP2,GT,GT World Challenge Europe,Entrenamiento,20260717T181000Z,20260717T191000Z,"Misano World Circuit\, Italy",Reminder,
f1calendar-f3-2026-6@motorsport-calendar-SPRINT,Fórmula,F3,Sprint,20260718T080000Z,20260718T083000Z,"Belgian\, Belgium",Reminder,
openf1-meeting-1290@motorsport-calendar-FP3,Fórmula,F1,Entrenamiento,20260718T103000Z,20260718T113000Z,"Spa-Francorchamps\, Belgium",Reminder,
indycar-2026-nashville-2026-07-18-1100-practice-1,IndyCar,IndyCar,Entrenamiento,20260718T110000,20260718T120000,Nashville Superspeedway,"Borchetta Bourbon Music City Grand Prix - Practice 1
Fuente oficial: https://www.indycar.com/Schedule/2026/Nashville",
gtwc-europe-2026-misano@motorsport-calendar-SPRINT_QUALIFYING,GT,GT World Challenge Europe,Clasificación,20260718T110500Z,20260718T122000Z,"Misano World Circuit\, Italy",Reminder,
f1calendar-f2-2026-8@motorsport-calendar-SPRINT,Fórmula,F2,Sprint,20260718T121500Z,20260718T130000Z,"Belgian\, Unknown",Reminder,
openf1-meeting-1290@motorsport-calendar-QUALIFYING,Fórmula,F1,Clasificación,20260718T140000Z,20260718T150000Z,"Spa-Francorchamps\, Belgium",Reminder,
indycar-2026-nashville-2026-07-18-1600-qualifications,IndyCar,IndyCar,Clasificación,20260718T160000,20260718T170000,Nashville Superspeedway,"Borchetta Bourbon Music City Grand Prix - Qualifications
Fuente oficial: https://www.indycar.com/Schedule/2026/Nashville",
gtwc-europe-2026-misano@motorsport-calendar-SPRINT,GT,GT World Challenge Europe,Carrera,20260718T183000Z,20260718T193000Z,"Misano World Circuit\, Italy",Reminder,
indycar-2026-nashville-2026-07-18-1900-final-practice,IndyCar,IndyCar,Entrenamiento,20260718T190000,20260718T200000,Nashville Superspeedway,"Borchetta Bourbon Music City Grand Prix - Final Practice
Fuente oficial: https://www.indycar.com/Schedule/2026/Nashville",
f1calendar-f3-2026-6@motorsport-calendar-RACE,Fórmula,F3,Carrera,20260719T063000Z,20260719T071000Z,"Belgian\, Belgium",Reminder,
f1calendar-f2-2026-8@motorsport-calendar-RACE,Fórmula,F2,Carrera,20260719T080000Z,20260719T090500Z,"Belgian\, Unknown",Reminder,
gtwc-europe-2026-misano@motorsport-calendar-QUALIFYING,GT,GT World Challenge Europe,Clasificación,20260719T080500Z,20260719T094000Z,"Misano World Circuit\, Italy",Reminder,
gtwc-europe-2026-misano@motorsport-calendar-RACE,GT,GT World Challenge Europe,Carrera,20260719T123000Z,20260719T140000Z,"Misano World Circuit\, Italy",Reminder,
openf1-meeting-1290@motorsport-calendar-RACE,Fórmula,F1,Carrera,20260719T130000Z,20260719T150000Z,"Spa-Francorchamps\, Belgium",Reminder,alta
indycar-2026-nashville-2026-07-20-1600-race,IndyCar,IndyCar,Carrera,20260720T160000,20260720T180000,Nashville Superspeedway,"Borchetta Bourbon Music City Grand Prix - Race
Fuente oficial: https://www.indycar.com/Schedule/2026/Nashville",alta
f1calendar-f3-2026-7@motorsport-calendar-FP1,Fórmula,F3,Entrenamiento,20260724T075500Z,20260724T084000Z,"Hungarian\, Hungary",Reminder,
f1calendar-f2-2026-9@motorsport-calendar-FP1,Fórmula,F2,Entrenamiento,20260724T090500Z,20260724T095000Z,"Hungarian\, Unknown",Reminder,
f1calendar-fe-2026-14@motorsport-calendar-FP1,Fórmula,Formula E,Entrenamiento,20260724T100000Z,20260724T103000Z,"Tokyo ePrix\, Japan",Reminder,
openf1-meeting-1291@motorsport-calendar-FP1,Fórmula,F1,Entrenamiento,20260724T113000Z,20260724T123000Z,"Hungaroring\, Hungary",Reminder,
f1calendar-f3-2026-7@motorsport-calendar-QUALIFYING,Fórmula,F3,Clasificación,20260724T130000Z,20260724T133000Z,"Hungarian\, Hungary",Reminder,
f1calendar-f2-2026-9@motorsport-calendar-QUALIFYING,Fórmula,F2,Clasificación,20260724T135500Z,20260724T142500Z,"Hungarian\, Unknown",Reminder,
openf1-meeting-1291@motorsport-calendar-FP2,Fórmula,F1,Entrenamiento,20260724T150000Z,20260724T160000Z,"Hungaroring\, Hungary",Reminder,
f1calendar-fe-2026-14@motorsport-calendar-FP2,Fórmula,Formula E,Entrenamiento,20260725T043000Z,20260725T050000Z,"Tokyo ePrix\, Japan",Reminder,
f1calendar-fe-2026-14@motorsport-calendar-QUALIFYING,Fórmula,Formula E,Clasificación,20260725T064000Z,20260725T074000Z,"Tokyo ePrix\, Japan",Reminder,
f1calendar-f3-2026-7@motorsport-calendar-SPRINT,Fórmula,F3,Sprint,20260725T080500Z,20260725T083500Z,"Hungarian\, Hungary",Reminder,
openf1-meeting-1291@motorsport-calendar-FP3,Fórmula,F1,Entrenamiento,20260725T103000Z,20260725T113000Z,"Hungaroring\, Hungary",Reminder,
f1calendar-fe-2026-14@motorsport-calendar-RACE,Fórmula,Formula E,Carrera,20260725T110500Z,20260725T115000Z,"Tokyo ePrix\, Japan",Reminder,alta
f1calendar-f2-2026-9@motorsport-calendar-SPRINT,Fórmula,F2,Sprint,20260725T121500Z,20260725T130000Z,"Hungarian\, Unknown",Reminder,
openf1-meeting-1291@motorsport-calendar-QUALIFYING,Fórmula,F1,Clasificación,20260725T140000Z,20260725T150000Z,"Hungaroring\, Hungary",Reminder,
f1calendar-fe-2026-15@motorsport-calendar-FP3,Fórmula,Formula E,Entrenamiento,20260726T043000Z,20260726T050000Z,"Tokyo ePrix\, Japan",Reminder,
f1calendar-f3-2026-7@motorsport-calendar-RACE,Fórmula,F3,Carrera,20260726T064000Z,20260726T072000Z,"Hungarian\, Hungary",Reminder,
f1calendar-fe-2026-15@motorsport-calendar-QUALIFYING,Fórmula,Formula E,Clasificación,20260726T064000Z,20260726T074000Z,"Tokyo ePrix\, Japan",Reminder,
f1calendar-f2-2026-9@motorsport-calendar-RACE,Fórmula,F2,Carrera,20260726T092500Z,20260726T103000Z,"Hungarian\, Unknown",Reminder,
f1calendar-fe-2026-15@motorsport-calendar-RACE,Fórmula,Formula E,Carrera,20260726T110500Z,20260726T115000Z,"Tokyo ePrix\, Japan",Reminder,alta
openf1-meeting-1291@motorsport-calendar-RACE,Fórmula,F1,Carrera,20260726T130000Z,20260726T150000Z,"Hungaroring\, Hungary",Reminder,alta
gtwc-europe-2026-magny-cours@motorsport-calendar-FP1,GT,GT World Challenge Europe,Entrenamiento,20260731T113000Z,20260731T123000Z,"Circuit de Nevers Magny-Cours\, France",Reminder,
gtwc-europe-2026-magny-cours@motorsport-calendar-FP2,GT,GT World Challenge Europe,Entrenamiento,20260731T184000Z,20260731T194000Z,"Circuit de Nevers Magny-Cours\, France",Reminder,
gtwc-europe-2026-magny-cours@motorsport-calendar-SPRINT_QUALIFYING,GT,GT World Challenge Europe,Clasificación,20260801T125500Z,20260801T142000Z,"Circuit de Nevers Magny-Cours\, France",Reminder,
gtwc-europe-2026-magny-cours@motorsport-calendar-SPRINT,GT,GT World Challenge Europe,Carrera,20260801T190500Z,20260801T200500Z,"Circuit de Nevers Magny-Cours\, France",Reminder,
gtwc-europe-2026-magny-cours@motorsport-calendar-QUALIFYING,GT,GT World Challenge Europe,Clasificación,20260802T085000Z,20260802T101500Z,"Circuit de Nevers Magny-Cours\, France",Reminder,
gtwc-europe-2026-magny-cours@motorsport-calendar-RACE,GT,GT World Challenge Europe,Carrera,20260802T133000Z,20260802T150000Z,"Circuit de Nevers Magny-Cours\, France",Reminder,
moto3-2026-41aa319a-8ec5-49d6-aa99-4e2059c88098@motorsport-calendar-FP,Motos,Moto3,Entrenamiento,20260807T090000Z,20260807T093500Z,"Silverstone Circuit\, United Kingdom",Reminder,
moto2-2026-41aa319a-8ec5-49d6-aa99-4e2059c88098@motorsport-calendar-FP,Motos,Moto2,Entrenamiento,20260807T095000Z,20260807T103000Z,"Silverstone Circuit\, United Kingdom",Reminder,
motogp-2026-41aa319a-8ec5-49d6-aa99-4e2059c88098@motorsport-calendar-F,Motos,MotoGP,Entrenamiento,20260807T104500Z,20260807T113000Z,"Silverstone Circuit\, United Kingdom",Reminder,
moto3-2026-41aa319a-8ec5-49d6-aa99-4e2059c88098@motorsport-calendar-FP,Motos,Moto3,Entrenamiento,20260807T131500Z,20260807T135000Z,"Silverstone Circuit\, United Kingdom",Reminder,
moto2-2026-41aa319a-8ec5-49d6-aa99-4e2059c88098@motorsport-calendar-FP,Motos,Moto2,Entrenamiento,20260807T140500Z,20260807T144500Z,"Silverstone Circuit\, United Kingdom",Reminder,
motogp-2026-41aa319a-8ec5-49d6-aa99-4e2059c88098@motorsport-calendar-F,Motos,MotoGP,Entrenamiento,20260807T150000Z,20260807T160000Z,"Silverstone Circuit\, United Kingdom",Reminder,
tc2000-2026-06-2026-08-07-1630-shakedown-todos-juntos,Argentina,TC2000,Shakedown,20260807T163000,20260807T164500,La Pampa,"Shakedown (todos juntos)
Fecha 6
Fuente oficial: https://www.tc2000.com.ar/",
indycar-2026-portland-2026-08-07-1830-practice-1,IndyCar,IndyCar,Entrenamiento,20260807T183000,20260807T193000,Portland International Raceway,"OnlyBulls Grand Prix of Portland - Practice 1
Fuente oficial: https://www.indycar.com/Schedule/2026/Portland",
moto3-2026-41aa319a-8ec5-49d6-aa99-4e2059c88098@motorsport-calendar-FP,Motos,Moto3,Entrenamiento,20260808T084000Z,20260808T091000Z,"Silverstone Circuit\, United Kingdom",Reminder,
moto2-2026-41aa319a-8ec5-49d6-aa99-4e2059c88098@motorsport-calendar-FP,Motos,Moto2,Entrenamiento,20260808T092500Z,20260808T095500Z,"Silverstone Circuit\, United Kingdom",Reminder,
motogp-2026-41aa319a-8ec5-49d6-aa99-4e2059c88098@motorsport-calendar-F,Motos,MotoGP,Entrenamiento,20260808T101000Z,20260808T104000Z,"Silverstone Circuit\, United Kingdom",Reminder,
tc2000-2026-06-2026-08-08-1020-practica-oficial-1-grupo-libre-eleccidn,Argentina,TC2000,Práctica,20260808T102000,20260808T104000,La Pampa,"Practica oficial 1 (grupo libre eleccidn)
Fecha 6
Fuente oficial: https://www.tc2000.com.ar/",
tc2000-2026-06-2026-08-08-1045-practica-oficial-1-grupo-libre-eleccidn,Argentina,TC2000,Práctica,20260808T104500,20260808T110500,La Pampa,"Practica oficial 1 (grupo libre eleccidn)
Fecha 6
Fuente oficial: https://www.tc2000.com.ar/",
motogp-2026-41aa319a-8ec5-49d6-aa99-4e2059c88098@motorsport-calendar-Q,Motos,MotoGP,Clasificación,20260808T105000Z,20260808T113000Z,"Silverstone Circuit\, United Kingdom",Reminder,
moto3-2026-41aa319a-8ec5-49d6-aa99-4e2059c88098@motorsport-calendar-QU,Motos,Moto3,Clasificación,20260808T124500Z,20260808T132500Z,"Silverstone Circuit\, United Kingdom",Reminder,
tc2000-2026-06-2026-08-08-1340-practica-oficial-2-grupo-libre-eleccion,Argentina,TC2000,Práctica,20260808T134000,20260808T140500,La Pampa,"Practica oficial 2 (grupo libre eleccion)
Fecha 6
Fuente oficial: https://www.tc2000.com.ar/",
moto2-2026-41aa319a-8ec5-49d6-aa99-4e2059c88098@motorsport-calendar-QU,Motos,Moto2,Clasificación,20260808T134000Z,20260808T142800Z,"Silverstone Circuit\, United Kingdom",Reminder,
indycar-2026-portland-2026-08-08-1400-practice-2,IndyCar,IndyCar,Entrenamiento,20260808T140000,20260808T150000,Portland International Raceway,"OnlyBulls Grand Prix of Portland - Practice 2
Fuente oficial: https://www.indycar.com/Schedule/2026/Portland",
tc2000-2026-06-2026-08-08-1410-practica-oficial-2-grupo-libre-eleccion,Argentina,TC2000,Práctica,20260808T141000,20260808T143500,La Pampa,"Practica oficial 2 (grupo libre eleccion)
Fecha 6
Fuente oficial: https://www.tc2000.com.ar/",
motogp-2026-41aa319a-8ec5-49d6-aa99-4e2059c88098@motorsport-calendar-S,Motos,MotoGP,Sprint,20260808T150500Z,20260808T153500Z,"Silverstone Circuit\, United Kingdom",Reminder,
tc2000-2026-06-2026-08-08-1612-q1-clasificacion-todos-juntos,Argentina,TC2000,Clasificación,20260808T161200,20260808T163000,La Pampa,"Q1 Clasificacion (todos juntos)
Fecha 6
Fuente oficial: https://www.tc2000.com.ar/",
tc2000-2026-06-2026-08-08-1635-q2-clasificacion-10-mejores,Argentina,TC2000,Clasificación,20260808T163500,20260808T165000,La Pampa,"Q2 Clasificacion (10 mejores)
Fecha 6
Fuente oficial: https://www.tc2000.com.ar/",
indycar-2026-portland-2026-08-08-2000-qualifications,IndyCar,IndyCar,Clasificación,20260808T200000,20260808T210000,Portland International Raceway,"OnlyBulls Grand Prix of Portland - Qualifications
Fuente oficial: https://www.indycar.com/Schedule/2026/Portland",
tc2000-2026-06-2026-08-09-0925-warm-up,Argentina,TC2000,Warm-Up,20260809T092500,20260809T093500,La Pampa,"Warm -up
Fecha 6
Fuente oficial: https://www.tc2000.com.ar/",
moto2-2026-41aa319a-8ec5-49d6-aa99-4e2059c88098@motorsport-calendar-RA,Motos,Moto2,Carrera,20260809T101500Z,20260809T105500Z,"Silverstone Circuit\, United Kingdom",Reminder,
motogp-2026-41aa319a-8ec5-49d6-aa99-4e2059c88098@motorsport-calendar-R,Motos,MotoGP,Evento,20260809T120000Z,20260809T124500Z,"Silverstone Circuit\, United Kingdom",Reminder,
tc2000-2026-06-2026-08-09-1240-grid-show,Argentina,TC2000,Grid,20260809T124000,20260809T125500,La Pampa,"Grid Show
Fecha 6
Fuente oficial: https://www.tc2000.com.ar/",
tc2000-2026-06-2026-08-09-1300-vuelta-previa-y-carrera-final-1-vuelta,Argentina,TC2000,Carrera,20260809T130000,20260809T134000,La Pampa,"Vuelta previa y carrera final + 1 vuelta
Fecha 6
Fuente oficial: https://www.tc2000.com.ar/",alta
moto3-2026-41aa319a-8ec5-49d6-aa99-4e2059c88098@motorsport-calendar-RA,Motos,Moto3,Carrera,20260809T133000Z,20260809T140500Z,"Silverstone Circuit\, United Kingdom",Reminder,
tc2000-2026-06-2026-08-09-1345-podio,Argentina,TC2000,Podio,20260809T134500,20260809T140000,La Pampa,"Podio
Fecha 6
Fuente oficial: https://www.tc2000.com.ar/",
indycar-2026-portland-2026-08-09-1400-warmup,IndyCar,IndyCar,Entrenamiento,20260809T140000,20260809T150000,Portland International Raceway,"OnlyBulls Grand Prix of Portland - Warmup
Fuente oficial: https://www.indycar.com/Schedule/2026/Portland",
indycar-2026-portland-2026-08-09-1700-race,IndyCar,IndyCar,Carrera,20260809T170000,20260809T190000,Portland International Raceway,"OnlyBulls Grand Prix of Portland - Race
Fuente oficial: https://www.indycar.com/Schedule/2026/Portland",alta
f1calendar-fe-2026-16@motorsport-calendar-FP1,Fórmula,Formula E,Entrenamiento,20260814T150000Z,20260814T153000Z,"London ePrix\, United Kingdom",Reminder,
f1calendar-fe-2026-16@motorsport-calendar-FP2,Fórmula,Formula E,Entrenamiento,20260815T073000Z,20260815T080000Z,"London ePrix\, United Kingdom",Reminder,
f1calendar-fe-2026-16@motorsport-calendar-QUALIFYING,Fórmula,Formula E,Clasificación,20260815T094000Z,20260815T104000Z,"London ePrix\, United Kingdom",Reminder,
indycar-2026-markham-2026-08-15-1100-practice-1,IndyCar,IndyCar,Entrenamiento,20260815T110000,20260815T120000,Streets of Markham,"Ontario Honda Dealers Indy at Markham - Practice 1
Fuente oficial: https://www.indycar.com/Schedule/2026/Markham",
f1calendar-fe-2026-16@motorsport-calendar-RACE,Fórmula,Formula E,Carrera,20260815T140500Z,20260815T145000Z,"London ePrix\, United Kingdom",Reminder,alta
indycar-2026-markham-2026-08-15-1530-practice-2,IndyCar,IndyCar,Entrenamiento,20260815T153000,20260815T163000,Streets of Markham,"Ontario Honda Dealers Indy at Markham - Practice 2
Fuente oficial: https://www.indycar.com/Schedule/2026/Markham",
indycar-2026-markham-2026-08-15-1930-qualifications,IndyCar,IndyCar,Clasificación,20260815T193000,20260815T203000,Streets of Markham,"Ontario Honda Dealers Indy at Markham - Qualifications
Fuente oficial: https://www.indycar.com/Schedule/2026/Markham",
indycar-2026-markham-2026-08-15-2000-qualifications,IndyCar,IndyCar,Clasificación,20260815T200000,20260815T210000,Streets of Markham,"Ontario Honda Dealers Indy at Markham - Qualifications
Fuente oficial: https://www.indycar.com/Schedule/2026/Markham",
f1calendar-fe-2026-17@motorsport-calendar-FP3,Fórmula,Formula E,Entrenamiento,20260816T073000Z,20260816T080000Z,"London ePrix\, United Kingdom",Reminder,
indycar-2026-markham-2026-08-16-0930-warmup,IndyCar,IndyCar,Entrenamiento,20260816T093000,20260816T103000,Streets of Markham,"Ontario Honda Dealers Indy at Markham - Warmup
Fuente oficial: https://www.indycar.com/Schedule/2026/Markham",
f1calendar-fe-2026-17@motorsport-calendar-QUALIFYING,Fórmula,Formula E,Clasificación,20260816T094000Z,20260816T104000Z,"London ePrix\, United Kingdom",Reminder,
indycar-2026-markham-2026-08-16-1300-race,IndyCar,IndyCar,Carrera,20260816T130000,20260816T150000,Streets of Markham,"Ontario Honda Dealers Indy at Markham - Race
Fuente oficial: https://www.indycar.com/Schedule/2026/Markham",alta
f1calendar-fe-2026-17@motorsport-calendar-RACE,Fórmula,Formula E,Carrera,20260816T140500Z,20260816T145000Z,"London ePrix\, United Kingdom",Reminder,alta
mlmc-2026-4@motorsport-calendar-FP1,Endurance,Le Mans Cup,Entrenamiento,20260821T075000Z,20260821T090500Z,"Spa-Francorchamps\, Belgium",Reminder,
elms-2026-4@motorsport-calendar-FP1,Endurance,ELMS,Entrenamiento,20260821T090000Z,20260821T101500Z,"Spa-Francorchamps\, Belgium",Reminder,
openf1-meeting-1292@motorsport-calendar-FP1,Fórmula,F1,Entrenamiento,20260821T103000Z,20260821T113000Z,"Zandvoort\, Netherlands",Reminder,
mlmc-2026-4@motorsport-calendar-TEST,Endurance,Le Mans Cup,Evento,20260821T104000Z,20260821T112000Z,"Spa-Francorchamps\, Belgium",Reminder,
f1calendar-f1-academy-2026-4@motorsport-calendar-FP1,Fórmula,F1 Academy,Entrenamiento,20260821T120000Z,20260821T124500Z,"Zandvoort\, Netherlands",Reminder,
elms-2026-4@motorsport-calendar-TEST,Endurance,ELMS,Evento,20260821T121000Z,20260821T125000Z,"Spa-Francorchamps\, Belgium",Reminder,
mlmc-2026-4@motorsport-calendar-FP2,Endurance,Le Mans Cup,Entrenamiento,20260821T125000Z,20260821T140500Z,"Spa-Francorchamps\, Belgium",Reminder,
openf1-meeting-1292@motorsport-calendar-SPRINT_QUALIFYING,Fórmula,F1,Sprint,20260821T143000Z,20260821T151400Z,"Zandvoort\, Netherlands",Reminder,
elms-2026-4@motorsport-calendar-FP2,Endurance,ELMS,Entrenamiento,20260822T070000Z,20260822T081500Z,"Spa-Francorchamps\, Belgium",Reminder,
f1calendar-f1-academy-2026-4@motorsport-calendar-QUALIFYING,Fórmula,F1 Academy,Clasificación,20260822T072000Z,20260822T075000Z,"Zandvoort\, Netherlands",Reminder,
mlmc-2026-4@motorsport-calendar-QUALIFYING,Endurance,Le Mans Cup,Clasificación,20260822T092500Z,20260822T103000Z,"Spa-Francorchamps\, Belgium",Reminder,
indycar-2026-washington-dc-2026-08-22-1000-practice-1,IndyCar,IndyCar,Entrenamiento,20260822T100000,20260822T110000,Streets of Washington,"Freedom 250 Grand Prix of Washington DC - Practice 1
Fuente oficial: https://www.indycar.com/Schedule/2026/Washington-DC",
openf1-meeting-1292@motorsport-calendar-SPRINT,Fórmula,F1,Sprint,20260822T100000Z,20260822T110000Z,"Zandvoort\, Netherlands",Reminder,
elms-2026-4@motorsport-calendar-QUALIFYING,Endurance,ELMS,Clasificación,20260822T103000Z,20260822T120100Z,"Spa-Francorchamps\, Belgium",Reminder,
f1calendar-f1-academy-2026-4@motorsport-calendar-SPRINT,Fórmula,F1 Academy,Carrera,20260822T123500Z,20260822T130500Z,"Zandvoort\, Netherlands",Reminder,
mlmc-2026-4@motorsport-calendar-RACE,Endurance,Le Mans Cup,Carrera,20260822T135200Z,20260822T155500Z,"Spa-Francorchamps\, Belgium",Reminder,alta
indycar-2026-washington-dc-2026-08-22-1400-practice-2,IndyCar,IndyCar,Entrenamiento,20260822T140000,20260822T150000,Streets of Washington,"Freedom 250 Grand Prix of Washington DC - Practice 2
Fuente oficial: https://www.indycar.com/Schedule/2026/Washington-DC",
openf1-meeting-1292@motorsport-calendar-QUALIFYING,Fórmula,F1,Clasificación,20260822T140000Z,20260822T150000Z,"Zandvoort\, Netherlands",Reminder,
indycar-2026-washington-dc-2026-08-22-1800-qualifications,IndyCar,IndyCar,Clasificación,20260822T180000,20260822T190000,Streets of Washington,"Freedom 250 Grand Prix of Washington DC - Qualifications
Fuente oficial: https://www.indycar.com/Schedule/2026/Washington-DC",
f1calendar-f1-academy-2026-4@motorsport-calendar-FP3,Fórmula,F1 Academy,Carrera,20260823T083000Z,20260823T090000Z,"Zandvoort\, Netherlands",Reminder,
indycar-2026-washington-dc-2026-08-23-1000-warmup,IndyCar,IndyCar,Entrenamiento,20260823T100000,20260823T110000,Streets of Washington,"Freedom 250 Grand Prix of Washington DC - Warmup
Fuente oficial: https://www.indycar.com/Schedule/2026/Washington-DC",
elms-2026-4@motorsport-calendar-RACE,Endurance,ELMS,Carrera,20260823T110000Z,20260823T150000Z,"Spa-Francorchamps\, Belgium",Reminder,
openf1-meeting-1292@motorsport-calendar-RACE,Fórmula,F1,Carrera,20260823T130000Z,20260823T150000Z,"Zandvoort\, Netherlands",Reminder,alta
indycar-2026-washington-dc-2026-08-23-1400-race,IndyCar,IndyCar,Carrera,20260823T140000,20260823T160000,Streets of Washington,"Freedom 250 Grand Prix of Washington DC - Race
Fuente oficial: https://www.indycar.com/Schedule/2026/Washington-DC",alta
gtwc-asia-2026-okayama-international-circuit@motorsport-calendar-FP1,GT,GT World Challenge Asia,Entrenamiento,20260828T032000Z,20260828T042000Z,"Okayama International Circuit\, Japan",Reminder,
gtwc-asia-2026-okayama-international-circuit@motorsport-calendar-FP2,GT,GT World Challenge Asia,Evento,20260828T043000Z,20260828T053000Z,"Okayama International Circuit\, Japan",Reminder,
moto3-2026-86abdbde-5e3d-45b1-a1f0-f74044a90eb3@motorsport-calendar-FP,Motos,Moto3,Entrenamiento,20260828T070000Z,20260828T073500Z,"MotorLand Aragón\, Spain",Reminder,
moto2-2026-86abdbde-5e3d-45b1-a1f0-f74044a90eb3@motorsport-calendar-FP,Motos,Moto2,Entrenamiento,20260828T075000Z,20260828T083000Z,"MotorLand Aragón\, Spain",Reminder,
motogp-2026-86abdbde-5e3d-45b1-a1f0-f74044a90eb3@motorsport-calendar-F,Motos,MotoGP,Entrenamiento,20260828T084500Z,20260828T093000Z,"MotorLand Aragón\, Spain",Reminder,
moto3-2026-86abdbde-5e3d-45b1-a1f0-f74044a90eb3@motorsport-calendar-FP,Motos,Moto3,Entrenamiento,20260828T111500Z,20260828T115000Z,"MotorLand Aragón\, Spain",Reminder,
moto2-2026-86abdbde-5e3d-45b1-a1f0-f74044a90eb3@motorsport-calendar-FP,Motos,Moto2,Entrenamiento,20260828T120500Z,20260828T124500Z,"MotorLand Aragón\, Spain",Reminder,
motogp-2026-86abdbde-5e3d-45b1-a1f0-f74044a90eb3@motorsport-calendar-F,Motos,MotoGP,Entrenamiento,20260828T130000Z,20260828T140000Z,"MotorLand Aragón\, Spain",Reminder,
indycar-2026-milwaukee-race1-2026-08-28-1900-practice,IndyCar,IndyCar,Entrenamiento,20260828T190000,20260828T200000,Milwaukee Mile,"Snap-on Makers and Fixers 250 - Practice
Fuente oficial: https://www.indycar.com/Schedule/2026/Milwaukee-Race1",
gtwc-america-2026-road-america@motorsport-calendar-FP1,GT,GT World Challenge America,Entrenamiento,20260828T220000Z,20260828T230000Z,"Road America\, United States of America",Reminder,
gtwc-asia-2026-okayama-international-circuit@motorsport-calendar-SPRIN,GT,GT World Challenge Asia,Clasificación,20260829T000000Z,20260829T012200Z,"Okayama International Circuit\, Japan",Reminder,
gtwc-asia-2026-okayama-international-circuit@motorsport-calendar-SPRIN,GT,GT World Challenge Asia,Carrera,20260829T040000Z,20260829T050000Z,"Okayama International Circuit\, Japan",Reminder,
moto3-2026-86abdbde-5e3d-45b1-a1f0-f74044a90eb3@motorsport-calendar-FP,Motos,Moto3,Entrenamiento,20260829T064000Z,20260829T071000Z,"MotorLand Aragón\, Spain",Reminder,
moto2-2026-86abdbde-5e3d-45b1-a1f0-f74044a90eb3@motorsport-calendar-FP,Motos,Moto2,Entrenamiento,20260829T072500Z,20260829T075500Z,"MotorLand Aragón\, Spain",Reminder,
motogp-2026-86abdbde-5e3d-45b1-a1f0-f74044a90eb3@motorsport-calendar-F,Motos,MotoGP,Entrenamiento,20260829T081000Z,20260829T084000Z,"MotorLand Aragón\, Spain",Reminder,
motogp-2026-86abdbde-5e3d-45b1-a1f0-f74044a90eb3@motorsport-calendar-Q,Motos,MotoGP,Clasificación,20260829T085000Z,20260829T093000Z,"MotorLand Aragón\, Spain",Reminder,
gtwc-europe-2026-n%C3%BCrburgring@motorsport-calendar-FP1,GT,GT World Challenge Europe,Entrenamiento,20260829T085000Z,20260829T095000Z,"Nürburgring\, Germany",Reminder,
moto3-2026-86abdbde-5e3d-45b1-a1f0-f74044a90eb3@motorsport-calendar-QU,Motos,Moto3,Clasificación,20260829T104500Z,20260829T112500Z,"MotorLand Aragón\, Spain",Reminder,
moto2-2026-86abdbde-5e3d-45b1-a1f0-f74044a90eb3@motorsport-calendar-QU,Motos,Moto2,Clasificación,20260829T114000Z,20260829T122000Z,"MotorLand Aragón\, Spain",Reminder,
indycar-2026-milwaukee-race1-2026-08-29-1200-qualifications,IndyCar,IndyCar,Clasificación,20260829T120000,20260829T130000,Milwaukee Mile,"Snap-on Makers and Fixers 250 - Qualifications
Fuente oficial: https://www.indycar.com/Schedule/2026/Milwaukee-Race1",
motogp-2026-86abdbde-5e3d-45b1-a1f0-f74044a90eb3@motorsport-calendar-S,Motos,MotoGP,Sprint,20260829T130000Z,20260829T133000Z,"MotorLand Aragón\, Spain",Reminder,
gtwc-europe-2026-n%C3%BCrburgring@motorsport-calendar-FP2,GT,GT World Challenge Europe,Entrenamiento,20260829T141500Z,20260829T151500Z,"Nürburgring\, Germany",Reminder,
gtwc-america-2026-road-america@motorsport-calendar-FP2,GT,GT World Challenge America,Entrenamiento,20260829T155500Z,20260829T165500Z,"Road America\, United States of America",Reminder,
gtwc-america-2026-road-america@motorsport-calendar-FP3,GT,GT World Challenge America,Entrenamiento,20260829T192500Z,20260829T202500Z,"Road America\, United States of America",Reminder,
gtwc-asia-2026-okayama-international-circuit@motorsport-calendar-RACE,GT,GT World Challenge Asia,Carrera,20260830T010000Z,20260830T023000Z,"Okayama International Circuit\, Japan",Reminder,
gtwc-europe-2026-n%C3%BCrburgring@motorsport-calendar-QUALIFYING,GT,GT World Challenge Europe,Clasificación,20260830T074500Z,20260830T095500Z,"Nürburgring\, Germany",Reminder,
moto3-2026-86abdbde-5e3d-45b1-a1f0-f74044a90eb3@motorsport-calendar-RA,Motos,Moto3,Carrera,20260830T090000Z,20260830T093500Z,"MotorLand Aragón\, Spain",Reminder,
moto2-2026-86abdbde-5e3d-45b1-a1f0-f74044a90eb3@motorsport-calendar-RA,Motos,Moto2,Carrera,20260830T101500Z,20260830T105500Z,"MotorLand Aragón\, Spain",Reminder,
motogp-2026-86abdbde-5e3d-45b1-a1f0-f74044a90eb3@motorsport-calendar-R,Motos,MotoGP,Evento,20260830T120000Z,20260830T124500Z,"MotorLand Aragón\, Spain",Reminder,
gtwc-europe-2026-n%C3%BCrburgring@motorsport-calendar-RACE,GT,GT World Challenge Europe,Carrera,20260830T130000Z,20260830T143000Z,"Nürburgring\, Germany",Reminder,
indycar-2026-milwaukee-race1-2026-08-30-1400-race-2,IndyCar,IndyCar,Carrera,20260830T140000,20260830T160000,Milwaukee Mile,"Snap-on Makers and Fixers 250 - Race 2
Fuente oficial: https://www.indycar.com/Schedule/2026/Milwaukee-Race1",alta
gtwc-america-2026-road-america@motorsport-calendar-QUALIFYING,GT,GT World Challenge America,Clasificación,20260830T141000Z,20260830T153000Z,"Road America\, United States of America",Reminder,
indycar-2026-milwaukee-race1-2026-08-30-1900-race-1,IndyCar,IndyCar,Carrera,20260830T190000,20260830T210000,Milwaukee Mile,"Snap-on Makers and Fixers 250 - Race 1
Fuente oficial: https://www.indycar.com/Schedule/2026/Milwaukee-Race1",alta
gtwc-america-2026-road-america@motorsport-calendar-RACE,GT,GT World Challenge America,Carrera,20260830T190000Z,20260830T203000Z,"Road America\, United States of America",Reminder,
f1calendar-f3-2026-8@motorsport-calendar-FP1,Fórmula,F3,Entrenamiento,20260904T063500Z,20260904T072000Z,"Italian\, Italy",Reminder,
f1calendar-f2-2026-10@motorsport-calendar-FP1,Fórmula,F2,Entrenamiento,20260904T080000Z,20260904T084500Z,"Italian\, Unknown",Reminder,
wec-2026-5@motorsport-calendar-FP1,Endurance,WEC,Entrenamiento,20260904T093000Z,20260904T104500Z,"Circuit des Amériques\, USA",Reminder,
openf1-meeting-1293@motorsport-calendar-FP1,Fórmula,F1,Entrenamiento,20260904T103000Z,20260904T113000Z,"Monza\, Italy",Reminder,
f1calendar-f3-2026-8@motorsport-calendar-QUALIFYING,Fórmula,F3,Clasificación,20260904T120000Z,20260904T123000Z,"Italian\, Italy",Reminder,
f1calendar-f2-2026-10@motorsport-calendar-QUALIFYING,Fórmula,F2,Clasificación,20260904T125500Z,20260904T132500Z,"Italian\, Unknown",Reminder,
wec-2026-5@motorsport-calendar-FP2,Endurance,WEC,Entrenamiento,20260904T140000Z,20260904T151500Z,"Circuit des Amériques\, USA",Reminder,
openf1-meeting-1293@motorsport-calendar-FP2,Fórmula,F1,Entrenamiento,20260904T140000Z,20260904T150000Z,"Monza\, Italy",Reminder,
indycar-2026-laguna-seca-2026-09-04-1800-practice-1,IndyCar,IndyCar,Entrenamiento,20260904T180000,20260904T190000,WeatherTech Raceway Laguna Seca,"Mission Foods Grand Prix of Monterey - Practice 1
Fuente oficial: https://www.indycar.com/Schedule/2026/Laguna-Seca",
f1calendar-f3-2026-8@motorsport-calendar-SPRINT,Fórmula,F3,Sprint,20260905T073000Z,20260905T080000Z,"Italian\, Italy",Reminder,
wec-2026-5@motorsport-calendar-FP3,Endurance,WEC,Entrenamiento,20260905T090000Z,20260905T101500Z,"Circuit des Amériques\, USA",Reminder,
tc2000-2026-07-2026-09-05-1015-shakedown-todos-juntos,Argentina,TC2000,Shakedown,20260905T101500,20260905T102500,Junin,"Shakedown (todos juntos)
Fecha 7
Fuente oficial: https://www.tc2000.com.ar/",
openf1-meeting-1293@motorsport-calendar-FP3,Fórmula,F1,Entrenamiento,20260905T103000Z,20260905T113000Z,"Monza\, Italy",Reminder,
tc2000-2026-07-2026-09-05-1200-practica-oficial-1-grupo-libre-eleccion,Argentina,TC2000,Práctica,20260905T120000,20260905T122000,Junin,"Practica oficial 1 (grupo libre eleccion)
Fecha 7
Fuente oficial: https://www.tc2000.com.ar/",
f1calendar-f2-2026-10@motorsport-calendar-SPRINT,Fórmula,F2,Sprint,20260905T121500Z,20260905T130000Z,"Italian\, Unknown",Reminder,
tc2000-2026-07-2026-09-05-1225-practica-oficial-1-grupo-libre-eleccion,Argentina,TC2000,Práctica,20260905T122500,20260905T124500,Junin,"Practica oficial 1 (grupo libre eleccion)
Fecha 7
Fuente oficial: https://www.tc2000.com.ar/",
wec-2026-5@motorsport-calendar-QUALIFYING,Endurance,WEC,Clasificación,20260905T130000Z,20260905T140500Z,"Circuit des Amériques\, USA",Reminder,
wec-2026-5@motorsport-calendar-HYPERPOLE,Endurance,WEC,Evento,20260905T132000Z,20260905T142000Z,"Circuit des Amériques\, USA",Reminder,
tc2000-2026-07-2026-09-05-1345-practica-oficial-2-grupo-libre-eleccion,Argentina,TC2000,Práctica,20260905T134500,20260905T140500,Junin,"Practica oficial 2 (grupo libre eleccion)
Fecha 7
Fuente oficial: https://www.tc2000.com.ar/",
indycar-2026-laguna-seca-2026-09-05-1400-practice-2,IndyCar,IndyCar,Entrenamiento,20260905T140000,20260905T150000,WeatherTech Raceway Laguna Seca,"Mission Foods Grand Prix of Monterey - Practice 2
Fuente oficial: https://www.indycar.com/Schedule/2026/Laguna-Seca",
openf1-meeting-1293@motorsport-calendar-QUALIFYING,Fórmula,F1,Clasificación,20260905T140000Z,20260905T150000Z,"Monza\, Italy",Reminder,
tc2000-2026-07-2026-09-05-1410-practica-oficial-2-grupo-libre-eleccion,Argentina,TC2000,Práctica,20260905T141000,20260905T143000,Junin,"Practica oficial 2 (grupo libre eleccion)
Fecha 7
Fuente oficial: https://www.tc2000.com.ar/",
tc2000-2026-07-2026-09-05-1610-clasificaci6n-1-vuelta-lanzada,Argentina,TC2000,Clasificación,20260905T161000,20260905T164500,Junin,"Clasificaci6n 1 vuelta lanzada
Fecha 7
Fuente oficial: https://www.tc2000.com.ar/",
indycar-2026-laguna-seca-2026-09-05-1730-qualifications,IndyCar,IndyCar,Clasificación,20260905T173000,20260905T183000,WeatherTech Raceway Laguna Seca,"Mission Foods Grand Prix of Monterey - Qualifications
Fuente oficial: https://www.indycar.com/Schedule/2026/Laguna-Seca",
indycar-2026-laguna-seca-2026-09-05-2100-final-practice,IndyCar,IndyCar,Entrenamiento,20260905T210000,20260905T220000,WeatherTech Raceway Laguna Seca,"Mission Foods Grand Prix of Monterey - Final Practice
Fuente oficial: https://www.indycar.com/Schedule/2026/Laguna-Seca",
f1calendar-f3-2026-8@motorsport-calendar-RACE,Fórmula,F3,Carrera,20260906T061500Z,20260906T065500Z,"Italian\, Italy",Reminder,
f1calendar-f2-2026-10@motorsport-calendar-RACE,Fórmula,F2,Carrera,20260906T074500Z,20260906T085000Z,"Italian\, Unknown",Reminder,
tc2000-2026-07-2026-09-06-0945-warm-up-4e-tyc-sports-i,Argentina,TC2000,Warm-Up,20260906T094500,20260906T095500,Junin,"Warm -up . . 4e TyC Sports i
Fecha 7
Fuente oficial: https://www.tc2000.com.ar/",
wec-2026-5@motorsport-calendar-RACE,Endurance,WEC,Carrera,20260906T110000Z,20260906T170000Z,"Circuit des Amériques\, USA",Reminder,alta
tc2000-2026-07-2026-09-06-1240-grid-show,Argentina,TC2000,Grid,20260906T124000,20260906T125500,Junin,"Grid Show
Fecha 7
Fuente oficial: https://www.tc2000.com.ar/",
tc2000-2026-07-2026-09-06-1300-carrera-final-1-vuelta,Argentina,TC2000,Carrera,20260906T130000,20260906T134000,Junin,"Carrera final - + 1 vuelta
Fecha 7
Fuente oficial: https://www.tc2000.com.ar/",alta
openf1-meeting-1293@motorsport-calendar-RACE,Fórmula,F1,Carrera,20260906T130000Z,20260906T150000Z,"Monza\, Italy",Reminder,alta
tc2000-2026-07-2026-09-06-1345-podio,Argentina,TC2000,Podio,20260906T134500,20260906T140000,Junin,"Podio
Fecha 7
Fuente oficial: https://www.tc2000.com.ar/",
indycar-2026-laguna-seca-2026-09-06-1530-race,IndyCar,IndyCar,Carrera,20260906T153000,20260906T173000,WeatherTech Raceway Laguna Seca,"Mission Foods Grand Prix of Monterey - Race
Fuente oficial: https://www.indycar.com/Schedule/2026/Laguna-Seca",alta
moto3-2026-537f71f7-25ea-4cb2-a259-70b0da576cc6@motorsport-calendar-FP,Motos,Moto3,Entrenamiento,20260911T070000Z,20260911T073500Z,"Misano World Circuit Marco Simoncelli\, Italy",Reminder,
moto2-2026-537f71f7-25ea-4cb2-a259-70b0da576cc6@motorsport-calendar-FP,Motos,Moto2,Entrenamiento,20260911T075000Z,20260911T083000Z,"Misano World Circuit Marco Simoncelli\, Italy",Reminder,
f1calendar-f3-2026-9@motorsport-calendar-FP1,Fórmula,F3,Entrenamiento,20260911T075500Z,20260911T084000Z,"Spanish\, Unknown",Reminder,
mlmc-2026-5@motorsport-calendar-FP1,Endurance,Le Mans Cup,Entrenamiento,20260911T084500Z,20260911T100000Z,"Silverstone\, United Kingdom",Reminder,
motogp-2026-537f71f7-25ea-4cb2-a259-70b0da576cc6@motorsport-calendar-F,Motos,MotoGP,Entrenamiento,20260911T084500Z,20260911T093000Z,"Misano World Circuit Marco Simoncelli\, Italy",Reminder,
igtc-2026-suzuka-1000km@motorsport-calendar-FP1,GT,IGTC,Entrenamiento,20260911T085000Z,20260911T095000Z,"Suzuka Circuit\, Japan",Reminder,
f1calendar-f2-2026-11@motorsport-calendar-FP1,Fórmula,F2,Entrenamiento,20260911T090500Z,20260911T095000Z,"Spanish\, Unknown",Reminder,
elms-2026-5@motorsport-calendar-FP1,Endurance,ELMS,Entrenamiento,20260911T095500Z,20260911T111000Z,"Silverstone\, United Kingdom",Reminder,
moto3-2026-537f71f7-25ea-4cb2-a259-70b0da576cc6@motorsport-calendar-FP,Motos,Moto3,Entrenamiento,20260911T111500Z,20260911T115000Z,"Misano World Circuit Marco Simoncelli\, Italy",Reminder,
openf1-meeting-1294@motorsport-calendar-FP1,Fórmula,F1,Entrenamiento,20260911T113000Z,20260911T123000Z,"Madring\, Spain",Reminder,
moto2-2026-537f71f7-25ea-4cb2-a259-70b0da576cc6@motorsport-calendar-FP,Motos,Moto2,Entrenamiento,20260911T120500Z,20260911T124500Z,"Misano World Circuit Marco Simoncelli\, Italy",Reminder,
motogp-2026-537f71f7-25ea-4cb2-a259-70b0da576cc6@motorsport-calendar-F,Motos,MotoGP,Entrenamiento,20260911T130000Z,20260911T140000Z,"Misano World Circuit Marco Simoncelli\, Italy",Reminder,
f1calendar-f2-2026-11@motorsport-calendar-QUALIFYING,Fórmula,F2,Clasificación,20260911T130000Z,20260911T133000Z,"Spanish\, Unknown",Reminder,
mlmc-2026-5@motorsport-calendar-TEST,Endurance,Le Mans Cup,Evento,20260911T133500Z,20260911T141500Z,"Silverstone\, United Kingdom",Reminder,
elms-2026-5@motorsport-calendar-TEST,Endurance,ELMS,Evento,20260911T141500Z,20260911T145500Z,"Silverstone\, United Kingdom",Reminder,
openf1-meeting-1294@motorsport-calendar-FP2,Fórmula,F1,Entrenamiento,20260911T150000Z,20260911T160000Z,"Madring\, Spain",Reminder,
mlmc-2026-5@motorsport-calendar-FP2,Endurance,Le Mans Cup,Entrenamiento,20260911T154000Z,20260911T165500Z,"Silverstone\, United Kingdom",Reminder,
f1calendar-f3-2026-9@motorsport-calendar-QUALIFYING,Fórmula,F3,Clasificación,20260911T162500Z,20260911T165500Z,"Spanish\, Unknown",Reminder,
moto3-2026-537f71f7-25ea-4cb2-a259-70b0da576cc6@motorsport-calendar-FP,Motos,Moto3,Entrenamiento,20260912T064000Z,20260912T071000Z,"Misano World Circuit Marco Simoncelli\, Italy",Reminder,
moto2-2026-537f71f7-25ea-4cb2-a259-70b0da576cc6@motorsport-calendar-FP,Motos,Moto2,Entrenamiento,20260912T072500Z,20260912T075500Z,"Misano World Circuit Marco Simoncelli\, Italy",Reminder,
elms-2026-5@motorsport-calendar-FP2,Endurance,ELMS,Entrenamiento,20260912T075500Z,20260912T091000Z,"Silverstone\, United Kingdom",Reminder,
motogp-2026-537f71f7-25ea-4cb2-a259-70b0da576cc6@motorsport-calendar-F,Motos,MotoGP,Entrenamiento,20260912T081000Z,20260912T084000Z,"Misano World Circuit Marco Simoncelli\, Italy",Reminder,
igtc-2026-suzuka-1000km@motorsport-calendar-QUALIFYING,GT,IGTC,Clasificación,20260912T084000Z,20260912T102500Z,"Suzuka Circuit\, Japan",Reminder,
motogp-2026-537f71f7-25ea-4cb2-a259-70b0da576cc6@motorsport-calendar-Q,Motos,MotoGP,Clasificación,20260912T085000Z,20260912T093000Z,"Misano World Circuit Marco Simoncelli\, Italy",Reminder,
f1calendar-f3-2026-9@motorsport-calendar-SPRINT,Fórmula,F3,Sprint,20260912T090500Z,20260912T093500Z,"Spanish\, Unknown",Reminder,
mlmc-2026-5@motorsport-calendar-QUALIFYING,Endurance,Le Mans Cup,Clasificación,20260912T103000Z,20260912T113500Z,"Silverstone\, United Kingdom",Reminder,
openf1-meeting-1294@motorsport-calendar-FP3,Fórmula,F1,Entrenamiento,20260912T103000Z,20260912T113000Z,"Madring\, Spain",Reminder,
moto3-2026-537f71f7-25ea-4cb2-a259-70b0da576cc6@motorsport-calendar-QU,Motos,Moto3,Clasificación,20260912T104500Z,20260912T112500Z,"Misano World Circuit Marco Simoncelli\, Italy",Reminder,
moto2-2026-537f71f7-25ea-4cb2-a259-70b0da576cc6@motorsport-calendar-QU,Motos,Moto2,Clasificación,20260912T114000Z,20260912T122000Z,"Misano World Circuit Marco Simoncelli\, Italy",Reminder,
f1calendar-f2-2026-11@motorsport-calendar-SPRINT,Fórmula,F2,Sprint,20260912T121500Z,20260912T130000Z,"Spanish\, Unknown",Reminder,
elms-2026-5@motorsport-calendar-QUALIFYING,Endurance,ELMS,Clasificación,20260912T125500Z,20260912T143500Z,"Silverstone\, United Kingdom",Reminder,
motogp-2026-537f71f7-25ea-4cb2-a259-70b0da576cc6@motorsport-calendar-S,Motos,MotoGP,Sprint,20260912T130000Z,20260912T133000Z,"Misano World Circuit Marco Simoncelli\, Italy",Reminder,
openf1-meeting-1294@motorsport-calendar-QUALIFYING,Fórmula,F1,Clasificación,20260912T140000Z,20260912T150000Z,"Madring\, Spain",Reminder,
mlmc-2026-5@motorsport-calendar-RACE,Endurance,Le Mans Cup,Carrera,20260912T151500Z,20260912T174000Z,"Silverstone\, United Kingdom",Reminder,alta
igtc-2026-suzuka-1000km@motorsport-calendar-RACE,GT,IGTC,Carrera,20260913T035000Z,20260913T052000Z,"Suzuka Circuit\, Japan",Reminder,
f1calendar-f3-2026-9@motorsport-calendar-RACE,Fórmula,F3,Carrera,20260913T074500Z,20260913T082500Z,"Spanish\, Unknown",Reminder,
moto3-2026-537f71f7-25ea-4cb2-a259-70b0da576cc6@motorsport-calendar-RA,Motos,Moto3,Carrera,20260913T090000Z,20260913T093500Z,"Misano World Circuit Marco Simoncelli\, Italy",Reminder,
f1calendar-f2-2026-11@motorsport-calendar-RACE,Fórmula,F2,Carrera,20260913T092500Z,20260913T103000Z,"Spanish\, Unknown",Reminder,
elms-2026-5@motorsport-calendar-RACE,Endurance,ELMS,Carrera,20260913T100000Z,20260913T140000Z,"Silverstone\, United Kingdom",Reminder,
moto2-2026-537f71f7-25ea-4cb2-a259-70b0da576cc6@motorsport-calendar-RA,Motos,Moto2,Carrera,20260913T101500Z,20260913T105500Z,"Misano World Circuit Marco Simoncelli\, Italy",Reminder,
motogp-2026-537f71f7-25ea-4cb2-a259-70b0da576cc6@motorsport-calendar-R,Motos,MotoGP,Evento,20260913T120000Z,20260913T124500Z,"Misano World Circuit Marco Simoncelli\, Italy",Reminder,
openf1-meeting-1294@motorsport-calendar-RACE,Fórmula,F1,Carrera,20260913T130000Z,20260913T150000Z,"Madring\, Spain",Reminder,alta
gtwc-europe-2026-zandvoort@motorsport-calendar-FP1,GT,GT World Challenge Europe,Entrenamiento,20260918T070000Z,20260918T080000Z,"Circuit Zandvoort\, Netherlands",Reminder,
moto3-2026-1d659e29-247a-402c-ba1e-33fa14670cbe@motorsport-calendar-FP,Motos,Moto3,Entrenamiento,20260918T070000Z,20260918T073500Z,"Red Bull Ring - Spielberg\, Austria",Reminder,
moto2-2026-1d659e29-247a-402c-ba1e-33fa14670cbe@motorsport-calendar-FP,Motos,Moto2,Entrenamiento,20260918T075000Z,20260918T083000Z,"Red Bull Ring - Spielberg\, Austria",Reminder,
motogp-2026-1d659e29-247a-402c-ba1e-33fa14670cbe@motorsport-calendar-F,Motos,MotoGP,Entrenamiento,20260918T084500Z,20260918T093000Z,"Red Bull Ring - Spielberg\, Austria",Reminder,
moto3-2026-1d659e29-247a-402c-ba1e-33fa14670cbe@motorsport-calendar-FP,Motos,Moto3,Entrenamiento,20260918T111500Z,20260918T115000Z,"Red Bull Ring - Spielberg\, Austria",Reminder,
gtwc-europe-2026-zandvoort@motorsport-calendar-FP2,GT,GT World Challenge Europe,Entrenamiento,20260918T115000Z,20260918T125000Z,"Circuit Zandvoort\, Netherlands",Reminder,
moto2-2026-1d659e29-247a-402c-ba1e-33fa14670cbe@motorsport-calendar-FP,Motos,Moto2,Entrenamiento,20260918T120500Z,20260918T124500Z,"Red Bull Ring - Spielberg\, Austria",Reminder,
motogp-2026-1d659e29-247a-402c-ba1e-33fa14670cbe@motorsport-calendar-F,Motos,MotoGP,Entrenamiento,20260918T130000Z,20260918T140700Z,"Red Bull Ring - Spielberg\, Austria",Reminder,
moto3-2026-1d659e29-247a-402c-ba1e-33fa14670cbe@motorsport-calendar-FP,Motos,Moto3,Entrenamiento,20260919T064000Z,20260919T071000Z,"Red Bull Ring - Spielberg\, Austria",Reminder,
moto2-2026-1d659e29-247a-402c-ba1e-33fa14670cbe@motorsport-calendar-FP,Motos,Moto2,Entrenamiento,20260919T072500Z,20260919T075500Z,"Red Bull Ring - Spielberg\, Austria",Reminder,
gtwc-europe-2026-zandvoort@motorsport-calendar-SPRINT_QUALIFYING,GT,GT World Challenge Europe,Clasificación,20260919T075000Z,20260919T091500Z,"Circuit Zandvoort\, Netherlands",Reminder,
motogp-2026-1d659e29-247a-402c-ba1e-33fa14670cbe@motorsport-calendar-F,Motos,MotoGP,Entrenamiento,20260919T081000Z,20260919T084000Z,"Red Bull Ring - Spielberg\, Austria",Reminder,
motogp-2026-1d659e29-247a-402c-ba1e-33fa14670cbe@motorsport-calendar-Q,Motos,MotoGP,Clasificación,20260919T085000Z,20260919T093000Z,"Red Bull Ring - Spielberg\, Austria",Reminder,
moto3-2026-1d659e29-247a-402c-ba1e-33fa14670cbe@motorsport-calendar-QU,Motos,Moto3,Clasificación,20260919T104500Z,20260919T112500Z,"Red Bull Ring - Spielberg\, Austria",Reminder,
moto2-2026-1d659e29-247a-402c-ba1e-33fa14670cbe@motorsport-calendar-QU,Motos,Moto2,Clasificación,20260919T114000Z,20260919T122000Z,"Red Bull Ring - Spielberg\, Austria",Reminder,
gtwc-europe-2026-zandvoort@motorsport-calendar-SPRINT,GT,GT World Challenge Europe,Carrera,20260919T124500Z,20260919T134500Z,"Circuit Zandvoort\, Netherlands",Reminder,
motogp-2026-1d659e29-247a-402c-ba1e-33fa14670cbe@motorsport-calendar-S,Motos,MotoGP,Sprint,20260919T130000Z,20260919T133000Z,"Red Bull Ring - Spielberg\, Austria",Reminder,
gtwc-europe-2026-zandvoort@motorsport-calendar-QUALIFYING,GT,GT World Challenge Europe,Clasificación,20260920T083500Z,20260920T100000Z,"Circuit Zandvoort\, Netherlands",Reminder,
moto3-2026-1d659e29-247a-402c-ba1e-33fa14670cbe@motorsport-calendar-RA,Motos,Moto3,Carrera,20260920T090000Z,20260920T093500Z,"Red Bull Ring - Spielberg\, Austria",Reminder,
moto2-2026-1d659e29-247a-402c-ba1e-33fa14670cbe@motorsport-calendar-RA,Motos,Moto2,Carrera,20260920T101500Z,20260920T105500Z,"Red Bull Ring - Spielberg\, Austria",Reminder,
motogp-2026-1d659e29-247a-402c-ba1e-33fa14670cbe@motorsport-calendar-R,Motos,MotoGP,Evento,20260920T120000Z,20260920T124500Z,"Red Bull Ring - Spielberg\, Austria",Reminder,
gtwc-europe-2026-zandvoort@motorsport-calendar-RACE,GT,GT World Challenge Europe,Carrera,20260920T121500Z,20260920T134500Z,"Circuit Zandvoort\, Netherlands",Reminder,
f1calendar-f2-2026-12@motorsport-calendar-FP1,Fórmula,F2,Entrenamiento,20260924T060000Z,20260924T064500Z,"Azerbaijan\, Unknown",Reminder,
openf1-meeting-1295@motorsport-calendar-FP1,Fórmula,F1,Entrenamiento,20260924T083000Z,20260924T093000Z,"Baku\, Azerbaijan",Reminder,
f1calendar-f2-2026-12@motorsport-calendar-QUALIFYING,Fórmula,F2,Clasificación,20260924T100000Z,20260924T103000Z,"Azerbaijan\, Unknown",Reminder,
openf1-meeting-1295@motorsport-calendar-FP2,Fórmula,F1,Entrenamiento,20260924T120000Z,20260924T130000Z,"Baku\, Azerbaijan",Reminder,
f1calendar-f2-2026-12@motorsport-calendar-SPRINT,Fórmula,F2,Sprint,20260925T041500Z,20260925T050000Z,"Azerbaijan\, Unknown",Reminder,
wec-2026-6@motorsport-calendar-FP1,Endurance,WEC,Entrenamiento,20260925T081500Z,20260925T093000Z,"Fuji Speedway\, Japan",Reminder,
openf1-meeting-1295@motorsport-calendar-FP3,Fórmula,F1,Entrenamiento,20260925T083000Z,20260925T093000Z,"Baku\, Azerbaijan",Reminder,
openf1-meeting-1295@motorsport-calendar-QUALIFYING,Fórmula,F1,Clasificación,20260925T120000Z,20260925T130000Z,"Baku\, Azerbaijan",Reminder,
wec-2026-6@motorsport-calendar-FP2,Endurance,WEC,Entrenamiento,20260925T123000Z,20260925T134500Z,"Fuji Speedway\, Japan",Reminder,
gtwc-america-2026-barber-motorsports-park@motorsport-calendar-FP1,GT,GT World Challenge America,Entrenamiento,20260925T214500Z,20260925T224500Z,"Barber Motorsports Park\, United States of America",Reminder,
f1calendar-f2-2026-12@motorsport-calendar-RACE,Fórmula,F2,Carrera,20260926T070000Z,20260926T080500Z,"Azerbaijan\, Unknown",Reminder,
wec-2026-6@motorsport-calendar-FP3,Endurance,WEC,Entrenamiento,20260926T073000Z,20260926T084500Z,"Fuji Speedway\, Japan",Reminder,
tc2000-2026-08-2026-09-26-0950-shakedown-todos-juntos,Argentina,TC2000,Shakedown,20260926T095000,20260926T100000,El Zonda Eduardo Copello,"Shakedown (todos juntos)
Fecha 8
Fuente oficial: https://www.tc2000.com.ar/",
openf1-meeting-1295@motorsport-calendar-RACE,Fórmula,F1,Carrera,20260926T110000Z,20260926T130000Z,"Baku\, Azerbaijan",Reminder,alta
tc2000-2026-08-2026-09-26-1200-practica-oficial-1-grupo-libre-eleccidn,Argentina,TC2000,Práctica,20260926T120000,20260926T122000,El Zonda Eduardo Copello,"Practica oficial 1 (grupo libre eleccidn)
Fecha 8
Fuente oficial: https://www.tc2000.com.ar/",
wec-2026-6@motorsport-calendar-QUALIFYING,Endurance,WEC,Clasificación,20260926T120000Z,20260926T130500Z,"Fuji Speedway\, Japan",Reminder,
wec-2026-6@motorsport-calendar-HYPERPOLE,Endurance,WEC,Evento,20260926T122000Z,20260926T132000Z,"Fuji Speedway\, Japan",Reminder,
tc2000-2026-08-2026-09-26-1225-practica-oficial-1-grupo-libre-eleccien,Argentina,TC2000,Práctica,20260926T122500,20260926T124500,El Zonda Eduardo Copello,"Practica oficial 1 (grupo libre eleccien)
Fecha 8
Fuente oficial: https://www.tc2000.com.ar/",
tc2000-2026-08-2026-09-26-1450-practica-oficial-2-grupo-libre-eleccien,Argentina,TC2000,Práctica,20260926T145000,20260926T151000,El Zonda Eduardo Copello,"Practica oficial 2 (grupo libre eleccien)
Fecha 8
Fuente oficial: https://www.tc2000.com.ar/",
tc2000-2026-08-2026-09-26-1515-practica-oficial-2-grupo-libre-eleccidn,Argentina,TC2000,Práctica,20260926T151500,20260926T153500,El Zonda Eduardo Copello,"Practica oficial 2 (grupo libre eleccidn)
Fecha 8
Fuente oficial: https://www.tc2000.com.ar/",
gtwc-america-2026-barber-motorsports-park@motorsport-calendar-FP2,GT,GT World Challenge America,Entrenamiento,20260926T151500Z,20260926T161500Z,"Barber Motorsports Park\, United States of America",Reminder,
tc2000-2026-08-2026-09-26-1717-clasificacidn-q1-todos-juntos,Argentina,TC2000,Clasificación,20260926T171700,20260926T173500,El Zonda Eduardo Copello,"Clasificacidn - Q1 - Todos juntos
Fecha 8
Fuente oficial: https://www.tc2000.com.ar/",
tc2000-2026-08-2026-09-26-1740-clasificacien-q2-10-mejores,Argentina,TC2000,Clasificación,20260926T174000,20260926T175000,El Zonda Eduardo Copello,"Clasificacien - Q2 - (10 mejores)
Fecha 8
Fuente oficial: https://www.tc2000.com.ar/",
gtwc-america-2026-barber-motorsports-park@motorsport-calendar-FP3,GT,GT World Challenge America,Entrenamiento,20260926T195000Z,20260926T205000Z,"Barber Motorsports Park\, United States of America",Reminder,
wec-2026-6@motorsport-calendar-RACE,Endurance,WEC,Carrera,20260927T090000Z,20260927T150000Z,"Fuji Speedway\, Japan",Reminder,alta
tc2000-2026-08-2026-09-27-1010-warm-up,Argentina,TC2000,Warm-Up,20260927T101000,20260927T102000,El Zonda Eduardo Copello,"Warm -up
Fecha 8
Fuente oficial: https://www.tc2000.com.ar/",
tc2000-2026-08-2026-09-27-1240-grid-show,Argentina,TC2000,Grid,20260927T124000,20260927T125500,El Zonda Eduardo Copello,"Grid Show
Fecha 8
Fuente oficial: https://www.tc2000.com.ar/",
tc2000-2026-08-2026-09-27-1300-carrera-final-1-vuelta,Argentina,TC2000,Carrera,20260927T130000,20260927T134000,El Zonda Eduardo Copello,"Carrera final - + 1 vuelta
Fecha 8
Fuente oficial: https://www.tc2000.com.ar/",alta
gtwc-america-2026-barber-motorsports-park@motorsport-calendar-QUALIFYI,GT,GT World Challenge America,Clasificación,20260927T133000Z,20260927T145000Z,"Barber Motorsports Park\, United States of America",Reminder,
tc2000-2026-08-2026-09-27-1345-podio,Argentina,TC2000,Podio,20260927T134500,20260927T140000,El Zonda Eduardo Copello,"Podio
Fecha 8
Fuente oficial: https://www.tc2000.com.ar/",
gtwc-america-2026-barber-motorsports-park@motorsport-calendar-RACE,GT,GT World Challenge America,Carrera,20260927T173000Z,20260927T190000Z,"Barber Motorsports Park\, United States of America",Reminder,
moto3-2026-a87453f0-3ed0-4469-993a-1486af92d879@motorsport-calendar-FP,Motos,Moto3,Entrenamiento,20261002T000000Z,20261002T003500Z,"Mobility Resort Motegi\, Japan",Reminder,
moto2-2026-a87453f0-3ed0-4469-993a-1486af92d879@motorsport-calendar-FP,Motos,Moto2,Entrenamiento,20261002T005000Z,20261002T013000Z,"Mobility Resort Motegi\, Japan",Reminder,
motogp-2026-a87453f0-3ed0-4469-993a-1486af92d879@motorsport-calendar-F,Motos,MotoGP,Entrenamiento,20261002T014500Z,20261002T023000Z,"Mobility Resort Motegi\, Japan",Reminder,
moto3-2026-a87453f0-3ed0-4469-993a-1486af92d879@motorsport-calendar-FP,Motos,Moto3,Entrenamiento,20261002T041500Z,20261002T045000Z,"Mobility Resort Motegi\, Japan",Reminder,
openf1-meeting-1308@motorsport-calendar-FP1,Fórmula,F1,Entrenamiento,20261002T043000Z,20261002T053000Z,"Kuala Lumpur\, Bahrain",Reminder,
moto2-2026-a87453f0-3ed0-4469-993a-1486af92d879@motorsport-calendar-FP,Motos,Moto2,Entrenamiento,20261002T050500Z,20261002T054500Z,"Mobility Resort Motegi\, Japan",Reminder,
motogp-2026-a87453f0-3ed0-4469-993a-1486af92d879@motorsport-calendar-F,Motos,MotoGP,Entrenamiento,20261002T060000Z,20261002T071500Z,"Mobility Resort Motegi\, Japan",Reminder,
gtwc-europe-2026-barcelona@motorsport-calendar-FP1,GT,GT World Challenge Europe,Entrenamiento,20261002T070000Z,20261002T080000Z,"Circuit de Barcelona-Catalunya\, Spain",Reminder,
gtwc-asia-2026-beijing-street-circuit@motorsport-calendar-FP1,GT,GT World Challenge Asia,Entrenamiento,20261002T075500Z,20261002T085500Z,"Beijing Street Circuit\, China",Reminder,
openf1-meeting-1308@motorsport-calendar-FP2,Fórmula,F1,Entrenamiento,20261002T080000Z,20261002T090000Z,"Kuala Lumpur\, Bahrain",Reminder,
gtwc-asia-2026-beijing-street-circuit@motorsport-calendar-FP2,GT,GT World Challenge Asia,Evento,20261002T090000Z,20261002T100000Z,"Beijing Street Circuit\, China",Reminder,
gtwc-europe-2026-barcelona@motorsport-calendar-FP2,GT,GT World Challenge Europe,Entrenamiento,20261002T115500Z,20261002T125500Z,"Circuit de Barcelona-Catalunya\, Spain",Reminder,
moto3-2026-a87453f0-3ed0-4469-993a-1486af92d879@motorsport-calendar-FP,Motos,Moto3,Entrenamiento,20261002T234000Z,20261003T001000Z,"Mobility Resort Motegi\, Japan",Reminder,
moto2-2026-a87453f0-3ed0-4469-993a-1486af92d879@motorsport-calendar-FP,Motos,Moto2,Entrenamiento,20261003T002500Z,20261003T005500Z,"Mobility Resort Motegi\, Japan",Reminder,
motogp-2026-a87453f0-3ed0-4469-993a-1486af92d879@motorsport-calendar-F,Motos,MotoGP,Entrenamiento,20261003T011000Z,20261003T015000Z,"Mobility Resort Motegi\, Japan",Reminder,
motogp-2026-a87453f0-3ed0-4469-993a-1486af92d879@motorsport-calendar-Q,Motos,MotoGP,Clasificación,20261003T015800Z,20261003T023800Z,"Mobility Resort Motegi\, Japan",Reminder,
moto3-2026-a87453f0-3ed0-4469-993a-1486af92d879@motorsport-calendar-QU,Motos,Moto3,Clasificación,20261003T034500Z,20261003T042500Z,"Mobility Resort Motegi\, Japan",Reminder,
gtwc-asia-2026-beijing-street-circuit@motorsport-calendar-SPRINT_QUALI,GT,GT World Challenge Asia,Clasificación,20261003T035000Z,20261003T051200Z,"Beijing Street Circuit\, China",Reminder,
openf1-meeting-1308@motorsport-calendar-FP3,Fórmula,F1,Entrenamiento,20261003T043000Z,20261003T053000Z,"Kuala Lumpur\, Bahrain",Reminder,
moto2-2026-a87453f0-3ed0-4469-993a-1486af92d879@motorsport-calendar-QU,Motos,Moto2,Clasificación,20261003T044000Z,20261003T052000Z,"Mobility Resort Motegi\, Japan",Reminder,
motogp-2026-a87453f0-3ed0-4469-993a-1486af92d879@motorsport-calendar-S,Motos,MotoGP,Sprint,20261003T060000Z,20261003T063000Z,"Mobility Resort Motegi\, Japan",Reminder,
gtwc-europe-2026-barcelona@motorsport-calendar-SPRINT_QUALIFYING,GT,GT World Challenge Europe,Clasificación,20261003T074500Z,20261003T090500Z,"Circuit de Barcelona-Catalunya\, Spain",Reminder,
gtwc-asia-2026-beijing-street-circuit@motorsport-calendar-SPRINT,GT,GT World Challenge Asia,Carrera,20261003T074500Z,20261003T084500Z,"Beijing Street Circuit\, China",Reminder,
openf1-meeting-1308@motorsport-calendar-QUALIFYING,Fórmula,F1,Clasificación,20261003T080000Z,20261003T090000Z,"Kuala Lumpur\, Bahrain",Reminder,
gtwc-europe-2026-barcelona@motorsport-calendar-SPRINT,GT,GT World Challenge Europe,Carrera,20261003T120000Z,20261003T130000Z,"Circuit de Barcelona-Catalunya\, Spain",Reminder,
moto3-2026-a87453f0-3ed0-4469-993a-1486af92d879@motorsport-calendar-RA,Motos,Moto3,Carrera,20261004T020000Z,20261004T023500Z,"Mobility Resort Motegi\, Japan",Reminder,
moto2-2026-a87453f0-3ed0-4469-993a-1486af92d879@motorsport-calendar-RA,Motos,Moto2,Carrera,20261004T031500Z,20261004T035500Z,"Mobility Resort Motegi\, Japan",Reminder,
motogp-2026-a87453f0-3ed0-4469-993a-1486af92d879@motorsport-calendar-R,Motos,MotoGP,Evento,20261004T050000Z,20261004T054500Z,"Mobility Resort Motegi\, Japan",Reminder,
gtwc-asia-2026-beijing-street-circuit@motorsport-calendar-RACE,GT,GT World Challenge Asia,Carrera,20261004T050000Z,20261004T063000Z,"Beijing Street Circuit\, China",Reminder,
openf1-meeting-1308@motorsport-calendar-RACE,Fórmula,F1,Carrera,20261004T070000Z,20261004T090000Z,"Kuala Lumpur\, Bahrain",Reminder,alta
gtwc-europe-2026-barcelona@motorsport-calendar-RACE,GT,GT World Challenge Europe,Carrera,20261004T162000Z,20261004T175000Z,"Circuit de Barcelona-Catalunya\, Spain",Reminder,
mlmc-2026-6@motorsport-calendar-FP1,Endurance,Le Mans Cup,Entrenamiento,20261008T075000Z,20261008T090500Z,"Autódromo Internacional do Algarve\, Portugal",Reminder,
elms-2026-6@motorsport-calendar-FP1,Endurance,ELMS,Entrenamiento,20261008T090000Z,20261008T101500Z,"Autódromo Internacional do Algarve\, Portugal",Reminder,
mlmc-2026-6@motorsport-calendar-TEST,Endurance,Le Mans Cup,Evento,20261008T120000Z,20261008T124000Z,"Autódromo Internacional do Algarve\, Portugal",Reminder,
elms-2026-6@motorsport-calendar-TEST,Endurance,ELMS,Evento,20261008T124000Z,20261008T132000Z,"Autódromo Internacional do Algarve\, Portugal",Reminder,
mlmc-2026-6@motorsport-calendar-FP2,Endurance,Le Mans Cup,Entrenamiento,20261008T140500Z,20261008T152000Z,"Autódromo Internacional do Algarve\, Portugal",Reminder,
gtwc-america-2026-indianpolis-8-hour@motorsport-calendar-FP1,GT,GT World Challenge America,Entrenamiento,20261008T230000Z,20261009T000000Z,"Indianapolis Motor Speedway\, United States of America",Reminder,
igtc-2026-Indianapolis%208%20Hour@motorsport-calendar-FP1,GT,IGTC,Entrenamiento,20261008T230000Z,20261009T000000Z,"Indianapolis 8 Hour\, United States of America",Reminder,
moto3-2026-877c27e8-70e0-4847-bacf-2290d7cc903c@motorsport-calendar-FP,Motos,Moto3,Entrenamiento,20261009T010000Z,20261009T013500Z,"Pertamina Mandalika International Circuit\, Indonesia",Reminder,
moto2-2026-877c27e8-70e0-4847-bacf-2290d7cc903c@motorsport-calendar-FP,Motos,Moto2,Entrenamiento,20261009T015000Z,20261009T023000Z,"Pertamina Mandalika International Circuit\, Indonesia",Reminder,
motogp-2026-877c27e8-70e0-4847-bacf-2290d7cc903c@motorsport-calendar-F,Motos,MotoGP,Entrenamiento,20261009T024500Z,20261009T033000Z,"Pertamina Mandalika International Circuit\, Indonesia",Reminder,
moto3-2026-877c27e8-70e0-4847-bacf-2290d7cc903c@motorsport-calendar-FP,Motos,Moto3,Entrenamiento,20261009T051500Z,20261009T055000Z,"Pertamina Mandalika International Circuit\, Indonesia",Reminder,
moto2-2026-877c27e8-70e0-4847-bacf-2290d7cc903c@motorsport-calendar-FP,Motos,Moto2,Entrenamiento,20261009T060500Z,20261009T064500Z,"Pertamina Mandalika International Circuit\, Indonesia",Reminder,
motogp-2026-877c27e8-70e0-4847-bacf-2290d7cc903c@motorsport-calendar-F,Motos,MotoGP,Entrenamiento,20261009T070000Z,20261009T080000Z,"Pertamina Mandalika International Circuit\, Indonesia",Reminder,
elms-2026-6@motorsport-calendar-FP2,Endurance,ELMS,Entrenamiento,20261009T081500Z,20261009T093000Z,"Autódromo Internacional do Algarve\, Portugal",Reminder,
openf1-meeting-1296@motorsport-calendar-FP1,Fórmula,F1,Entrenamiento,20261009T083000Z,20261009T093000Z,"Singapore\, Singapore",Reminder,
mlmc-2026-6@motorsport-calendar-QUALIFYING,Endurance,Le Mans Cup,Clasificación,20261009T095500Z,20261009T111000Z,"Autódromo Internacional do Algarve\, Portugal",Reminder,
openf1-meeting-1296@motorsport-calendar-SPRINT_QUALIFYING,Fórmula,F1,Sprint,20261009T123000Z,20261009T131400Z,"Singapore\, Singapore",Reminder,
elms-2026-6@motorsport-calendar-QUALIFYING,Endurance,ELMS,Clasificación,20261009T131500Z,20261009T145500Z,"Autódromo Internacional do Algarve\, Portugal",Reminder,
gtwc-america-2026-indianpolis-8-hour@motorsport-calendar-QUALIFYING,GT,GT World Challenge America,Clasificación,20261009T193500Z,20261009T212000Z,"Indianapolis Motor Speedway\, United States of America",Reminder,
igtc-2026-Indianapolis%208%20Hour@motorsport-calendar-QUALIFYING,GT,IGTC,Clasificación,20261009T193500Z,20261009T212000Z,"Indianapolis 8 Hour\, United States of America",Reminder,
moto3-2026-877c27e8-70e0-4847-bacf-2290d7cc903c@motorsport-calendar-FP,Motos,Moto3,Entrenamiento,20261010T004000Z,20261010T011000Z,"Pertamina Mandalika International Circuit\, Indonesia",Reminder,
moto2-2026-877c27e8-70e0-4847-bacf-2290d7cc903c@motorsport-calendar-FP,Motos,Moto2,Entrenamiento,20261010T012500Z,20261010T015500Z,"Pertamina Mandalika International Circuit\, Indonesia",Reminder,
motogp-2026-877c27e8-70e0-4847-bacf-2290d7cc903c@motorsport-calendar-F,Motos,MotoGP,Entrenamiento,20261010T021000Z,20261010T024000Z,"Pertamina Mandalika International Circuit\, Indonesia",Reminder,
motogp-2026-877c27e8-70e0-4847-bacf-2290d7cc903c@motorsport-calendar-Q,Motos,MotoGP,Clasificación,20261010T025000Z,20261010T033000Z,"Pertamina Mandalika International Circuit\, Indonesia",Reminder,
moto3-2026-877c27e8-70e0-4847-bacf-2290d7cc903c@motorsport-calendar-QU,Motos,Moto3,Clasificación,20261010T044500Z,20261010T052500Z,"Pertamina Mandalika International Circuit\, Indonesia",Reminder,
moto2-2026-877c27e8-70e0-4847-bacf-2290d7cc903c@motorsport-calendar-QU,Motos,Moto2,Clasificación,20261010T054000Z,20261010T062000Z,"Pertamina Mandalika International Circuit\, Indonesia",Reminder,
motogp-2026-877c27e8-70e0-4847-bacf-2290d7cc903c@motorsport-calendar-S,Motos,MotoGP,Sprint,20261010T070000Z,20261010T073000Z,"Pertamina Mandalika International Circuit\, Indonesia",Reminder,
mlmc-2026-6@motorsport-calendar-RACE,Endurance,Le Mans Cup,Carrera,20261010T073000Z,20261010T093000Z,"Autódromo Internacional do Algarve\, Portugal",Reminder,alta
tc2000-2026-09-2026-10-10-0835-shakedown-todos-juntos,Argentina,TC2000,Shakedown,20261010T083500,20261010T084500,La Pampa,"Shakedown (todos juntos)
Fecha 9
Fuente oficial: https://www.tc2000.com.ar/",
openf1-meeting-1296@motorsport-calendar-SPRINT,Fórmula,F1,Sprint,20261010T090000Z,20261010T100000Z,"Singapore\, Singapore",Reminder,
tc2000-2026-09-2026-10-10-0935-practica-oficial-1-grupo-libre-eleccidn,Argentina,TC2000,Práctica,20261010T093500,20261010T095500,La Pampa,"Practica oficial 1 (grupo libre eleccidn)
Fecha 9
Fuente oficial: https://www.tc2000.com.ar/",
tc2000-2026-09-2026-10-10-1000-practica-oficial-1-grupo-libre-eleccidn,Argentina,TC2000,Práctica,20261010T100000,20261010T102000,La Pampa,"Practica oficial 1 (grupo libre eleccidn)
Fecha 9
Fuente oficial: https://www.tc2000.com.ar/",
tc2000-2026-09-2026-10-10-1120-practica-oficial-2-grupo-libre-eleccidn,Argentina,TC2000,Práctica,20261010T112000,20261010T114000,La Pampa,"Practica oficial 2 (grupo libre eleccidn)
Fecha 9
Fuente oficial: https://www.tc2000.com.ar/",
tc2000-2026-09-2026-10-10-1145-practica-oficial-2-grupo-libre-eleccidn,Argentina,TC2000,Práctica,20261010T114500,20261010T120500,La Pampa,"Practica oficial 2 (grupo libre eleccidn)
Fecha 9
Fuente oficial: https://www.tc2000.com.ar/",
elms-2026-6@motorsport-calendar-RACE,Endurance,ELMS,Carrera,20261010T123000Z,20261010T163000Z,"Autódromo Internacional do Algarve\, Portugal",Reminder,
openf1-meeting-1296@motorsport-calendar-QUALIFYING,Fórmula,F1,Clasificación,20261010T130000Z,20261010T140000Z,"Singapore\, Singapore",Reminder,
tc2000-2026-09-2026-10-10-1547-clasificacidn-q1-todos-juntos,Argentina,TC2000,Clasificación,20261010T154700,20261010T160500,La Pampa,"Clasificacidn Q1 todos juntos
Fecha 9
Fuente oficial: https://www.tc2000.com.ar/",
tc2000-2026-09-2026-10-10-1610-clasificaci6n-q2-10-mejores,Argentina,TC2000,Clasificación,20261010T161000,20261010T162000,La Pampa,"Clasificaci6n Q2 (10 mejores)
Fecha 9
Fuente oficial: https://www.tc2000.com.ar/",
gtwc-america-2026-indianpolis-8-hour@motorsport-calendar-RACE,GT,GT World Challenge America,Carrera,20261010T163000Z,20261011T003000Z,"Indianapolis Motor Speedway\, United States of America",Reminder,
igtc-2026-Indianapolis%208%20Hour@motorsport-calendar-RACE,GT,IGTC,Carrera,20261010T163000Z,20261011T123000Z,"Indianapolis 8 Hour\, United States of America",Reminder,
moto3-2026-877c27e8-70e0-4847-bacf-2290d7cc903c@motorsport-calendar-RA,Motos,Moto3,Carrera,20261011T040000Z,20261011T043500Z,"Pertamina Mandalika International Circuit\, Indonesia",Reminder,
moto2-2026-877c27e8-70e0-4847-bacf-2290d7cc903c@motorsport-calendar-RA,Motos,Moto2,Carrera,20261011T051500Z,20261011T055500Z,"Pertamina Mandalika International Circuit\, Indonesia",Reminder,
motogp-2026-877c27e8-70e0-4847-bacf-2290d7cc903c@motorsport-calendar-R,Motos,MotoGP,Evento,20261011T070000Z,20261011T074500Z,"Pertamina Mandalika International Circuit\, Indonesia",Reminder,
tc2000-2026-09-2026-10-11-1035-warm-up,Argentina,TC2000,Warm-Up,20261011T103500,20261011T104500,La Pampa,"Warm -up
Fecha 9
Fuente oficial: https://www.tc2000.com.ar/",
openf1-meeting-1296@motorsport-calendar-RACE,Fórmula,F1,Carrera,20261011T120000Z,20261011T140000Z,"Singapore\, Singapore",Reminder,alta
tc2000-2026-09-2026-10-11-1240-grid-show,Argentina,TC2000,Grid,20261011T124000,20261011T125500,La Pampa,"Grid Show
Fecha 9
Fuente oficial: https://www.tc2000.com.ar/",
tc2000-2026-09-2026-10-11-1300-carrera-final-1-vuelta,Argentina,TC2000,Carrera,20261011T130000,20261011T134000,La Pampa,"Carrera final - + 1 vuelta
Fecha 9
Fuente oficial: https://www.tc2000.com.ar/",alta
tc2000-2026-09-2026-10-11-1345-podio,Argentina,TC2000,Podio,20261011T134500,20261011T140000,La Pampa,"Podio
Fecha 9
Fuente oficial: https://www.tc2000.com.ar/",
gtwc-europe-2026-portimao@motorsport-calendar-FP1,GT,GT World Challenge Europe,Entrenamiento,20261016T074500Z,20261016T084500Z,"Autódromo Internacional do Algarve\, Portugal",Reminder,
wec-2026-7@motorsport-calendar-FP1,Endurance,WEC,Entrenamiento,20261016T093000Z,20261016T104500Z,"Barcelona\, Unknown",Reminder,
wec-2026-7@motorsport-calendar-FP2,Endurance,WEC,Entrenamiento,20261016T143000Z,20261016T154500Z,"Barcelona\, Unknown",Reminder,
gtwc-europe-2026-portimao@motorsport-calendar-QUALIFYING,GT,GT World Challenge Europe,Clasificación,20261016T165500Z,20261016T175500Z,"Autódromo Internacional do Algarve\, Portugal",Reminder,
wec-2026-7@motorsport-calendar-FP3,Endurance,WEC,Entrenamiento,20261017T065000Z,20261017T115500Z,"Barcelona\, Unknown",Reminder,
wec-2026-7@motorsport-calendar-QUALIFYING,Endurance,WEC,Clasificación,20261017T095000Z,20261017T140500Z,"Barcelona\, Unknown",Reminder,
wec-2026-7@motorsport-calendar-HYPERPOLE,Endurance,WEC,Evento,20261017T101000Z,20261017T142000Z,"Barcelona\, Unknown",Reminder,
gtwc-europe-2026-portimao@motorsport-calendar-RACE,GT,GT World Challenge Europe,Carrera,20261017T160000Z,20261017T173000Z,"Autódromo Internacional do Algarve\, Portugal",Reminder,
wec-2026-7@motorsport-calendar-RACE,Endurance,WEC,Carrera,20261018T100000Z,20261018T160000Z,"Barcelona\, Unknown",Reminder,alta
f1calendar-f1-academy-2026-5@motorsport-calendar-FP1,Fórmula,F1 Academy,Entrenamiento,20261022T060000Z,20261022T064500Z,"United States\, USA",Reminder,
f1calendar-f1-academy-2026-5@motorsport-calendar-QUALIFYING,Fórmula,F1 Academy,Clasificación,20261022T070000Z,20261022T073000Z,"United States\, USA",Reminder,
moto3-2026-66961f05-2454-4455-9d65-f99c49d25b17@motorsport-calendar-FP,Motos,Moto3,Entrenamiento,20261022T220000Z,20261022T223500Z,"Phillip Island\, Australia",Reminder,
moto2-2026-66961f05-2454-4455-9d65-f99c49d25b17@motorsport-calendar-FP,Motos,Moto2,Entrenamiento,20261022T225000Z,20261022T233000Z,"Phillip Island\, Australia",Reminder,
motogp-2026-66961f05-2454-4455-9d65-f99c49d25b17@motorsport-calendar-F,Motos,MotoGP,Entrenamiento,20261022T234500Z,20261023T003000Z,"Phillip Island\, Australia",Reminder,
moto3-2026-66961f05-2454-4455-9d65-f99c49d25b17@motorsport-calendar-FP,Motos,Moto3,Entrenamiento,20261023T021500Z,20261023T025000Z,"Phillip Island\, Australia",Reminder,
moto2-2026-66961f05-2454-4455-9d65-f99c49d25b17@motorsport-calendar-FP,Motos,Moto2,Entrenamiento,20261023T030500Z,20261023T034500Z,"Phillip Island\, Australia",Reminder,
motogp-2026-66961f05-2454-4455-9d65-f99c49d25b17@motorsport-calendar-F,Motos,MotoGP,Entrenamiento,20261023T040000Z,20261023T050000Z,"Phillip Island\, Australia",Reminder,
openf1-meeting-1297@motorsport-calendar-FP1,Fórmula,F1,Entrenamiento,20261023T173000Z,20261023T183000Z,"Austin\, United States",Reminder,
openf1-meeting-1297@motorsport-calendar-FP2,Fórmula,F1,Entrenamiento,20261023T210000Z,20261023T220000Z,"Austin\, United States",Reminder,
moto3-2026-66961f05-2454-4455-9d65-f99c49d25b17@motorsport-calendar-FP,Motos,Moto3,Entrenamiento,20261023T214000Z,20261023T221000Z,"Phillip Island\, Australia",Reminder,
moto2-2026-66961f05-2454-4455-9d65-f99c49d25b17@motorsport-calendar-FP,Motos,Moto2,Entrenamiento,20261023T222500Z,20261023T225500Z,"Phillip Island\, Australia",Reminder,
motogp-2026-66961f05-2454-4455-9d65-f99c49d25b17@motorsport-calendar-F,Motos,MotoGP,Entrenamiento,20261023T231000Z,20261023T234000Z,"Phillip Island\, Australia",Reminder,
motogp-2026-66961f05-2454-4455-9d65-f99c49d25b17@motorsport-calendar-Q,Motos,MotoGP,Clasificación,20261023T235000Z,20261024T003000Z,"Phillip Island\, Australia",Reminder,
moto3-2026-66961f05-2454-4455-9d65-f99c49d25b17@motorsport-calendar-QU,Motos,Moto3,Clasificación,20261024T014500Z,20261024T022500Z,"Phillip Island\, Australia",Reminder,
moto2-2026-66961f05-2454-4455-9d65-f99c49d25b17@motorsport-calendar-QU,Motos,Moto2,Clasificación,20261024T024000Z,20261024T032000Z,"Phillip Island\, Australia",Reminder,
motogp-2026-66961f05-2454-4455-9d65-f99c49d25b17@motorsport-calendar-S,Motos,MotoGP,Sprint,20261024T040000Z,20261024T043000Z,"Phillip Island\, Australia",Reminder,
f1calendar-f1-academy-2026-5@motorsport-calendar-SPRINT,Fórmula,F1 Academy,Carrera,20261024T130000Z,20261024T133000Z,"United States\, USA",Reminder,
openf1-meeting-1297@motorsport-calendar-FP3,Fórmula,F1,Entrenamiento,20261024T173000Z,20261024T183000Z,"Austin\, United States",Reminder,
openf1-meeting-1297@motorsport-calendar-QUALIFYING,Fórmula,F1,Clasificación,20261024T210000Z,20261024T220000Z,"Austin\, United States",Reminder,
moto3-2026-66961f05-2454-4455-9d65-f99c49d25b17@motorsport-calendar-RA,Motos,Moto3,Carrera,20261025T000000Z,20261025T003500Z,"Phillip Island\, Australia",Reminder,
moto2-2026-66961f05-2454-4455-9d65-f99c49d25b17@motorsport-calendar-RA,Motos,Moto2,Carrera,20261025T011500Z,20261025T015500Z,"Phillip Island\, Australia",Reminder,
motogp-2026-66961f05-2454-4455-9d65-f99c49d25b17@motorsport-calendar-R,Motos,MotoGP,Evento,20261025T030000Z,20261025T034500Z,"Phillip Island\, Australia",Reminder,
f1calendar-f1-academy-2026-5@motorsport-calendar-FP3,Fórmula,F1 Academy,Carrera,20261025T060000Z,20261025T063000Z,"United States\, USA",Reminder,
openf1-meeting-1297@motorsport-calendar-RACE,Fórmula,F1,Carrera,20261025T200000Z,20261025T220000Z,"Austin\, United States",Reminder,alta
moto3-2026-d1aedfce-d7c8-4d4a-9532-99c82547baad@motorsport-calendar-FP,Motos,Moto3,Entrenamiento,20261030T010000Z,20261030T013500Z,"Petronas Sepang International Circuit\, Malaysia",Reminder,
moto2-2026-d1aedfce-d7c8-4d4a-9532-99c82547baad@motorsport-calendar-FP,Motos,Moto2,Entrenamiento,20261030T015000Z,20261030T023000Z,"Petronas Sepang International Circuit\, Malaysia",Reminder,
gtwc-asia-2026-shanghai-international-circuit@motorsport-calendar-FP1,GT,GT World Challenge Asia,Entrenamiento,20261030T023800Z,20261030T033800Z,"Shanghai International Circuit\, China",Reminder,
motogp-2026-d1aedfce-d7c8-4d4a-9532-99c82547baad@motorsport-calendar-F,Motos,MotoGP,Entrenamiento,20261030T024500Z,20261030T033000Z,"Petronas Sepang International Circuit\, Malaysia",Reminder,
gtwc-asia-2026-shanghai-international-circuit@motorsport-calendar-FP2,GT,GT World Challenge Asia,Evento,20261030T034500Z,20261030T044500Z,"Shanghai International Circuit\, China",Reminder,
moto3-2026-d1aedfce-d7c8-4d4a-9532-99c82547baad@motorsport-calendar-FP,Motos,Moto3,Entrenamiento,20261030T051500Z,20261030T055000Z,"Petronas Sepang International Circuit\, Malaysia",Reminder,
moto2-2026-d1aedfce-d7c8-4d4a-9532-99c82547baad@motorsport-calendar-FP,Motos,Moto2,Entrenamiento,20261030T060500Z,20261030T064500Z,"Petronas Sepang International Circuit\, Malaysia",Reminder,
motogp-2026-d1aedfce-d7c8-4d4a-9532-99c82547baad@motorsport-calendar-F,Motos,MotoGP,Entrenamiento,20261030T070000Z,20261030T080000Z,"Petronas Sepang International Circuit\, Malaysia",Reminder,
openf1-meeting-1298@motorsport-calendar-FP1,Fórmula,F1,Entrenamiento,20261030T183000Z,20261030T193000Z,"Mexico City\, Mexico",Reminder,
openf1-meeting-1298@motorsport-calendar-FP2,Fórmula,F1,Entrenamiento,20261030T220000Z,20261030T230000Z,"Mexico City\, Mexico",Reminder,
moto3-2026-d1aedfce-d7c8-4d4a-9532-99c82547baad@motorsport-calendar-FP,Motos,Moto3,Entrenamiento,20261031T004000Z,20261031T011000Z,"Petronas Sepang International Circuit\, Malaysia",Reminder,
moto2-2026-d1aedfce-d7c8-4d4a-9532-99c82547baad@motorsport-calendar-FP,Motos,Moto2,Entrenamiento,20261031T012500Z,20261031T015500Z,"Petronas Sepang International Circuit\, Malaysia",Reminder,
gtwc-asia-2026-shanghai-international-circuit@motorsport-calendar-SPRI,GT,GT World Challenge Asia,Clasificación,20261031T013500Z,20261031T025700Z,"Shanghai International Circuit\, China",Reminder,
motogp-2026-d1aedfce-d7c8-4d4a-9532-99c82547baad@motorsport-calendar-F,Motos,MotoGP,Entrenamiento,20261031T021000Z,20261031T024000Z,"Petronas Sepang International Circuit\, Malaysia",Reminder,
motogp-2026-d1aedfce-d7c8-4d4a-9532-99c82547baad@motorsport-calendar-Q,Motos,MotoGP,Clasificación,20261031T025000Z,20261031T033000Z,"Petronas Sepang International Circuit\, Malaysia",Reminder,
moto3-2026-d1aedfce-d7c8-4d4a-9532-99c82547baad@motorsport-calendar-QU,Motos,Moto3,Clasificación,20261031T044500Z,20261031T052500Z,"Petronas Sepang International Circuit\, Malaysia",Reminder,
gtwc-asia-2026-shanghai-international-circuit@motorsport-calendar-SPRI,GT,GT World Challenge Asia,Carrera,20261031T045000Z,20261031T055000Z,"Shanghai International Circuit\, China",Reminder,
moto2-2026-d1aedfce-d7c8-4d4a-9532-99c82547baad@motorsport-calendar-QU,Motos,Moto2,Clasificación,20261031T054000Z,20261031T062000Z,"Petronas Sepang International Circuit\, Malaysia",Reminder,
motogp-2026-d1aedfce-d7c8-4d4a-9532-99c82547baad@motorsport-calendar-S,Motos,MotoGP,Sprint,20261031T070000Z,20261031T073000Z,"Petronas Sepang International Circuit\, Malaysia",Reminder,
openf1-meeting-1298@motorsport-calendar-FP3,Fórmula,F1,Entrenamiento,20261031T173000Z,20261031T183000Z,"Mexico City\, Mexico",Reminder,
openf1-meeting-1298@motorsport-calendar-QUALIFYING,Fórmula,F1,Clasificación,20261031T210000Z,20261031T220000Z,"Mexico City\, Mexico",Reminder,
moto3-2026-d1aedfce-d7c8-4d4a-9532-99c82547baad@motorsport-calendar-RA,Motos,Moto3,Carrera,20261101T030000Z,20261101T033500Z,"Petronas Sepang International Circuit\, Malaysia",Reminder,
gtwc-asia-2026-shanghai-international-circuit@motorsport-calendar-RACE,GT,GT World Challenge Asia,Carrera,20261101T050500Z,20261101T063500Z,"Shanghai International Circuit\, China",Reminder,
moto2-2026-d1aedfce-d7c8-4d4a-9532-99c82547baad@motorsport-calendar-RA,Motos,Moto2,Carrera,20261101T051500Z,20261101T055500Z,"Petronas Sepang International Circuit\, Malaysia",Reminder,
motogp-2026-d1aedfce-d7c8-4d4a-9532-99c82547baad@motorsport-calendar-R,Motos,MotoGP,Evento,20261101T070000Z,20261101T074500Z,"Petronas Sepang International Circuit\, Malaysia",Reminder,
openf1-meeting-1298@motorsport-calendar-RACE,Fórmula,F1,Carrera,20261101T200000Z,20261101T220000Z,"Mexico City\, Mexico",Reminder,alta
wec-2026-8@motorsport-calendar-FP1,Endurance,WEC,Entrenamiento,20261106T093000Z,20261106T104500Z,"Monza\, Italy",Reminder,
moto3-2026-3f3d3f5e-851c-42d2-887a-8ce8b41fa908@motorsport-calendar-FP,Motos,Moto3,Entrenamiento,20261106T110000Z,20261106T113500Z,"Lusail International Circuit\, Qatar",Reminder,
moto2-2026-3f3d3f5e-851c-42d2-887a-8ce8b41fa908@motorsport-calendar-FP,Motos,Moto2,Entrenamiento,20261106T115000Z,20261106T123000Z,"Lusail International Circuit\, Qatar",Reminder,
motogp-2026-3f3d3f5e-851c-42d2-887a-8ce8b41fa908@motorsport-calendar-F,Motos,MotoGP,Entrenamiento,20261106T124500Z,20261106T133000Z,"Lusail International Circuit\, Qatar",Reminder,
wec-2026-8@motorsport-calendar-FP2,Endurance,WEC,Entrenamiento,20261106T133000Z,20261106T144500Z,"Monza\, Italy",Reminder,
moto3-2026-3f3d3f5e-851c-42d2-887a-8ce8b41fa908@motorsport-calendar-FP,Motos,Moto3,Entrenamiento,20261106T151500Z,20261106T155000Z,"Lusail International Circuit\, Qatar",Reminder,
openf1-meeting-1299@motorsport-calendar-FP1,Fórmula,F1,Entrenamiento,20261106T153000Z,20261106T163000Z,"Interlagos\, Brazil",Reminder,
moto2-2026-3f3d3f5e-851c-42d2-887a-8ce8b41fa908@motorsport-calendar-FP,Motos,Moto2,Entrenamiento,20261106T160500Z,20261106T164500Z,"Lusail International Circuit\, Qatar",Reminder,
motogp-2026-3f3d3f5e-851c-42d2-887a-8ce8b41fa908@motorsport-calendar-F,Motos,MotoGP,Entrenamiento,20261106T170000Z,20261106T180000Z,"Lusail International Circuit\, Qatar",Reminder,
openf1-meeting-1299@motorsport-calendar-FP2,Fórmula,F1,Entrenamiento,20261106T190000Z,20261106T200000Z,"Interlagos\, Brazil",Reminder,
wec-2026-8@motorsport-calendar-FP3,Endurance,WEC,Entrenamiento,20261107T093000Z,20261107T104500Z,"Monza\, Italy",Reminder,
moto3-2026-3f3d3f5e-851c-42d2-887a-8ce8b41fa908@motorsport-calendar-FP,Motos,Moto3,Entrenamiento,20261107T103000Z,20261107T110000Z,"Lusail International Circuit\, Qatar",Reminder,
moto2-2026-3f3d3f5e-851c-42d2-887a-8ce8b41fa908@motorsport-calendar-FP,Motos,Moto2,Entrenamiento,20261107T111500Z,20261107T114500Z,"Lusail International Circuit\, Qatar",Reminder,
motogp-2026-3f3d3f5e-851c-42d2-887a-8ce8b41fa908@motorsport-calendar-F,Motos,MotoGP,Entrenamiento,20261107T120000Z,20261107T123000Z,"Lusail International Circuit\, Qatar",Reminder,
motogp-2026-3f3d3f5e-851c-42d2-887a-8ce8b41fa908@motorsport-calendar-Q,Motos,MotoGP,Clasificación,20261107T124000Z,20261107T132000Z,"Lusail International Circuit\, Qatar",Reminder,
wec-2026-8@motorsport-calendar-QUALIFYING,Endurance,WEC,Clasificación,20261107T132000Z,20261107T142500Z,"Monza\, Italy",Reminder,
wec-2026-8@motorsport-calendar-HYPERPOLE,Endurance,WEC,Evento,20261107T134000Z,20261107T144000Z,"Monza\, Italy",Reminder,
openf1-meeting-1299@motorsport-calendar-FP3,Fórmula,F1,Entrenamiento,20261107T143000Z,20261107T153000Z,"Interlagos\, Brazil",Reminder,
moto3-2026-3f3d3f5e-851c-42d2-887a-8ce8b41fa908@motorsport-calendar-QU,Motos,Moto3,Clasificación,20261107T144500Z,20261107T152500Z,"Lusail International Circuit\, Qatar",Reminder,
moto2-2026-3f3d3f5e-851c-42d2-887a-8ce8b41fa908@motorsport-calendar-QU,Motos,Moto2,Clasificación,20261107T154000Z,20261107T162000Z,"Lusail International Circuit\, Qatar",Reminder,
motogp-2026-3f3d3f5e-851c-42d2-887a-8ce8b41fa908@motorsport-calendar-S,Motos,MotoGP,Sprint,20261107T170000Z,20261107T173000Z,"Lusail International Circuit\, Qatar",Reminder,
openf1-meeting-1299@motorsport-calendar-QUALIFYING,Fórmula,F1,Clasificación,20261107T180000Z,20261107T190000Z,"Interlagos\, Brazil",Reminder,
wec-2026-8@motorsport-calendar-RACE,Endurance,WEC,Carrera,20261108T100000Z,20261108T160000Z,"Monza\, Italy",Reminder,alta
moto3-2026-3f3d3f5e-851c-42d2-887a-8ce8b41fa908@motorsport-calendar-RA,Motos,Moto3,Carrera,20261108T140000Z,20261108T143500Z,"Lusail International Circuit\, Qatar",Reminder,
moto2-2026-3f3d3f5e-851c-42d2-887a-8ce8b41fa908@motorsport-calendar-RA,Motos,Moto2,Carrera,20261108T151500Z,20261108T155500Z,"Lusail International Circuit\, Qatar",Reminder,
motogp-2026-3f3d3f5e-851c-42d2-887a-8ce8b41fa908@motorsport-calendar-R,Motos,MotoGP,Evento,20261108T170000Z,20261108T174500Z,"Lusail International Circuit\, Qatar",Reminder,
openf1-meeting-1299@motorsport-calendar-RACE,Fórmula,F1,Carrera,20261108T170000Z,20261108T190000Z,"Interlagos\, Brazil",Reminder,alta
f1calendar-f1-academy-2026-6@motorsport-calendar-FP1,Fórmula,F1 Academy,Entrenamiento,20261119T080000Z,20261119T084500Z,"Las Vegas\, USA",Reminder,
f1calendar-f1-academy-2026-6@motorsport-calendar-QUALIFYING,Fórmula,F1 Academy,Clasificación,20261119T090000Z,20261119T093000Z,"Las Vegas\, USA",Reminder,
openf1-meeting-1300@motorsport-calendar-FP1,Fórmula,F1,Entrenamiento,20261120T003000Z,20261120T013000Z,"Las Vegas\, United States",Reminder,
openf1-meeting-1300@motorsport-calendar-FP2,Fórmula,F1,Entrenamiento,20261120T040000Z,20261120T050000Z,"Las Vegas\, United States",Reminder,
f1calendar-f1-academy-2026-6@motorsport-calendar-SPRINT,Fórmula,F1 Academy,Carrera,20261120T080000Z,20261120T083000Z,"Las Vegas\, USA",Reminder,
moto3-2026-c7f7626b-807f-4a6f-813e-7ad2c68302a3@motorsport-calendar-FP,Motos,Moto3,Entrenamiento,20261120T090000Z,20261120T093500Z,"Autódromo Internacional do Algarve\, Portugal",Reminder,
moto2-2026-c7f7626b-807f-4a6f-813e-7ad2c68302a3@motorsport-calendar-FP,Motos,Moto2,Entrenamiento,20261120T095000Z,20261120T103000Z,"Autódromo Internacional do Algarve\, Portugal",Reminder,
motogp-2026-c7f7626b-807f-4a6f-813e-7ad2c68302a3@motorsport-calendar-F,Motos,MotoGP,Entrenamiento,20261120T104500Z,20261120T113000Z,"Autódromo Internacional do Algarve\, Portugal",Reminder,
moto3-2026-c7f7626b-807f-4a6f-813e-7ad2c68302a3@motorsport-calendar-FP,Motos,Moto3,Entrenamiento,20261120T131500Z,20261120T135000Z,"Autódromo Internacional do Algarve\, Portugal",Reminder,
moto2-2026-c7f7626b-807f-4a6f-813e-7ad2c68302a3@motorsport-calendar-FP,Motos,Moto2,Entrenamiento,20261120T140500Z,20261120T144500Z,"Autódromo Internacional do Algarve\, Portugal",Reminder,
motogp-2026-c7f7626b-807f-4a6f-813e-7ad2c68302a3@motorsport-calendar-F,Motos,MotoGP,Entrenamiento,20261120T150000Z,20261120T160000Z,"Autódromo Internacional do Algarve\, Portugal",Reminder,
openf1-meeting-1300@motorsport-calendar-FP3,Fórmula,F1,Entrenamiento,20261121T003000Z,20261121T013000Z,"Las Vegas\, United States",Reminder,
openf1-meeting-1300@motorsport-calendar-QUALIFYING,Fórmula,F1,Clasificación,20261121T040000Z,20261121T050000Z,"Las Vegas\, United States",Reminder,
f1calendar-f1-academy-2026-6@motorsport-calendar-FP3,Fórmula,F1 Academy,Carrera,20261121T080000Z,20261121T083000Z,"Las Vegas\, USA",Reminder,
moto3-2026-c7f7626b-807f-4a6f-813e-7ad2c68302a3@motorsport-calendar-FP,Motos,Moto3,Entrenamiento,20261121T084000Z,20261121T091000Z,"Autódromo Internacional do Algarve\, Portugal",Reminder,
moto2-2026-c7f7626b-807f-4a6f-813e-7ad2c68302a3@motorsport-calendar-FP,Motos,Moto2,Entrenamiento,20261121T092500Z,20261121T095500Z,"Autódromo Internacional do Algarve\, Portugal",Reminder,
motogp-2026-c7f7626b-807f-4a6f-813e-7ad2c68302a3@motorsport-calendar-F,Motos,MotoGP,Entrenamiento,20261121T101000Z,20261121T104000Z,"Autódromo Internacional do Algarve\, Portugal",Reminder,
motogp-2026-c7f7626b-807f-4a6f-813e-7ad2c68302a3@motorsport-calendar-Q,Motos,MotoGP,Clasificación,20261121T105000Z,20261121T113000Z,"Autódromo Internacional do Algarve\, Portugal",Reminder,
moto3-2026-c7f7626b-807f-4a6f-813e-7ad2c68302a3@motorsport-calendar-QU,Motos,Moto3,Clasificación,20261121T124500Z,20261121T132500Z,"Autódromo Internacional do Algarve\, Portugal",Reminder,
moto2-2026-c7f7626b-807f-4a6f-813e-7ad2c68302a3@motorsport-calendar-QU,Motos,Moto2,Clasificación,20261121T134000Z,20261121T142000Z,"Autódromo Internacional do Algarve\, Portugal",Reminder,
motogp-2026-c7f7626b-807f-4a6f-813e-7ad2c68302a3@motorsport-calendar-S,Motos,MotoGP,Sprint,20261121T150000Z,20261121T153000Z,"Autódromo Internacional do Algarve\, Portugal",Reminder,
openf1-meeting-1300@motorsport-calendar-RACE,Fórmula,F1,Carrera,20261122T040000Z,20261122T060000Z,"Las Vegas\, United States",Reminder,alta
moto2-2026-c7f7626b-807f-4a6f-813e-7ad2c68302a3@motorsport-calendar-RA,Motos,Moto2,Carrera,20261122T111500Z,20261122T115500Z,"Autódromo Internacional do Algarve\, Portugal",Reminder,
motogp-2026-c7f7626b-807f-4a6f-813e-7ad2c68302a3@motorsport-calendar-R,Motos,MotoGP,Evento,20261122T130000Z,20261122T134500Z,"Autódromo Internacional do Algarve\, Portugal",Reminder,
moto3-2026-c7f7626b-807f-4a6f-813e-7ad2c68302a3@motorsport-calendar-RA,Motos,Moto3,Carrera,20261122T143000Z,20261122T150500Z,"Autódromo Internacional do Algarve\, Portugal",Reminder,
moto3-2026-6ad2859f-51c4-459e-9714-338814e7537f@motorsport-calendar-FP,Motos,Moto3,Entrenamiento,20261127T080000Z,20261127T083500Z,"Circuit Ricardo Tormo\, Spain",Reminder,
moto2-2026-6ad2859f-51c4-459e-9714-338814e7537f@motorsport-calendar-FP,Motos,Moto2,Entrenamiento,20261127T085000Z,20261127T093000Z,"Circuit Ricardo Tormo\, Spain",Reminder,
f1calendar-f2-2026-13@motorsport-calendar-FP1,Fórmula,F2,Entrenamiento,20261127T090000Z,20261127T094500Z,"Qatar\, Unknown",Reminder,
motogp-2026-6ad2859f-51c4-459e-9714-338814e7537f@motorsport-calendar-F,Motos,MotoGP,Entrenamiento,20261127T094500Z,20261127T103000Z,"Circuit Ricardo Tormo\, Spain",Reminder,
moto3-2026-6ad2859f-51c4-459e-9714-338814e7537f@motorsport-calendar-FP,Motos,Moto3,Entrenamiento,20261127T121500Z,20261127T125000Z,"Circuit Ricardo Tormo\, Spain",Reminder,
f1calendar-f2-2026-13@motorsport-calendar-QUALIFYING,Fórmula,F2,Clasificación,20261127T130000Z,20261127T133000Z,"Qatar\, Unknown",Reminder,
moto2-2026-6ad2859f-51c4-459e-9714-338814e7537f@motorsport-calendar-FP,Motos,Moto2,Entrenamiento,20261127T130500Z,20261127T134500Z,"Circuit Ricardo Tormo\, Spain",Reminder,
openf1-meeting-1301@motorsport-calendar-FP1,Fórmula,F1,Entrenamiento,20261127T133000Z,20261127T143000Z,"Lusail\, Qatar",Reminder,
motogp-2026-6ad2859f-51c4-459e-9714-338814e7537f@motorsport-calendar-F,Motos,MotoGP,Entrenamiento,20261127T140000Z,20261127T150000Z,"Circuit Ricardo Tormo\, Spain",Reminder,
openf1-meeting-1301@motorsport-calendar-FP2,Fórmula,F1,Entrenamiento,20261127T170000Z,20261127T180000Z,"Lusail\, Qatar",Reminder,
moto3-2026-6ad2859f-51c4-459e-9714-338814e7537f@motorsport-calendar-FP,Motos,Moto3,Entrenamiento,20261128T074000Z,20261128T081000Z,"Circuit Ricardo Tormo\, Spain",Reminder,
moto2-2026-6ad2859f-51c4-459e-9714-338814e7537f@motorsport-calendar-FP,Motos,Moto2,Entrenamiento,20261128T082500Z,20261128T085500Z,"Circuit Ricardo Tormo\, Spain",Reminder,
motogp-2026-6ad2859f-51c4-459e-9714-338814e7537f@motorsport-calendar-F,Motos,MotoGP,Entrenamiento,20261128T091000Z,20261128T094000Z,"Circuit Ricardo Tormo\, Spain",Reminder,
motogp-2026-6ad2859f-51c4-459e-9714-338814e7537f@motorsport-calendar-Q,Motos,MotoGP,Clasificación,20261128T095000Z,20261128T103000Z,"Circuit Ricardo Tormo\, Spain",Reminder,
f1calendar-f2-2026-13@motorsport-calendar-SPRINT,Fórmula,F2,Sprint,20261128T100000Z,20261128T104500Z,"Qatar\, Unknown",Reminder,
moto3-2026-6ad2859f-51c4-459e-9714-338814e7537f@motorsport-calendar-QU,Motos,Moto3,Clasificación,20261128T114500Z,20261128T122500Z,"Circuit Ricardo Tormo\, Spain",Reminder,
moto2-2026-6ad2859f-51c4-459e-9714-338814e7537f@motorsport-calendar-QU,Motos,Moto2,Clasificación,20261128T124000Z,20261128T132000Z,"Circuit Ricardo Tormo\, Spain",Reminder,
motogp-2026-6ad2859f-51c4-459e-9714-338814e7537f@motorsport-calendar-S,Motos,MotoGP,Sprint,20261128T140000Z,20261128T143000Z,"Circuit Ricardo Tormo\, Spain",Reminder,
openf1-meeting-1301@motorsport-calendar-FP3,Fórmula,F1,Entrenamiento,20261128T143000Z,20261128T153000Z,"Lusail\, Qatar",Reminder,
openf1-meeting-1301@motorsport-calendar-QUALIFYING,Fórmula,F1,Clasificación,20261128T180000Z,20261128T190000Z,"Lusail\, Qatar",Reminder,
f1calendar-f2-2026-13@motorsport-calendar-RACE,Fórmula,F2,Carrera,20261129T090000Z,20261129T100500Z,"Qatar\, Unknown",Reminder,
moto3-2026-6ad2859f-51c4-459e-9714-338814e7537f@motorsport-calendar-RA,Motos,Moto3,Carrera,20261129T100000Z,20261129T103500Z,"Circuit Ricardo Tormo\, Spain",Reminder,
moto2-2026-6ad2859f-51c4-459e-9714-338814e7537f@motorsport-calendar-RA,Motos,Moto2,Carrera,20261129T111500Z,20261129T115500Z,"Circuit Ricardo Tormo\, Spain",Reminder,
motogp-2026-6ad2859f-51c4-459e-9714-338814e7537f@motorsport-calendar-R,Motos,MotoGP,Evento,20261129T130000Z,20261129T134500Z,"Circuit Ricardo Tormo\, Spain",Reminder,
openf1-meeting-1301@motorsport-calendar-RACE,Fórmula,F1,Carrera,20261129T160000Z,20261129T180000Z,"Lusail\, Qatar",Reminder,alta
f1calendar-f2-2026-14@motorsport-calendar-FP1,Fórmula,F2,Entrenamiento,20261204T075500Z,20261204T084000Z,"Abu Dhabi\, Unknown",Reminder,
openf1-meeting-1302@motorsport-calendar-FP1,Fórmula,F1,Entrenamiento,20261204T093000Z,20261204T103000Z,"Yas Marina Circuit\, United Arab Emirates",Reminder,
f1calendar-f2-2026-14@motorsport-calendar-QUALIFYING,Fórmula,F2,Clasificación,20261204T115500Z,20261204T122500Z,"Abu Dhabi\, Unknown",Reminder,
openf1-meeting-1302@motorsport-calendar-FP2,Fórmula,F1,Entrenamiento,20261204T130000Z,20261204T140000Z,"Yas Marina Circuit\, United Arab Emirates",Reminder,
f1calendar-f2-2026-14@motorsport-calendar-SPRINT,Fórmula,F2,Sprint,20261205T063500Z,20261205T072000Z,"Abu Dhabi\, Unknown",Reminder,
openf1-meeting-1302@motorsport-calendar-FP3,Fórmula,F1,Entrenamiento,20261205T103000Z,20261205T113000Z,"Yas Marina Circuit\, United Arab Emirates",Reminder,
openf1-meeting-1302@motorsport-calendar-QUALIFYING,Fórmula,F1,Clasificación,20261205T140000Z,20261205T150000Z,"Yas Marina Circuit\, United Arab Emirates",Reminder,
f1calendar-f2-2026-14@motorsport-calendar-RACE,Fórmula,F2,Carrera,20261206T064000Z,20261206T074500Z,"Abu Dhabi\, Unknown",Reminder,
openf1-meeting-1302@motorsport-calendar-RACE,Fórmula,F1,Carrera,20261206T130000Z,20261206T150000Z,"Yas Marina Circuit\, United Arab Emirates",Reminder,alta
